,path,actions,distance,cost,mean_distance,end_message,time,sqrt(trajectory MSE),distance_to_target,mean_distance_in_trajectory,k_value
0,"[[57.56720433 -7.22724906]
 [52.97141912 -5.86504825]
 [45.33442232 -3.43275224]
 [36.49229761 -1.43555898]
 [27.68132929 -0.26622513]
 [19.16609184  0.48764741]
 [11.37422432  0.95602295]
 [ 4.8171232   0.92910466]
 [ 0.71253106  0.58101343]
 [ 0.          0.3423146 ]]",[[0 0]],,0,,End,0.5555117130279541,1.020949878672892,0.3423145961668356,0.5535101803544628,0.12554455522362934
1,"[[ 48.8112156  -17.34657703]
 [ 43.19144274 -15.40260734]
 [ 35.25608167 -10.02079959]
 [ 24.26113362  -3.45527147]
 [ 10.76071741   1.25599117]
 [  0.54290944   1.05210773]
 [  0.           0.11505734]]",[[0 0]],,0,,End,0.342085599899292,0.8710568529732227,0.11505733665394233,0.46177007675082926,0.3553809676716553
2,"[[65.45650919 -5.4304923 ]
 [61.49562253 -4.40614117]
 [54.43731359 -3.09683734]
 [47.52799413 -2.97749388]
 [41.90910279 -3.22654912]
 [36.71457468 -2.91632929]
 [31.23811031 -2.01692943]
 [24.97701895 -0.91742308]
 [17.96728097  0.1517965 ]
 [10.75422481  0.92704034]
 [ 4.38260859  1.13583485]
 [ 0.          0.91842042]]",[[0 0]],,0,,End,0.567608118057251,2.024817931138626,0.9184204172734733,0.606085015321591,0.08296336554246952
3,"[[ 53.04666591 -11.1562719 ]
 [ 47.86521455  -9.40183758]
 [ 39.87841609  -5.50307403]
 [ 29.43250651  -1.27855526]
 [ 17.78884408   1.84935378]
 [  6.59019876   2.44417836]
 [  0.           0.80359116]]",[[0 0]],,0,,End,0.33011698722839355,1.4060773077162771,0.8035911592129609,1.1118713729029133,0.21031052019868204
4,"[[ 48.21493949 -19.80149066]
 [ 42.62200827 -17.91855328]
 [ 34.81579069 -12.25764636]
 [ 23.94038472  -4.92232287]
 [ 10.12942926   0.55821875]
 [  0.           0.75872399]]",[[0 0]],,0,,End,0.3141603469848633,1.0258384275476873,0.7587239900784752,0.7907702717167954,0.4106920150942067
5,"[[50.75547769 -7.99760356]
 [45.42332072 -6.45691125]
 [37.5909401  -3.37392616]
 [27.99407391 -0.32945592]
 [17.66684261  1.65967773]
 [ 7.83788123  2.00278762]
 [ 1.23581744  0.92178858]
 [ 0.          0.20256736]]",[[0 0]],,0,,End,0.3431408405303955,4.359885316658359,0.20256735961697486,2.3203225365196194,0.1575712400675246
6,"[[58.66248155 -8.4990958 ]
 [54.13192072 -7.01800906]
 [46.39193415 -4.23229414]
 [37.06200552 -1.73436045]
 [27.50269043 -0.1356939 ]
 [18.29341317  0.79151335]
 [10.09341702  1.15504804]
 [ 3.62590178  0.88726745]
 [ 0.          0.44233851]]",[[0 0]],,0,,End,0.5066418647766113,3.3255177915510203,0.44233851037433625,1.295906325429897,0.1448812865829709
7,"[[ 46.95093258 -15.29181362]
 [ 41.24384698 -13.29466419]
 [ 33.23392436  -8.10723902]
 [ 22.2194286   -2.13037955]
 [  9.06087815   1.64134172]
 [  0.           0.91518591]]",[[0 0]],,0,,End,0.32712292671203613,0.8927267130178458,0.9151859051713257,0.9713989052135403,0.3256977610373192
8,"[[71.17052662 -7.4272494 ]
 [67.27439116 -6.19602197]
 [60.11855188 -4.50691803]
 [52.71209432 -4.01550717]
 [46.39873903 -4.09320103]
 [40.66783447 -3.73643309]
 [34.84965349 -2.80997721]
 [28.45020875 -1.68376559]
 [21.34930098 -0.53865513]
 [13.78114995  0.44794479]
 [ 6.60844453  0.95662405]
 [ 1.11642683  0.88605145]
 [ 0.          0.69617775]]",[[0 0]],,0,,End,0.5573289394378662,1.8658955154822325,0.6961777495589048,0.5489466880679589,0.1043584999081229
9,"[[ 40.09831481 -11.82701211]
 [ 34.13480598  -9.77633573]
 [ 26.11865022  -5.01186991]
 [ 15.28267214  -0.2927268 ]
 [  3.78020078   1.34786511]
 [  0.           0.27319329]]",[[0 0]],,0,,End,0.23294568061828613,1.0204160807749028,0.2731932921519392,1.5575597756284636,0.2949503529715252
10,"[[ 5.12251332e+01 -2.08957409e+01]
 [ 4.57432307e+01 -1.91256205e+01]
 [ 3.80110402e+01 -1.36008015e+01]
 [ 2.72585725e+01 -6.18515514e+00]
 [ 1.35325576e+01  4.26757950e-02]
 [ 1.44569036e+00  1.09070854e+00]
 [ 0.00000000e+00  1.63908822e-01]]",[[0 0]],,0,,End,0.49619245529174805,1.5798373600085087,0.16390882234490464,0.9072532351887443,0.40791969828042013
11,"[[43.60367026 -6.82176218]
 [37.58187004 -5.33556897]
 [29.84359557 -2.31995051]
 [20.43676718  0.56409358]
 [10.17127847  1.91571807]
 [ 1.9803283   1.15843376]
 [ 0.          0.19802712]]",[[0 0]],,0,,End,0.2690422534942627,2.872005573217063,0.19802712109687,0.7476797497127948,0.15644926529183042
12,"[[ 75.17393365 -10.10590363]
 [ 71.0608041   -8.69662861]
 [ 63.63061959  -6.32463508]
 [ 55.17683887  -4.86750275]
 [ 47.38972155  -4.45319156]
 [ 40.42508063  -4.05332555]
 [ 33.68774741  -3.1343238 ]
 [ 26.51542729  -1.89370393]
 [ 18.73682383  -0.61592107]
 [ 10.88686861   0.33206894]
 [  4.10019927   0.62239072]
 [  0.           0.50200161]]",[[0 0]],,0,,End,0.5851271152496338,3.4987085620622436,0.5020016115904404,0.9580394613702428,0.1344336146769575
13,"[[ 77.96030811 -23.27528644]
 [ 73.1529957  -21.74726314]
 [ 65.49541648 -17.31938736]
 [ 54.44519357 -11.51857509]
 [ 41.45197674  -5.7527564 ]
 [ 28.41086477  -0.33632526]
 [ 15.09235935   3.09948989]
 [  2.95657547   2.29986391]
 [  0.           0.14149814]]",[[0 0]],,0,,End,0.40991973876953125,1.2553832031151104,0.14149813975471878,1.962256479854351,0.29855303302956815
14,"[[ 65.56259185 -16.18398431]
 [ 61.06557304 -14.49242379]
 [ 53.17250163 -10.25693215]
 [ 42.17358562  -5.25470773]
 [ 29.76520589  -0.67869633]
 [ 17.35452524   2.37476843]
 [  5.92402281   2.53305121]
 [  0.           0.63481488]]",[[0 0]],,0,,End,0.3620307445526123,0.7991591472836586,0.6348148824291793,0.8468889235174314,0.24684784197749662
15,"[[ 71.45203777 -20.82358624]
 [ 66.87052956 -19.23245916]
 [ 59.15279401 -14.7510053 ]
 [ 48.0210866   -9.01107589]
 [ 35.08827468  -3.28476029]
 [ 22.06127118   1.59627753]
 [  8.72791855   3.31309255]
 [  0.           1.07761363]]",[[0 0]],,0,,End,0.37898707389831543,3.172499149054253,1.0776136284246456,2.131043357794577,0.29143446274939283
16,"[[ 46.98926998 -17.95417894]
 [ 41.31957996 -15.982193  ]
 [ 33.40923536 -10.40854324]
 [ 22.3985149   -3.56587579]
 [  8.78655311   1.05856922]
 [  0.           0.716846  ]]",[[0 0]],,0,,End,0.2267303466796875,1.3137110396153888,0.7168459995384866,1.222751182769677,0.38209103795945987
17,"[[ 70.70856079 -21.55458905]
 [ 66.10158485 -19.98885059]
 [ 58.42646211 -15.43562383]
 [ 47.30546538  -9.48707247]
 [ 34.2835935   -3.47964953]
 [ 21.09294516   1.69706756]
 [  7.4214578    3.26411181]
 [  0.           0.81209689]]",[[0 0]],,0,,End,0.37696313858032227,1.4382779894965696,0.812096890746756,0.5155918965708395,0.3048370495559351
18,"[[ 56.00783059 -19.41922125]
 [ 50.76268704 -17.6634629 ]
 [ 42.94751747 -12.53122898]
 [ 32.01109445  -5.87018205]
 [ 18.73137682   0.18904704]
 [  5.05096505   2.18863999]
 [  0.           0.41469049]]",[[0 0]],,0,,End,0.27136898040771484,1.3400676324362375,0.4146904907295187,1.0266776205848982,0.34672332501742975
19,"[[ 55.85699558 -20.13360377]
 [ 50.5927143  -18.40401872]
 [ 42.8197505  -13.21262617]
 [ 31.93770434  -6.36319448]
 [ 18.59541603  -0.0910225 ]
 [  4.82284209   2.01802214]
 [  0.           0.3764674 ]]",[[0 0]],,0,,End,0.25400209426879883,0.7141867666555972,0.37646740474724294,0.7957089864574879,0.3604490997012912
20,"[[73.22663714 -9.77929325]
 [69.21018869 -8.37201913]
 [61.77023499 -6.0059318 ]
 [53.27988816 -4.52440541]
 [45.45625445 -4.06714516]
 [38.43146341 -3.64620808]
 [31.61562865 -2.72250609]
 [24.35002735 -1.48395902]
 [16.58856503 -0.26734576]
 [ 9.03958262  0.50863001]
 [ 2.85909796  0.63247637]
 [ 0.          0.50664224]]",[[0 0]],,0,,End,0.4743156433105469,3.0632041965568315,0.50664224233874,0.9166586907907986,0.13354830477763502
21,"[[ 69.81911015 -20.57107653]
 [ 65.23132517 -18.96988328]
 [ 57.50520004 -14.44504493]
 [ 46.36781258  -8.63796065]
 [ 33.41980622  -2.83024327]
 [ 20.31260617   1.98283906]
 [  6.96614871   3.19330768]
 [  0.           0.7625665 ]]",[[0 0]],,0,,End,0.3712785243988037,2.0672049556302645,0.762566502612627,0.9736793596998343,0.29463389732801565
22,"[[ 7.13659335e+01 -1.54951348e+01]
 [ 6.70549572e+01 -1.38632419e+01]
 [ 5.92100295e+01 -1.00115045e+01]
 [ 4.85272544e+01 -5.75932833e+00]
 [ 3.68057693e+01 -2.27985919e+00]
 [ 2.52135707e+01  6.77578521e-02]
 [ 1.47092076e+01  1.19532603e+00]
 [ 6.05065370e+00  1.07681927e+00]
 [ 8.66449415e-01  3.18908776e-01]
 [ 0.00000000e+00  6.87347939e-02]]",[[0 0]],,0,,End,0.5545146465301514,1.5102731060169252,0.06873479393634688,1.807922893586472,0.2171222885081335
23,"[[ 7.95972963e+01 -1.91355162e+01]
 [ 7.47387368e+01 -1.75124918e+01]
 [ 6.68923735e+01 -1.34376491e+01]
 [ 5.60757847e+01 -8.67289087e+00]
 [ 4.39931503e+01 -4.53717216e+00]
 [ 3.18186377e+01 -1.42128979e+00]
 [ 2.04184732e+01  4.27300382e-01]
 [ 1.05086884e+01  1.00349467e+00]
 [ 2.97199752e+00  4.52157498e-01]
 [ 0.00000000e+00 -3.21885719e-02]]",[[0 0]],,0,,End,0.3811473846435547,13.266453602058487,0.03218857189063556,2.9254089770139684,0.24040409784503855
24,"[[ 73.95357706 -24.88071807]
 [ 69.3016661  -23.46733338]
 [ 61.8068011  -18.88510707]
 [ 50.80854693 -12.54264609]
 [ 37.63288485  -6.05813576]
 [ 24.26435894   0.14141343]
 [  9.87987987   3.21971397]
 [  0.           1.10194494]]",[[0 0]],,0,,End,0.3072235584259033,3.528890473221337,1.101944939830481,2.2999831969728026,0.336436979202892
25,"[[ 57.66520238 -13.59505204]
 [ 52.78543162 -11.82790738]
 [ 44.79940685  -7.6231433 ]
 [ 33.98923447  -2.81445847]
 [ 21.81362809   1.22777342]
 [  9.68057393   2.87439734]
 [  0.97214482   1.36230214]
 [  0.           0.11459553]]",[[0 0]],,0,,End,0.33268308639526367,3.7816391087972807,0.11459553240424676,1.727722098807959,0.2357583339609175
26,"[[ 44.71975577 -14.22863738]
 [ 38.91911508 -12.19400647]
 [ 30.8867923   -7.07908268]
 [ 19.87774044  -1.42578141]
 [  7.03967011   1.63916697]
 [  0.           0.64664171]]",[[0 0]],,0,,End,0.2215561866760254,1.2735706802545315,0.64664171436194,0.2355966869225231,0.31817341418119155
27,"[[ 66.71399307 -19.25671016]
 [ 62.09487416 -17.60613518]
 [ 54.30308043 -13.05526386]
 [ 43.16515852  -7.30576456]
 [ 30.28441478  -1.63535928]
 [ 17.14547107   2.61053644]
 [  4.41950795   2.76343318]
 [  0.           0.40096436]]",[[0 0]],,0,,End,0.2965695858001709,0.7024868786415577,0.40096436332959967,0.869648367777032,0.2886457439943681
28,"[[ 42.19464154 -11.73471514]
 [ 36.26073298  -9.73611107]
 [ 28.24082677  -5.09218778]
 [ 17.47232726  -0.35702363]
 [  5.52889958   1.64097026]
 [  0.           0.48146324]]",[[0 0]],,0,,End,0.21575284004211426,0.9006839162006317,0.4814632440560856,0.30365250894716067,0.2781091320846592
29,"[[ 69.16532175 -20.50319366]
 [ 64.56796478 -18.89827727]
 [ 56.83919849 -14.35255357]
 [ 45.70189181  -8.51034707]
 [ 32.74580039  -2.66236958]
 [ 19.59538782   2.12150959]
 [  6.26699708   3.11264692]
 [  0.           0.6474756 ]]",[[0 0]],,0,,End,0.3453943729400635,1.6269327960569189,0.6474755973073821,2.18593205853728,0.29643747969370277
30,"[[ 68.66509763 -10.94733943]
 [ 64.61601528  -9.42576481]
 [ 56.92888612  -6.47929245]
 [ 47.42923644  -3.92304247]
 [ 37.90068622  -2.46251971]
 [ 28.88289319  -1.54696424]
 [ 20.46767343  -0.60984985]
 [ 12.72018985   0.18895417]
 [  5.98981065   0.50205745]
 [  1.22640946   0.43263309]
 [  0.           0.33148165]]",[[0 0]],,0,,End,0.4435696601867676,5.259457837540946,0.3314816472932024,2.6351383821295817,0.15943091627199266
31,"[[ 43.15559702 -21.81257571]
 [ 37.7374065  -19.89793414]
 [ 30.04366512 -13.78254281]
 [ 19.18583997  -5.51637914]
 [  5.50784952   0.10510407]
 [  0.           0.25828881]]",[[0 0]],,0,,End,0.21132516860961914,0.8101036941670002,0.2582888109735851,1.2083355380166025,0.505440249267687
32,"[[ 44.96546816 -11.33024994]
 [ 39.1389747   -9.4136023 ]
 [ 31.12414884  -5.01722207]
 [ 20.49848802  -0.41456312]
 [  8.41907119   1.99231044]
 [  0.           0.93611078]]",[[0 0]],,0,,End,0.24003314971923828,1.3352678899181505,0.9361107827842301,2.1628622385138896,0.25197669248846516
33,"[[85.59111638 -9.25007259]
 [80.24655948 -7.97641979]
 [73.14433268 -6.34961518]
 [66.1428429  -6.07751585]
 [59.66136989 -6.05782015]
 [53.2817463  -5.3784879 ]
 [46.71876393 -4.29751772]
 [40.09614103 -3.27961959]
 [33.5815696  -2.36661094]
 [27.05372091 -1.48474427]
 [20.16629668 -0.57669468]
 [12.74057884  0.28967958]
 [ 5.40114814  0.82818475]
 [ 0.          0.83992185]]",[[0 0]],,0,,End,0.7440087795257568,2.8467756426923887,0.8399218516937667,0.7916428634687533,0.10807281156165398
34,"[[ 9.80434998e+01 -3.77793581e+01]
 [ 9.09684829e+01 -3.61992188e+01]
 [ 8.24293398e+01 -3.08239077e+01]
 [ 7.13549612e+01 -2.34788534e+01]
 [ 5.85079777e+01 -1.63797964e+01]
 [ 4.36674515e+01 -9.12896649e+00]
 [ 2.92720420e+01 -2.21113914e+00]
 [ 1.47760352e+01  2.74674234e+00]
 [ 1.68038554e+00  1.75780046e+00]
 [ 0.00000000e+00  7.40323663e-02]]",[[0 0]],,0,,End,0.44890666007995605,4.014977334188799,0.07403236632789541,0.9344684673630617,0.38533261381918604
35,"[[ 91.27292194 -36.85228363]
 [ 85.57516229 -35.4957755 ]
 [ 77.65122347 -30.27902136]
 [ 66.68441156 -22.92964265]
 [ 53.61085369 -15.67980659]
 [ 39.1919564   -8.18205068]
 [ 24.95553543  -1.11526887]
 [  9.85246695   2.57729909]
 [  0.           0.76467976]]",[[0 0]],,0,,End,0.3752412796020508,1.9131806857743383,0.7646797590161253,1.554225628805124,0.4037592184327822
36,"[[94.83943307 -8.00779908]
 [87.23371242 -6.89201494]
 [80.40437667 -6.09566927]
 [74.73147823 -6.63828989]
 [68.82046508 -6.21107767]
 [62.39713492 -4.99652528]
 [55.66229061 -3.84156446]
 [49.02433343 -3.00005296]
 [42.85957611 -2.32989562]
 [37.28773473 -1.7631178 ]
 [32.19317614 -1.27217565]
 [27.29452649 -0.81419132]
 [22.21079356 -0.32609529]
 [16.55528639  0.23457177]
 [10.20009199  0.80912214]
 [ 3.78328006  1.16786185]
 [ 0.          1.1489856 ]]",[[0 0]],,0,,End,1.1108345985412598,5.160975701333952,1.1489856007053816,0.43733891416262244,0.08443533261968521
37,"[[ 69.79178292 -31.30560578]
 [ 65.22007071 -30.26954182]
 [ 58.06594664 -25.41147155]
 [ 47.65000648 -17.85931057]
 [ 34.93834992  -9.85662943]
 [ 21.04723753  -2.06596915]
 [  5.58531091   1.30902273]
 [  0.           0.30791394]]",[[0 0]],,0,,End,0.3919525146484375,2.1318789964561358,0.3079139442730727,3.114095593476749,0.4485571863449793
38,"[[ 74.50773286 -32.50420159]
 [ 69.9992746  -31.47213279]
 [ 62.82628331 -26.63263759]
 [ 52.25698176 -19.22670417]
 [ 39.37441096 -11.49482981]
 [ 25.7740563   -3.593814  ]
 [ 10.30905156   1.41064226]
 [  0.           0.609506  ]]",[[0 0]],,0,,End,0.370009183883667,1.3630527339379284,0.6095060017012979,1.2829217637857537,0.43625272635245577
39,"[[ 75.58792719 -43.65166499]
 [ 70.3950387  -40.87445226]
 [ 62.87896982 -34.92531674]
 [ 52.42766917 -26.67002115]
 [ 40.04608325 -17.48177932]
 [ 26.99191772  -7.74688048]
 [ 11.46617636  -0.52775881]
 [  0.           0.27816961]]",[[0 0]],,0,,End,0.34535837173461914,1.0005363407447045,0.27816960941326474,1.1886225602621048,0.5774951980829875
40,"[[ 71.28862292 -38.76622828]
 [ 66.55216704 -37.18306767]
 [ 59.25605411 -31.75841127]
 [ 49.02894459 -23.65828693]
 [ 36.81913671 -14.67817074]
 [ 23.50803898  -5.39704227]
 [  7.58078433   0.29547535]
 [  0.           0.23274401]]",[[0 0]],,0,,End,0.5530054569244385,1.20101236249896,0.2327440085094462,0.9662779311119358,0.5437926374842211
41,"[[ 79.70094315 -34.72102762]
 [ 75.1097423  -33.62920037]
 [ 67.82593408 -28.65964201]
 [ 57.12562471 -21.23924333]
 [ 44.11240962 -13.6013888 ]
 [ 30.4970718   -5.63633844]
 [ 15.57559251   0.75506218]
 [  1.86711102   1.15152866]
 [  0.           0.19157692]]",[[0 0]],,0,,End,0.3870394229888916,1.8325591933589185,0.19157692043536118,1.4774100108001298,0.4356413644874203
42,"[[ 86.97441313 -14.89876853]
 [ 81.22838184 -13.35047223]
 [ 73.36944045 -10.16016534]
 [ 63.94366872  -7.39127741]
 [ 54.51895966  -6.17087435]
 [ 45.93187485  -5.66060637]
 [ 37.98454156  -4.83229175]
 [ 30.02495948  -3.53291984]
 [ 21.60729277  -2.05396287]
 [ 13.07206328  -0.80832873]
 [  5.49586836  -0.22748471]
 [  0.          -0.12968731]]",[[0 0]],,0,,End,0.472231388092041,13.503749569196524,0.12968730783332663,3.853452803546313,0.17130059286092095
43,"[[ 80.53278852 -36.64511811]
 [ 75.90994595 -35.44239946]
 [ 68.56348315 -30.27830355]
 [ 57.84048464 -22.68451243]
 [ 44.86634321 -14.80981507]
 [ 31.24330252  -6.57765487]
 [ 16.36039041   0.21207576]
 [  2.20276849   1.08211183]
 [  0.           0.20433364]]",[[0 0]],,0,,End,0.3431580066680908,1.2763829747859712,0.20433363538177518,1.4273390683304874,0.45503351845839546
44,"[[ 53.09127669 -21.5709563 ]
 [ 47.69265658 -19.87008282]
 [ 40.00802255 -14.43715034]
 [ 29.31043202  -7.00876671]
 [ 15.70221291  -0.407173  ]
 [  2.56192609   1.29394947]
 [  0.           0.20912234]]",[[0 0]],,0,,End,0.3602879047393799,2.2415250743712916,0.2091223446666619,2.408247672042567,0.4062994459246269
45,"[[ 56.54618823 -16.19300968]
 [ 51.44202801 -14.38156065]
 [ 43.48477016  -9.64439462]
 [ 32.46660474  -3.89967336]
 [ 19.63516372   1.14584395]
 [  6.5711218    2.81695353]
 [  0.           0.73031487]]",[[0 0]],,0,,End,0.34108757972717285,0.9984935636666296,0.7303148718536566,0.17458110651895234,0.2863678381985614
46,"[[ 7.69756940e+01 -2.11229574e+01]
 [ 7.22490099e+01 -1.95312904e+01]
 [ 6.44996426e+01 -1.52037077e+01]
 [ 5.34489225e+01 -9.78047566e+00]
 [ 4.07100837e+01 -4.54206252e+00]
 [ 2.79193384e+01  1.96731120e-02]
 [ 1.52892595e+01  2.65226322e+00]
 [ 4.04152120e+00  2.11199366e+00]
 [ 0.00000000e+00  2.25381493e-01]]",[[0 0]],,0,,End,0.38796043395996094,2.169087976275347,0.22538149347421815,1.5140003342205128,0.27441074305311713
47,"[[65.74579444 -9.19576623]
 [61.69233625 -7.74726574]
 [54.08893504 -5.15993935]
 [45.0958322  -3.15244397]
 [36.37056802 -2.13431367]
 [28.15645564 -1.4164443 ]
 [20.33651955 -0.51883174]
 [12.87081919  0.31024995]
 [ 6.22595304  0.6702502 ]
 [ 1.39038754  0.59038316]
 [ 0.          0.42978195]]",[[0 0]],,0,,End,0.44776105880737305,5.115313147121538,0.4297819524328854,1.6617323525331273,0.13986850876929877
48,"[[ 5.53796187e+01 -6.06397496e+00]
 [ 5.05748010e+01 -4.83386728e+00]
 [ 4.30201246e+01 -2.67273225e+00]
 [ 3.45502794e+01 -9.83831915e-01]
 [ 2.62058086e+01 -3.49468484e-02]
 [ 1.80747778e+01  6.09083727e-01]
 [ 1.05539137e+01  1.00930174e+00]
 [ 4.24901941e+00  9.37981843e-01]
 [ 0.00000000e+00  5.80233510e-01]]",[[0 0]],,0,,End,0.34836435317993164,5.2081587191202425,0.580233510314005,1.4147166835333895,0.10949831547860439
49,"[[ 82.26182227 -27.64806708]
 [ 77.21133022 -26.28588785]
 [ 69.68203689 -21.77088041]
 [ 58.77653722 -15.43958054]
 [ 45.58416747  -9.13919896]
 [ 32.15354318  -2.72192946]
 [ 18.33052615   2.44494511]
 [  4.35501311   2.78960732]
 [  0.           0.28042969]]",[[0 0]],,0,,End,0.34136462211608887,1.1520021998824077,0.2804296894504977,1.589050789747334,0.336098402830103
50,"[[ 81.53711096 -28.6604379 ]
 [ 76.60157609 -27.37173019]
 [ 69.14747198 -22.81031393]
 [ 58.27441819 -16.28333455]
 [ 45.04856473  -9.75599752]
 [ 31.53788527  -3.05068201]
 [ 17.44816685   2.33580244]
 [  3.47657049   2.45187908]
 [  0.           0.20139905]]",[[0 0]],,0,,End,0.45271968841552734,0.8210689831146794,0.20139904506135917,1.1528005094200056,0.3515017586122531
51,"[[ 8.42426063e+01 -1.60812325e+01]
 [ 7.89291107e+01 -1.44959588e+01]
 [ 7.10470887e+01 -1.09937308e+01]
 [ 6.10767964e+01 -7.55674764e+00]
 [ 5.07460353e+01 -5.53574166e+00]
 [ 4.09797215e+01 -4.54858049e+00]
 [ 3.19060819e+01 -3.61414280e+00]
 [ 2.32911328e+01 -2.37779902e+00]
 [ 1.50759779e+01 -1.22172824e+00]
 [ 7.72573362e+00 -5.66338285e-01]
 [ 2.08907736e+00 -3.00730880e-01]
 [ 0.00000000e+00  6.22682795e-03]]",[[0 0]],,0,,End,0.5954067707061768,12.649841482622719,0.006226827953775641,4.788869335634351,0.19089191541345163
52,"[[ 7.92256928e+01 -3.79343406e+01]
 [ 7.46088103e+01 -3.65958986e+01]
 [ 6.72611729e+01 -3.12874563e+01]
 [ 5.65859701e+01 -2.35326812e+01]
 [ 4.37211355e+01 -1.53651598e+01]
 [ 3.02136783e+01 -6.81465080e+00]
 [ 1.51471899e+01  3.85462235e-02]
 [ 1.51356511e+00  8.03481355e-01]
 [ 0.00000000e+00  2.02288771e-01]]",[[0 0]],,0,,End,0.38579344749450684,0.4502015296478527,0.2022887711837346,0.4916307457518073,0.4788136184991506
53,"[[ 91.03466821 -43.6678628 ]
 [ 85.32522761 -41.20604026]
 [ 77.14402721 -35.04447478]
 [ 65.89356074 -26.99249604]
 [ 52.73445409 -18.69841768]
 [ 38.17044827 -10.12288217]
 [ 23.88774015  -2.35650583]
 [  8.31834428   1.52940815]
 [  0.           0.38342208]]",[[0 0]],,0,,End,0.40842556953430176,2.359805225438866,0.3834220763554301,0.606567465303326,0.4796838793485501
54,"[[ 52.4098555  -14.63318349]
 [ 47.04718152 -12.75538851]
 [ 39.035842    -8.02643519]
 [ 28.10489706  -2.49836319]
 [ 15.33595214   1.81400505]
 [  3.3067438    2.18521222]
 [  0.           0.30219159]]",[[0 0]],,0,,End,0.2626214027404785,1.4564431862543603,0.3021915872659754,0.4272563629013909,0.279206713100664
55,"[[ 84.74930669 -34.12606411]
 [ 79.79081305 -32.97273308]
 [ 72.31864339 -28.07345681]
 [ 61.50157602 -20.89840167]
 [ 48.34890138 -13.71662151]
 [ 34.46626867  -6.22660709]
 [ 20.10405382   0.45851546]
 [  5.09011523   2.14578756]
 [  0.           0.31095206]]",[[0 0]],,0,,End,0.4200000762939453,1.6738507697031095,0.31095206407881454,1.495417424788591,0.4026707172128793
56,"[[ 86.50167202 -46.30049349]
 [ 80.82680096 -42.87318874]
 [ 72.89104217 -36.47088772]
 [ 61.77720766 -28.19834474]
 [ 48.67542665 -19.39333519]
 [ 34.64522757 -10.1580709 ]
 [ 20.30878114  -2.08958486]
 [  4.69899879   0.89272503]
 [  0.           0.20620407]]",[[0 0]],,0,,End,0.3635983467102051,1.6274056350057517,0.2062040680833275,1.4678142900843343,0.5352554743601935
57,"[[ 82.72926926 -29.001913  ]
 [ 77.6987706  -27.70922377]
 [ 70.21610465 -23.14559135]
 [ 59.35057663 -16.6205031 ]
 [ 46.13236078 -10.1258977 ]
 [ 32.5825766   -3.43636479]
 [ 18.58117085   2.12537406]
 [  4.32942103   2.67543249]
 [  0.           0.27343486]]",[[0 0]],,0,,End,0.37394213676452637,1.0567093193579071,0.2734348609510327,1.3039436399330195,0.3505641142736566
58,"[[ 91.87427571 -43.34944073]
 [ 86.08588218 -40.97937218]
 [ 77.84635872 -34.84702335]
 [ 66.57953569 -26.82802847]
 [ 53.43067053 -18.61117056]
 [ 38.78633611 -10.13359653]
 [ 24.49052006  -2.41863544]
 [  8.9946083    1.63472649]
 [  0.           0.44435828]]",[[0 0]],,0,,End,0.3418869972229004,3.126129837013147,0.44435827651532817,1.8986189898212322,0.47183436710823806
59,"[[ 55.95618281 -35.21896678]
 [ 51.02673796 -33.69625735]
 [ 43.68586511 -28.1608357 ]
 [ 34.30919412 -19.24903266]
 [ 22.38708023  -8.97713767]
 [  7.35924446  -1.01675774]
 [  0.           0.1996654 ]]",[[0 0]],,0,,End,0.2654893398284912,1.367729143664413,0.19966539677072212,1.9773138504612182,0.6294025970015285
60,"[[ 73.3343924  -28.75178343]
 [ 68.75337336 -27.58699874]
 [ 61.49229156 -22.89737407]
 [ 50.7629263  -15.90340016]
 [ 37.67612223  -8.67385212]
 [ 24.02227161  -1.51226962]
 [  8.86751637   2.23939202]
 [  0.           0.66578463]]",[[0 0]],,0,,End,0.2918531894683838,1.698024984012758,0.6657846299243887,2.0900438449282324,0.39206411196550794
61,"[[ 54.84089945 -27.69239622]
 [ 49.71019031 -26.38768306]
 [ 42.3913696  -21.01485164]
 [ 32.39341659 -12.59032989]
 [ 19.28446095  -3.96837678]
 [  4.56288575   0.55548745]
 [  0.           0.23526385]]",[[0 0]],,0,,End,0.2578468322753906,0.9084810973824059,0.23526385343713294,1.1988854052227593,0.5049588263874868
62,"[[ 57.49322521 -23.84559955]
 [ 52.32676436 -22.34589949]
 [ 44.8044437  -17.12519366]
 [ 34.25297466  -9.60896683]
 [ 20.96618494  -2.21603797]
 [  6.37017911   1.45762958]
 [  0.           0.41752845]]",[[0 0]],,0,,End,0.25482916831970215,1.179336889265347,0.4175284535302973,0.7358354314293891,0.4147549465539003
63,"[[ 99.86737609 -43.51710794]
 [ 92.61916546 -41.07646903]
 [ 83.56857541 -34.7904699 ]
 [ 72.07615988 -26.80786219]
 [ 59.13855038 -18.85594312]
 [ 43.90261437 -10.79319355]
 [ 29.25125757  -3.367694  ]
 [ 14.46587268   1.98261255]
 [  1.47329516   1.28060797]
 [  0.           0.12332464]]",[[0 0]],,0,,End,0.3830118179321289,4.214116548888602,0.12332463664577505,1.2724053474895596,0.435748986768802
64,"[[ 99.083547   -28.30799869]
 [ 90.56754211 -26.52927626]
 [ 82.05338754 -22.08028926]
 [ 71.43229437 -16.24678927]
 [ 59.16220897 -10.90627159]
 [ 45.86593281  -5.87626394]
 [ 32.87249847  -1.79986951]
 [ 20.89445098   0.85433065]
 [  9.48103416   1.5696899 ]
 [  1.37970715   0.43017662]
 [  0.          -0.1920268 ]]",[[0 0]],,0,,End,0.438265323638916,3.801593903146711,0.19202680310795864,0.6832450138080369,0.2856982773095719
65,"[[ 87.85748314 -32.85920592]
 [ 82.4374746  -31.61948851]
 [ 74.80198171 -26.83997013]
 [ 63.96352404 -19.93471785]
 [ 50.81205812 -13.15441625]
 [ 36.82176234  -6.10570097]
 [ 22.75984447   0.41995293]
 [  7.81535678   2.9261282 ]
 [  0.           0.62121989]]",[[0 0]],,0,,End,0.3771233558654785,1.067987880095236,0.6212198923773395,0.9576093434048509,0.3740057732491831
66,"[[ 84.50727895 -37.25419505]
 [ 79.65068233 -35.97508564]
 [ 72.12923791 -30.73482215]
 [ 61.27753093 -23.18888299]
 [ 48.19208784 -15.49176442]
 [ 34.28465928  -7.45999526]
 [ 19.77884292  -0.34450534]
 [  4.59404524   1.60649055]
 [  0.           0.26472207]]",[[0 0]],,0,,End,0.5993990898132324,0.9394978058465815,0.264722070446586,1.431035037257503,0.44084007334715297
67,"[[ 56.10859428 -11.56337202]
 [ 51.19853776  -9.84024605]
 [ 43.22918028  -6.01671329]
 [ 32.76141742  -1.8649036 ]
 [ 21.18758886   1.36571548]
 [  9.88891731   2.54591648]
 [  1.61325032   1.33333208]
 [  0.           0.18303166]]",[[0 0]],,0,,End,0.4198768138885498,2.032187357704243,0.18303165946171443,0.6720661616968188,0.206089141437199
68,"[[ 65.56581126 -12.41971115]
 [ 61.31975845 -10.79907152]
 [ 53.47264325  -7.30518794]
 [ 43.2030856   -3.72256892]
 [ 32.2061893   -1.05489142]
 [ 21.51640573   0.57315586]
 [ 12.04110289   1.23617249]
 [  4.52891419   0.94169698]
 [  0.           0.3388015 ]]",[[0 0]],,0,,End,0.34502220153808594,1.0575193879825373,0.3388014956314477,0.9901902419710796,0.18942358695248188
69,"[[ 50.64498789 -44.08649434]
 [ 45.49846021 -39.49580595]
 [ 37.58104351 -33.01558801]
 [ 28.75671091 -23.52661499]
 [ 17.49832406 -11.55555582]
 [  3.569941    -1.66160871]
 [  0.           0.09862438]]",[[0 0]],,0,,End,0.25821542739868164,2.6628612865565344,0.09862438380132403,4.592031278457451,0.8705006393376495
70,"[[ 58.08882092 -38.35302321]
 [ 53.05792493 -36.34434582]
 [ 45.59807862 -30.66847293]
 [ 36.2663136  -21.82735606]
 [ 24.77889142 -11.3599654 ]
 [ 10.09330594  -2.14509172]
 [  0.           0.21688392]]",[[0 0]],,0,,End,0.2588481903076172,1.1462689283523788,0.21688391880896385,1.2513202096520624,0.6602479203122201
71,"[[ 7.62681300e+01 -2.26511519e+01]
 [ 7.15517867e+01 -2.11107312e+01]
 [ 6.38882913e+01 -1.66713932e+01]
 [ 5.28103020e+01 -1.08865897e+01]
 [ 3.98245271e+01 -5.11897023e+00]
 [ 2.68004552e+01  2.01626810e-01]
 [ 1.34304876e+01  3.26098145e+00]
 [ 1.98262223e+00  1.98556220e+00]
 [ 0.00000000e+00  6.75275774e-02]]",[[0 0]],,0,,End,0.5498156547546387,1.1188232624485008,0.06752757739230572,1.2673978399798098,0.2969936707764506
72,"[[ 92.22788817 -37.98330991]
 [ 86.42301871 -36.53266157]
 [ 78.38410546 -31.15994559]
 [ 67.35573894 -23.69164225]
 [ 54.29737552 -16.30270649]
 [ 39.76032819  -8.67929652]
 [ 25.4837802   -1.50468468]
 [ 10.37333899   2.46183046]
 [  0.           0.79399052]]",[[0 0]],,0,,End,0.3310368061065674,6.096208009174387,0.7939905249404173,1.844293210788775,0.41184191314837687
73,"[[ 65.75562574 -17.69970576]
 [ 61.17623461 -16.01545546]
 [ 53.32010218 -11.58247348]
 [ 42.2148996   -6.15260986]
 [ 29.51897193  -0.95900962]
 [ 16.66482003   2.67524739]
 [  4.58488041   2.65457036]
 [  0.           0.44326463]]",[[0 0]],,0,,End,0.2963738441467285,1.5094523610482047,0.4432646286794323,0.7125651363969102,0.26917401458794343
74,"[[65.14190375 -5.55972131]
 [61.16542138 -4.51139301]
 [54.06783681 -3.13502403]
 [47.03703013 -2.91527674]
 [41.25766492 -3.11457539]
 [35.92474303 -2.80256262]
 [30.33110741 -1.90471288]
 [23.9512197  -0.79352935]
 [16.86374923  0.26852003]
 [ 9.71772264  0.97755583]
 [ 3.60360571  1.09730368]
 [ 0.          0.8607432 ]]",[[0 0]],,0,,End,0.5046589374542236,2.384070483286344,0.8607431998213454,0.5837429408548415,0.08534784820602714
75,"[[ 7.75168336e+01 -2.42801196e+01]
 [ 7.27386875e+01 -2.28017404e+01]
 [ 6.51481938e+01 -1.83226458e+01]
 [ 5.41140913e+01 -1.23098001e+01]
 [ 4.10107132e+01 -6.26654061e+00]
 [ 2.78462310e+01 -4.43582747e-01]
 [ 1.41377627e+01  3.25942914e+00]
 [ 1.99797437e+00  2.10074408e+00]
 [ 0.00000000e+00  7.58654657e-02]]",[[0 0]],,0,,End,0.452789306640625,1.0936844412659288,0.07586546566958784,1.4243096104900452,0.313223831063598
76,"[[91.26297795 -7.5172699 ]
 [84.64257741 -6.43783297]
 [77.95961795 -5.6935482 ]
 [72.35461912 -6.34936608]
 [66.67414521 -6.04764602]
 [60.4658864  -4.8860339 ]
 [53.91007556 -3.73388124]
 [47.42616026 -2.89368833]
 [41.38821599 -2.23070496]
 [35.89131835 -1.66722722]
 [30.78472228 -1.16483942]
 [25.75195755 -0.67464142]
 [20.39336046 -0.13684559]
 [14.37399754  0.46359719]
 [ 7.80258676  0.99887538]
 [ 1.71343347  1.20638172]
 [ 0.          1.08731842]]",[[0 0]],,0,,End,0.7941441535949707,5.2769802304239075,1.087318419633941,0.5281034432842042,0.08236932514950836
77,"[[ 56.54260845 -21.83903722]
 [ 51.30989535 -20.20408024]
 [ 43.64898206 -14.9717904 ]
 [ 32.90523334  -7.78504585]
 [ 19.53872092  -0.97958156]
 [  5.36944682   1.77996895]
 [  0.           0.38928937]]",[[0 0]],,0,,End,0.27030444145202637,0.800582977188486,0.3892893746419835,0.682992337157934,0.38624035606629853
78,"[[ 53.50307045 -25.90510303]
 [ 48.26414805 -24.48001237]
 [ 40.8566651  -19.02466105]
 [ 30.674185   -10.73679445]
 [ 17.26034452  -2.63943968]
 [  3.18879107   0.76174266]
 [  0.           0.21018211]]",[[0 0]],,0,,End,0.3340737819671631,0.6345809847509444,0.21018211012554208,0.927032872097339,0.4841797454752923
79,"[[ 80.6518767  -34.99816728]
 [ 76.0217572  -33.88880714]
 [ 68.70526071 -28.89621881]
 [ 57.9780612  -21.47968773]
 [ 44.93939464 -13.8708704 ]
 [ 31.28264341  -5.92875841]
 [ 16.46701256   0.6138624 ]
 [  2.34709011   1.27610914]
 [  0.           0.19960579]]",[[0 0]],,0,,End,0.472733736038208,1.8969641300591853,0.1996057888852315,1.4779769451130669,0.4339411394502588
80,"[[ 79.51979323 -47.69770911]
 [ 73.65928465 -43.43245878]
 [ 65.95740849 -37.01354536]
 [ 55.27797361 -28.6080655 ]
 [ 42.66619335 -19.29656085]
 [ 29.49123352  -9.3567621 ]
 [ 14.50943631  -1.34150527]
 [  0.97710477   0.34394032]
 [  0.           0.18520327]]",[[0 0]],,0,,End,0.5056476593017578,1.5063531333395799,0.18520326884785082,0.8120205234303657,0.5998218452983772
81,"[[ 92.59008589 -12.10044113]
 [ 85.62320036 -10.67542719]
 [ 77.97548977  -8.36753285]
 [ 70.05193004  -7.16453278]
 [ 62.38978938  -6.89416647]
 [ 55.08186891  -6.33364026]
 [ 47.81047104  -5.28627325]
 [ 40.55540487  -4.1509595 ]
 [ 33.36693637  -3.05536845]
 [ 26.06083986  -1.96158288]
 [ 18.29641167  -0.8507548 ]
 [ 10.1488115    0.09984227]
 [  2.77949334   0.5128584 ]
 [  0.           0.45630683]]",[[0 0]],,0,,End,0.5971882343292236,9.899119211715016,0.45630683402477495,1.1590549145817504,0.13068830227257022
82,"[[ 64.05222515 -41.04507715]
 [ 58.87537881 -38.6171556 ]
 [ 51.37712379 -32.86668876]
 [ 41.73564061 -24.31103469]
 [ 30.29437973 -14.26817892]
 [ 16.58374569  -4.26184271]
 [  1.9623816    0.18928798]
 [  0.           0.12999758]]",[[0 0]],,0,,End,0.30037927627563477,1.388306792358755,0.12999758256359084,1.5185545761219112,0.6408064208363119
83,"[[ 58.112373   -41.60815878]
 [ 52.83261209 -38.63822039]
 [ 45.18435462 -32.67947483]
 [ 35.97005294 -23.75765014]
 [ 24.7958539  -12.9322357 ]
 [ 10.42714023  -2.90721775]
 [  0.           0.18703668]]",[[0 0]],,0,,End,0.26232314109802246,0.7817001846429689,0.18703668191525633,0.5065971418934198,0.7159948326809737
84,"[[ 86.55460095 -29.75604191]
 [ 81.09903948 -28.4175336 ]
 [ 73.47376945 -23.84577694]
 [ 62.6291905  -17.36159477]
 [ 49.4748628  -11.00882727]
 [ 35.78741194  -4.45638246]
 [ 22.03037114   1.39006875]
 [  7.51296629   3.26701503]
 [  0.           0.67103954]]",[[0 0]],,0,,End,0.3436417579650879,1.123675977140756,0.6710395356189545,1.8257727029641175,0.3437834798610246
85,"[[ 52.15443302 -41.15702671]
 [ 47.1132261  -37.89976026]
 [ 39.38933819 -31.73984624]
 [ 30.42919084 -22.39176116]
 [ 19.00252004 -10.86329744]
 [  4.64290673  -1.52066053]
 [  0.           0.11880824]]",[[0 0]],,0,,End,0.28868627548217773,0.8076091307818616,0.11880824127986643,0.870435458921549,0.7891376500419653
86,"[[ 50.74121733 -20.6667556 ]
 [ 45.23808828 -18.8758898 ]
 [ 37.49031805 -13.33072257]
 [ 26.71582932  -5.93673269]
 [ 12.96781818   0.16314459]
 [  1.20590783   1.04169203]
 [  0.           0.15546521]]",[[0 0]],,0,,End,0.2762606143951416,2.132701587855573,0.15546520850230502,2.2850849976680165,0.40729719725767827
87,"[[ 84.82845568 -49.65203876]
 [ 78.54742868 -44.66481354]
 [ 70.64291638 -37.94775277]
 [ 59.62362303 -29.47888024]
 [ 46.64474304 -20.28287308]
 [ 32.91734229 -10.52735368]
 [ 18.51138048  -2.176597  ]
 [  3.19888963   0.56643146]
 [  0.           0.17737707]]",[[0 0]],,0,,End,0.37375950813293457,2.842543525202272,0.17737706720864851,2.7902774391816467,0.5853229126693171
88,"[[ 94.77725567 -21.31314175]
 [ 87.11287772 -19.5630357 ]
 [ 78.76794394 -15.54983003]
 [ 68.46587825 -11.00177472]
 [ 57.32118875  -7.60021999]
 [ 46.08750764  -5.5680096 ]
 [ 35.48407297  -4.40951278]
 [ 26.00179591  -3.29242618]
 [ 17.5809831   -2.26463628]
 [ 10.13985175  -1.57950104]
 [  3.97113269  -1.0688748 ]
 [  0.          -0.39527526]]",[[0 0]],,0,,End,0.513028621673584,14.395024783920883,0.39527526124809187,2.1518656618799934,0.2248761224463913
89,"[[ 74.06906173 -10.78626128]
 [ 69.97867975  -9.32859706]
 [ 62.44013303  -6.69904539]
 [ 53.53898302  -4.79254741]
 [ 45.08273204  -4.04186452]
 [ 37.43212549  -3.53638557]
 [ 30.10369407  -2.60292844]
 [ 22.48725483  -1.35279124]
 [ 14.64244677  -0.19362837]
 [  7.36199049   0.42419826]
 [  1.77899953   0.46004707]
 [  0.           0.40826664]]",[[0 0]],,0,,End,0.5062911510467529,4.343084437640115,0.40826664302791094,1.488178987071621,0.1456243812174606
90,"[[ 7.52323409e+01 -2.47704840e+01]
 [ 7.05512463e+01 -2.33399382e+01]
 [ 6.30312747e+01 -1.87924526e+01]
 [ 5.20162539e+01 -1.25521633e+01]
 [ 3.88479653e+01 -6.20251421e+00]
 [ 2.55526182e+01 -8.25933136e-02]
 [ 1.13587525e+01  3.31060722e+00]
 [ 5.97767141e-01  1.42706894e+00]
 [ 0.00000000e+00  3.64690455e-02]]",[[0 0]],,0,,End,0.3624577522277832,1.065650438585039,0.036469045520286646,1.3748397814384983,0.32925313398809825
91,"[[ 56.57703248 -20.2560734 ]
 [ 51.35393129 -18.54185976]
 [ 43.589935   -13.38592073]
 [ 32.70048116  -6.56643165]
 [ 19.3959102   -0.23604472]
 [  5.48570455   2.12058849]
 [  0.           0.43987765]]",[[0 0]],,0,,End,0.321380615234375,1.4372134300662494,0.43987764588071393,2.5524893416833963,0.3580264377618103
92,"[[ 82.19276243 -45.43008869]
 [ 76.77089009 -42.22191424]
 [ 69.06005263 -35.99971938]
 [ 58.19247382 -27.74795258]
 [ 45.30797963 -18.81409964]
 [ 31.76764149  -9.37162203]
 [ 17.08190452  -1.44503663]
 [  2.33036457   0.60322019]
 [  0.           0.1915581 ]]",[[0 0]],,0,,End,0.4710960388183594,2.8282775859932285,0.1915580968925747,2.100582676352696,0.5527261445930153
93,"[[ 61.70268508 -42.07048581]
 [ 56.37097955 -39.17178752]
 [ 48.76838932 -33.27230097]
 [ 39.33050864 -24.55474435]
 [ 28.10316943 -14.12804518]
 [ 14.19098989  -3.91204074]
 [  0.78915504   0.1729711 ]
 [  0.           0.11314863]]",[[0 0]],,0,,End,0.5445468425750732,0.9709519919093068,0.11314862941539079,0.8332815766705057,0.681825851701422
94,"[[ 72.98756413 -35.35375308]
 [ 68.45980047 -34.24075217]
 [ 61.2778603  -29.163611  ]
 [ 50.8723605  -21.39539842]
 [ 38.29721471 -13.0727798 ]
 [ 24.79746967  -4.5307113 ]
 [  9.02751795   0.79488464]
 [  0.           0.37808435]]",[[0 0]],,0,,End,0.5774540901184082,1.4471325439860805,0.37808434707260363,1.750951354597497,0.48438050378784864
95,"[[ 7.99052675e+01 -1.37299345e+01]
 [ 7.52545836e+01 -1.21966593e+01]
 [ 6.75283404e+01 -9.04129646e+00]
 [ 5.79447888e+01 -6.26152351e+00]
 [ 4.83409189e+01 -4.86798181e+00]
 [ 3.94976414e+01 -4.16879826e+00]
 [ 3.12238667e+01 -3.24194740e+00]
 [ 2.30318437e+01 -1.96755246e+00]
 [ 1.49019999e+01 -7.67121173e-01]
 [ 7.50288326e+00 -1.06907370e-01]
 [ 1.86087166e+00  3.97675577e-02]
 [ 0.00000000e+00  1.73948673e-01]]",[[0 0]],,0,,End,0.6612486839294434,9.837801761437428,0.17394867261579985,1.3861527946598928,0.17182765239293296
96,"[[66.06196847 -7.1608909 ]
 [62.09713624 -5.905042  ]
 [54.77146715 -4.01170512]
 [46.90027078 -3.0926993 ]
 [39.95778144 -2.90187751]
 [33.59619543 -2.51127802]
 [27.18410418 -1.59934953]
 [20.18830067 -0.4582306 ]
 [12.88963203  0.5081864 ]
 [ 6.18308349  0.92196426]
 [ 1.2235539   0.81411415]
 [ 0.          0.61990601]]",[[0 0]],,0,,End,0.5282838344573975,0.9732667974329046,0.6199060090908416,0.6183133287915026,0.10839657170885873
97,"[[ 40.91557252 -15.67917434]
 [ 35.14135893 -13.53175048]
 [ 27.13185268  -7.91294554]
 [ 15.91598854  -1.71929503]
 [  3.51860614   1.0481002 ]
 [  0.           0.22156596]]",[[0 0]],,0,,End,0.2403562068939209,0.8316480192135006,0.2215659613513937,0.31041170352826863,0.38320799087025154
98,"[[ 57.67065279 -30.68714387]
 [ 52.70896222 -29.51527493]
 [ 45.47858625 -24.25835888]
 [ 35.68497216 -15.78093921]
 [ 23.16075107  -6.5939799 ]
 [  7.97801505  -0.12719946]
 [  0.           0.30152774]]",[[0 0]],,0,,End,0.25998854637145996,0.9727375738524056,0.301527743657038,1.1617639918679024,0.5321102222437561
99,"[[ 64.16813403 -29.78907892]
 [ 59.40069655 -28.69178258]
 [ 52.20439468 -23.72457592]
 [ 41.97935148 -15.92199782]
 [ 29.34576144  -7.59286626]
 [ 14.75945489  -0.47619265]
 [  1.41835045   0.8230409 ]
 [  0.           0.20090022]]",[[0 0]],,0,,End,0.29070162773132324,1.4045282725584436,0.2009002211775168,0.6620691618492889,0.46423476969838184
100,"[[38.07438161 -4.71420982]
 [31.57015406 -3.57237336]
 [24.16627552 -1.19423426]
 [15.46714796  0.89506228]
 [ 6.32466762  1.40117339]
 [ 0.65775025  0.5261472 ]
 [ 0.          0.10330705]]",[[0 0]],,0,,End,0.4792749881744385,1.2369082427549603,0.1033070537951801,1.04831886596006,0.12381579467909547
101,"[[ 62.63839264 -28.40777992]
 [ 57.78631286 -27.2399403 ]
 [ 50.53737108 -22.23960168]
 [ 40.26630331 -14.47439334]
 [ 27.49170941  -6.27017355]
 [ 12.71328321   0.19464579]
 [  0.69693655   0.7394788 ]
 [  0.           0.19094006]]",[[0 0]],,0,,End,0.3370804786682129,1.6138595429993086,0.19094005723775112,2.3320194737238094,0.45352025692501713
102,"[[ 84.97835842 -33.96650846]
 [ 79.98891261 -32.80875994]
 [ 72.50664438 -27.92495663]
 [ 61.68702286 -20.77770135]
 [ 48.52969356 -13.63669173]
 [ 34.63833259  -6.19050479]
 [ 20.3041762    0.47786544]
 [  5.28183017   2.2171131 ]
 [  0.           0.32589043]]",[[0 0]],,0,,End,0.3915719985961914,1.3788751116225744,0.32589042763418435,1.9561212918188984,0.39970775021069516
103,"[[ 7.50671071e+01 -2.44502073e+01]
 [ 7.03887993e+01 -2.30032929e+01]
 [ 6.28510357e+01 -1.84615447e+01]
 [ 5.18217525e+01 -1.22668172e+01]
 [ 3.86665579e+01 -5.96810087e+00]
 [ 2.53956679e+01  6.33722803e-02]
 [ 1.12631774e+01  3.34587438e+00]
 [ 5.89532931e-01  1.43114047e+00]
 [ 0.00000000e+00  3.22067680e-02]]",[[0 0]],,0,,End,0.34502458572387695,2.6738193172707962,0.03220676798199584,0.7109355898592775,0.3257113297493865
104,"[[ 67.39662582 -16.69770414]
 [ 62.9422707  -15.02327154]
 [ 55.07177035 -10.80064014]
 [ 44.06094736  -5.79840036]
 [ 31.63668026  -1.19618846]
 [ 19.22370956   2.03987314]
 [  7.58788828   2.63254681]
 [  0.           0.87205176]]",[[0 0]],,0,,End,0.3006711006164551,0.7740606679596591,0.872051756876051,0.520436323649309,0.2477528205453683
105,"[[ 71.0484114  -16.38847005]
 [ 66.68172068 -14.74490397]
 [ 58.83215076 -10.73198817]
 [ 47.98103726  -6.1427457 ]
 [ 35.91063923  -2.15790836]
 [ 23.91162402   0.65950447]
 [ 12.87899125   1.84721794]
 [  4.03593903   1.27748514]
 [  0.           0.21153176]]",[[0 0]],,0,,End,0.5076403617858887,1.3417103413044231,0.21153175814333444,1.8614191297258613,0.23066624185065276
106,"[[ 3.66820162e+01 -2.37934243e+01]
 [ 3.20833411e+01 -2.17421155e+01]
 [ 2.44782060e+01 -1.51091358e+01]
 [ 1.35381755e+01 -5.81745166e+00]
 [ 1.53833455e+00 -7.70127606e-02]
 [ 0.00000000e+00  1.03912231e-02]]",[[0 0]],,0,,End,0.25033140182495117,0.6423531242516991,0.01039122306957662,0.629244276410872,0.6486400353975278
107,"[[ 68.95782812 -33.94545794]
 [ 64.36529756 -32.88163215]
 [ 57.21238531 -27.85308081]
 [ 46.98389617 -19.98720416]
 [ 34.58409866 -11.46509489]
 [ 20.76295065  -3.05155448]
 [  5.12751058   0.86045143]
 [  0.           0.24756818]]",[[0 0]],,0,,End,0.2925901412963867,1.302548198735727,0.2475681759052446,1.6213859535363135,0.4922640237076013
108,"[[ 43.19160293 -19.34421714]
 [ 37.58395811 -17.31958313]
 [ 29.738207   -11.35439238]
 [ 18.66743896  -3.88673217]
 [  5.21996872   0.62938178]
 [  0.           0.29726547]]",[[0 0]],,0,,End,0.23734283447265625,1.0874249769853912,0.2972654661187472,0.9637103029804408,0.44786985968662607
109,"[[ 73.84372327 -25.56876502]
 [ 69.19923874 -24.19794535]
 [ 61.75007516 -19.59559165]
 [ 50.79441205 -13.12904462]
 [ 37.60761049  -6.50227348]
 [ 24.17023726  -0.11197875]
 [  9.61720702   3.07402854]
 [  0.           0.99942377]]",[[0 0]],,0,,End,0.4368314743041992,0.8493975655976215,0.9994237689466375,1.247917204436903,0.3462550896829475
110,"[[ 58.480818   -30.38332465]
 [ 53.53117761 -29.22673763]
 [ 46.30571731 -24.0149002 ]
 [ 36.44500217 -15.6426966 ]
 [ 23.900918    -6.60325363]
 [  8.73536429  -0.10709247]
 [  0.           0.34309201]]",[[0 0]],,0,,End,0.44879865646362305,1.4238292413788445,0.34309200848391824,1.9632415251016617,0.5195434279021344
111,"[[37.28468347 -6.74538791]
 [30.9491144  -5.19118392]
 [23.30481246 -2.03307031]
 [13.81320122  0.70053101]
 [ 4.21133469  1.24050316]
 [ 0.          0.29635817]]",[[0 0]],,0,,End,0.2420978546142578,1.3039976401373348,0.29635817135643766,2.1999669259582304,0.1809157885342155
112,"[[ 7.93075039e+01 -1.15535109e+01]
 [ 7.48145474e+01 -1.01011730e+01]
 [ 6.72844027e+01 -7.48380265e+00]
 [ 5.85332769e+01 -5.67739572e+00]
 [ 5.02553137e+01 -5.09055922e+00]
 [ 4.28518049e+01 -4.68036442e+00]
 [ 3.58031315e+01 -3.77480802e+00]
 [ 2.84427949e+01 -2.50810908e+00]
 [ 2.04804442e+01 -1.15066184e+00]
 [ 1.23066158e+01 -4.87419954e-02]
 [ 5.02325538e+00  4.05073543e-01]
 [ 0.00000000e+00  3.48137345e-01]]",[[0 0]],,0,,End,0.5898439884185791,5.8813886887586095,0.34813734540212765,1.8495565110372867,0.14567992045869468
113,"[[63.59481347 -7.17590193]
 [59.50181887 -5.89085093]
 [52.0743967  -3.84332477]
 [43.89723883 -2.61777739]
 [36.42714481 -2.17849033]
 [29.44049836 -1.68877516]
 [22.49416846 -0.79511335]
 [15.32190116  0.18972468]
 [ 8.45106654  0.79634159]
 [ 2.84624016  0.84001283]
 [ 0.          0.63134006]]",[[0 0]],,0,,End,0.5495293140411377,1.389708483372761,0.6313400564307905,0.8264223101221687,0.1128378485527976
114,"[[ 8.93539796e+01 -7.30840225e+00]
 [ 8.32016901e+01 -6.24152098e+00]
 [ 7.65657433e+01 -5.49920893e+00]
 [ 7.09573762e+01 -6.18819451e+00]
 [ 6.53828098e+01 -5.96308628e+00]
 [ 5.92880215e+01 -4.84329285e+00]
 [ 5.28274851e+01 -3.69437596e+00]
 [ 4.64204090e+01 -2.85061097e+00]
 [ 4.04365588e+01 -2.18596046e+00]
 [ 3.49541068e+01 -1.61719048e+00]
 [ 2.97979687e+01 -1.09864141e+00]
 [ 2.46274317e+01 -5.78092646e-01]
 [ 1.90374331e+01 -1.65741294e-03]
 [ 1.27621967e+01  6.16726085e-01]
 [ 6.12923447e+00  1.09534541e+00]
 [ 0.00000000e+00  1.18890092e+00]]",[[0 0]],,0,,End,0.742563009262085,5.473244648975552,1.188900923184164,0.3712489659595107,0.08179156973503449
115,"[[ 75.10191343 -11.96186104]
 [ 70.90794609 -10.45869669]
 [ 63.27371474  -7.54866544]
 [ 53.94950034  -5.16411002]
 [ 44.80088901  -4.03121667]
 [ 36.40454579  -3.37846515]
 [ 28.45632382  -2.42563215]
 [ 20.50371907  -1.20275285]
 [ 12.70393039  -0.16881863]
 [  5.80703216   0.2779111 ]
 [  0.90860236   0.29911206]
 [  0.           0.3233047 ]]",[[0 0]],,0,,End,0.4692056179046631,6.622887373113082,0.3233047003067449,2.350260467327025,0.15927505036122547
116,"[[ 56.71468189 -10.48808201]
 [ 51.91362142  -8.83116675]
 [ 43.99484685  -5.33217132]
 [ 33.82724736  -1.69399713]
 [ 22.79390924   1.01929516]
 [ 12.10977154   2.1706497 ]
 [  3.53691094   1.51199009]
 [  0.           0.37297689]]",[[0 0]],,0,,End,0.4188961982727051,7.2154556955034455,0.3729768924631988,3.0647946251731812,0.18492710630306058
117,"[[ 65.82112613 -15.83418862]
 [ 61.35867985 -14.1469917 ]
 [ 53.4636633   -9.97949446]
 [ 42.50916231  -5.1121834 ]
 [ 30.20167184  -0.72543361]
 [ 17.93682216   2.18868642]
 [  6.68060573   2.47550388]
 [  0.           0.73393715]]",[[0 0]],,0,,End,0.35505056381225586,1.3885173987646184,0.7339371489372063,1.6826684027415366,0.24056392757097772
118,"[[ 8.35682563e+01 -1.60646069e+01]
 [ 7.83568052e+01 -1.44790139e+01]
 [ 7.04848941e+01 -1.09607231e+01]
 [ 6.04711501e+01 -7.48322665e+00]
 [ 5.00648455e+01 -5.39236964e+00]
 [ 4.01886128e+01 -4.34210567e+00]
 [ 3.10031464e+01 -3.38157793e+00]
 [ 2.23562610e+01 -2.16644828e+00]
 [ 1.42275777e+01 -1.08229598e+00]
 [ 7.04924976e+00 -5.04465613e-01]
 [ 1.68094330e+00 -2.50395472e-01]
 [ 0.00000000e+00  4.17512454e-02]]",[[0 0]],,0,,End,0.5401856899261475,11.389427033934545,0.041751245351892875,4.176020287953491,0.19223336301811436
119,"[[ 43.6838744  -19.35734307]
 [ 38.06611927 -17.34640542]
 [ 30.22263956 -11.41328999]
 [ 19.17331775  -3.96328376]
 [  5.64484503   0.64026367]
 [  0.           0.33066345]]",[[0 0]],,0,,End,0.21124482154846191,1.0927903044378224,0.3306634506334157,0.9833381591425013,0.4431233111694081
120,"[[78.16317144 -8.37886354]
 [73.87585369 -7.12180961]
 [66.79814309 -5.46632545]
 [59.60601114 -5.12521462]
 [53.30283209 -5.21472998]
 [47.38475306 -4.72850909]
 [41.3398268  -3.7279923 ]
 [35.01063696 -2.66794731]
 [28.38120297 -1.64410595]
 [21.2836184  -0.62621817]
 [13.69295535  0.31478893]
 [ 6.28809763  0.87599027]
 [ 0.          0.86409693]]",[[0 0]],,0,,End,0.5648536682128906,1.286671847670833,0.8640969276944742,0.5558038038181947,0.10719707736197835
121,"[[ 4.73637219e+01 -3.48437854e+01]
 [ 4.27376818e+01 -3.29071017e+01]
 [ 3.53000648e+01 -2.69124910e+01]
 [ 2.60549205e+01 -1.71938256e+01]
 [ 1.33799979e+01 -6.15066853e+00]
 [ 8.27238262e-01 -9.43539494e-02]
 [ 0.00000000e+00  3.98786166e-02]]",[[0 0]],,0,,End,0.2892265319824219,0.4774333942407283,0.0398786165703488,0.559417773237683,0.7356640053402397
122,"[[ 44.3812388  -10.86367565]
 [ 38.51649949  -8.96442802]
 [ 30.51591416  -4.67022544]
 [ 19.96775123  -0.24036974]
 [  8.06060496   1.9675443 ]
 [  0.           0.8773167 ]]",[[0 0]],,0,,End,0.2792534828186035,1.4579958395027475,0.8773167017934362,2.4179369019946595,0.24478081142970665
123,"[[ 57.76054534 -32.40525971]
 [ 52.83656451 -31.20019284]
 [ 45.60044634 -25.89256616]
 [ 35.94727059 -17.28781777]
 [ 23.68428836  -7.74386056]
 [  8.53134154  -0.56777013]
 [  0.           0.27944585]]",[[0 0]],,0,,End,0.35405468940734863,1.362265149909754,0.2794458456141897,1.7737611852981743,0.5610275928825981
124,"[[ 50.04865959 -26.71834567]
 [ 44.83515265 -25.25908618]
 [ 37.45042719 -19.58966851]
 [ 27.40127604 -10.81165819]
 [ 13.78085476  -2.42411717]
 [  1.21000163   0.48990058]
 [  0.           0.14487759]]",[[0 0]],,0,,End,0.3393399715423584,0.6828151733368981,0.14487759313632254,0.8914661182615831,0.5338473773923281
125,"[[ 31.13604531 -10.85114334]
 [ 25.5266012   -8.66856773]
 [ 17.66068093  -3.93207181]
 [  7.31081332  -0.05199564]
 [  0.           0.37178034]]",[[0 0]],,0,,End,0.17085647583007812,0.5847783282262097,0.3717803425934033,0.7994267367858324,0.3485074366633382
126,"[[ 63.66934952 -19.83259029]
 [ 58.88420961 -18.17697166]
 [ 51.11309152 -13.43515182]
 [ 40.02024026  -7.30364817]
 [ 27.01401648  -1.2344768 ]
 [ 13.41339459   2.84800547]
 [  1.62484269   1.91797062]
 [  0.           0.12701593]]",[[0 0]],,0,,End,0.30413246154785156,2.548651095147197,0.12701593338620856,0.631607081222761,0.31149352779929845
127,"[[ 70.30352338 -27.57486855]
 [ 65.68071417 -26.36013544]
 [ 58.387752   -21.62656407]
 [ 47.67503537 -14.59735374]
 [ 34.62339604  -7.28915592]
 [ 20.79502834  -0.40082852]
 [  5.81504964   2.07748571]
 [  0.           0.39447965]]",[[0 0]],,0,,End,0.3525729179382324,1.1455398595219544,0.3944796528396489,1.0355785712448673,0.3922259827922114
128,"[[60.55903667 -4.82668252]
 [56.27779936 -3.85896211]
 [49.09484313 -2.45993461]
 [41.89933049 -2.02972348]
 [35.78042374 -2.07390798]
 [29.9786335  -1.72982209]
 [23.88323154 -0.85827292]
 [17.13696653  0.16825016]
 [10.2582426   0.91013116]
 [ 4.23988021  1.07844375]
 [ 0.          0.85058351]]",[[0 0]],,0,,End,0.4470558166503906,4.461841332778022,0.8505835063280427,0.3797808280514229,0.07970210200155076
129,"[[ 7.11484403e+01 -1.82687504e+01]
 [ 6.66747915e+01 -1.66269031e+01]
 [ 5.88557161e+01 -1.23652329e+01]
 [ 4.78018888e+01 -7.22037407e+00]
 [ 3.52542018e+01 -2.38087479e+00]
 [ 2.26967114e+01  1.36138983e+00]
 [ 1.06029026e+01  2.74918940e+00]
 [ 1.62907554e+00  1.33871562e+00]
 [ 0.00000000e+00  5.46425486e-02]]",[[0 0]],,0,,End,0.3317725658416748,1.8417589895537105,0.05464254862923038,1.756505512627686,0.2567695130165335
130,"[[ 78.56612285 -10.18548164]
 [ 74.19591278  -8.80018068]
 [ 66.83108614  -6.56071368]
 [ 58.67974019  -5.36533401]
 [ 51.23719815  -5.12962278]
 [ 44.55082382  -4.74415302]
 [ 38.03170338  -3.80975643]
 [ 31.16487245  -2.6176519 ]
 [ 23.70196239  -1.35891202]
 [ 15.69570322  -0.19189504]
 [  7.88351895   0.54532776]
 [  1.64199781   0.62343417]
 [  0.           0.49788992]]",[[0 0]],,0,,End,0.5081312656402588,5.540701822895036,0.4978899223944417,1.340086433436664,0.12964215702981619
131,"[[ 8.88465779e+01 -2.54180315e+01]
 [ 8.27279527e+01 -2.38144420e+01]
 [ 7.48002168e+01 -1.94580593e+01]
 [ 6.39850138e+01 -1.37978300e+01]
 [ 5.13386716e+01 -8.45422467e+00]
 [ 3.82603969e+01 -3.42416337e+00]
 [ 2.55125999e+01  4.92624977e-01]
 [ 1.32307116e+01  2.35738866e+00]
 [ 2.82750345e+00  1.40325778e+00]
 [ 0.00000000e+00 -3.32003373e-02]]",[[0 0]],,0,,End,0.5870687961578369,1.4258137089144365,0.03320033731541017,1.3428452286874808,0.28608903226172744
132,"[[ 5.39623209e+01 -4.99239820e+00]
 [ 4.89997737e+01 -3.92999934e+00]
 [ 4.15538386e+01 -2.06685010e+00]
 [ 3.34979380e+01 -7.16483019e-01]
 [ 2.56920498e+01 -5.08486636e-03]
 [ 1.80049610e+01  5.52204628e-01]
 [ 1.07389387e+01  9.71211043e-01]
 [ 4.48730347e+00  9.65680686e-01]
 [ 5.98714075e-01  6.35265393e-01]
 [ 0.00000000e+00  3.76659405e-01]]",[[0 0]],,0,,End,0.3776395320892334,4.097314251767036,0.3766594048836653,1.136759761952511,0.09251637292260088
133,"[[ 8.24271681e+01 -9.50401880e+00]
 [ 7.76062740e+01 -8.19156472e+00]
 [ 7.04186600e+01 -6.34403212e+00]
 [ 6.30009915e+01 -5.76722731e+00]
 [ 5.62662093e+01 -5.74800408e+00]
 [ 4.99131962e+01 -5.22351775e+00]
 [ 4.34906615e+01 -4.20030228e+00]
 [ 3.68991981e+01 -3.12152190e+00]
 [ 3.01464498e+01 -2.08607678e+00]
 [ 2.30409231e+01 -1.05295792e+00]
 [ 1.54097586e+01 -4.91652114e-02]
 [ 7.70164622e+00  6.64150119e-01]
 [ 1.30273593e+00  7.93347387e-01]
 [ 0.00000000e+00  6.49519834e-01]]",[[0 0]],,0,,End,0.5486490726470947,2.0812061823308694,0.6495198340539965,0.6617014848516681,0.11530201785347113
134,"[[ 30.2688264  -15.64353732]
 [ 25.45190604 -13.18247964]
 [ 17.48642796  -7.04957991]
 [  6.55565236  -1.06565503]
 [  0.           0.24012723]]",[[0 0]],,0,,End,0.16653847694396973,0.39361456197380623,0.24012722944173945,0.28399677815627916,0.5168200813205948
135,"[[ 40.49965599 -14.92417225]
 [ 34.6917897  -12.77308892]
 [ 26.66574668  -7.27703984]
 [ 15.47554686  -1.37201447]
 [  3.32104646   1.09327733]
 [  0.           0.21184925]]",[[0 0]],,0,,End,0.20832467079162598,1.1256859799720276,0.21184924856500018,0.41185983370073487,0.3685012102275062
136,"[[ 55.21583705 -24.92617224]
 [ 49.98394516 -23.46829464]
 [ 42.5260036  -18.11294903]
 [ 32.17932713 -10.1710604 ]
 [ 18.81333518  -2.41265834]
 [  4.40481222   1.03593266]
 [  0.           0.27157384]]",[[0 0]],,0,,End,0.32010817527770996,1.2645026979376417,0.2715738400208736,0.9983215651758296,0.45143157419505814
137,"[[67.87780161 -7.53080978]
 [63.9608083  -6.25415033]
 [56.65289404 -4.33969344]
 [48.78904632 -3.44101264]
 [41.87853989 -3.28473394]
 [35.60353737 -2.91053697]
 [29.30419266 -1.99540785]
 [22.38551107 -0.82405047]
 [14.97346201  0.2559503 ]
 [ 7.87158323  0.85581143]
 [ 2.22521759  0.85433065]
 [ 0.          0.65875404]]",[[0 0]],,0,,End,0.46338868141174316,1.6236286534343352,0.6587540366936293,0.44821113171508686,0.11094657756023935
138,"[[ 45.0211764  -20.56627774]
 [ 39.45488561 -18.64104101]
 [ 31.68824816 -12.71369311]
 [ 20.78617268  -4.94779646]
 [  6.98664024   0.37907447]
 [  0.           0.40148766]]",[[0 0]],,0,,End,0.2672557830810547,1.0432780460584512,0.40148765781906454,0.5121833204720047,0.4568134240061456
139,"[[ 30.84700964 -22.83616936]
 [ 27.12414049 -20.49178303]
 [ 19.45432804 -13.47690871]
 [  8.40807075  -4.22857336]
 [  0.           0.08940838]]",[[0 0]],,0,,End,0.24733686447143555,0.8371003341722512,0.0894083772530515,1.6947280390116901,0.740304153644594
140,"[[ 54.57892394 -10.71151965]
 [ 49.56184713  -9.00753958]
 [ 41.60529462  -5.31983562]
 [ 31.30198603  -1.3953544 ]
 [ 19.96719504   1.53459968]
 [  8.98984333   2.42945584]
 [  1.30115512   1.16826091]
 [  0.           0.17086098]]",[[0 0]],,0,,End,0.3779151439666748,2.2891955556498,0.17086098414738693,1.3359264035667515,0.19625743566224627
141,"[[ 88.04484178 -32.60381392]
 [ 82.57784768 -31.35200847]
 [ 74.93010602 -26.59431537]
 [ 64.09302175 -19.73165449]
 [ 50.94445179 -13.0044654 ]
 [ 36.96344358  -6.0144369 ]
 [ 22.93668578   0.46285617]
 [  8.0354106    3.00273625]
 [  0.           0.66238886]]",[[0 0]],,0,,End,0.37694573402404785,0.8996575181072806,0.6623888628057033,0.9434368584044877,0.3703091885409506
142,"[[ 39.32152978 -31.05869727]
 [ 35.30711513 -29.06993501]
 [ 27.90220188 -22.6077952 ]
 [ 17.98481207 -12.21026248]
 [  4.80253855  -2.2991461 ]
 [  0.           0.09384509]]",[[0 0]],,0,,End,0.27523183822631836,0.4334587179786285,0.09384508628783057,0.6517354516412399,0.7898649274111326
143,"[[ 69.33072335 -26.77415857]
 [ 64.67836534 -25.51195915]
 [ 57.34513942 -20.76442071]
 [ 46.60139071 -13.78466109]
 [ 33.53182255  -6.53213076]
 [ 19.65234059   0.11884777]
 [  4.92079812   2.06329025]
 [  0.           0.33874063]]",[[0 0]],,0,,End,0.36901164054870605,0.6198258857396265,0.3387406328431047,0.694016438720176,0.3861802859375057
144,"[[ 6.93781372e+01 -1.39180194e+01]
 [ 6.51560987e+01 -1.22973151e+01]
 [ 5.73192809e+01 -8.65894827e+00]
 [ 4.68760871e+01 -4.82847527e+00]
 [ 3.56111998e+01 -1.90410488e+00]
 [ 2.45842533e+01 -3.91473219e-02]
 [ 1.46971048e+01  9.01560170e-01]
 [ 6.54018836e+00  9.05869506e-01]
 [ 1.26535650e+00  3.67628497e-01]
 [ 0.00000000e+00  1.34188331e-01]]",[[0 0]],,0,,End,0.4335513114929199,8.75925712782059,0.13418833063929292,4.138400514995501,0.20061102760861518
145,"[[ 3.55628454e+01 -1.66623268e+01]
 [ 3.01786844e+01 -1.43598634e+01]
 [ 2.21931320e+01 -8.26925262e+00]
 [ 1.08647333e+01 -1.71397769e+00]
 [ 6.47679660e-01  5.25342177e-01]
 [ 0.00000000e+00  2.54271553e-02]]",[[0 0]],,0,,End,0.23604273796081543,0.7110925386677484,0.025427155321723193,0.44245817364765594,0.468531880160776
146,"[[ 3.40757239e+01 -3.38072327e+01]
 [ 3.13152509e+01 -3.10117742e+01]
 [ 2.38102283e+01 -2.40621172e+01]
 [ 1.38552190e+01 -1.29992186e+01]
 [ 1.78605532e+00 -2.20708643e+00]
 [ 0.00000000e+00 -2.50202531e-02]]",[[0 0]],,0,,End,0.21409988403320312,1.2310996205989495,0.02502025307182159,2.6838956332854575,0.9921207472360277
147,"[[ 89.38301955 -22.56310849]
 [ 83.05678041 -20.88558535]
 [ 75.00047278 -16.70054583]
 [ 64.32546884 -11.62866144]
 [ 52.30265833  -7.19861155]
 [ 39.93119582  -3.67745014]
 [ 28.056222    -1.3894642 ]
 [ 17.65468084  -0.12228558]
 [  8.57280389   0.16821941]
 [  2.06163413  -0.1457372 ]
 [  0.          -0.16653157]]",[[0 0]],,0,,End,0.4362668991088867,1.8873776975997185,0.16653156930649093,0.9056011851652577,0.25243171027338135
148,"[[ 63.8702773  -32.6500169 ]
 [ 59.11996903 -31.56900878]
 [ 51.94817092 -26.48658698]
 [ 41.96003061 -18.37831706]
 [ 29.69578684  -9.49081082]
 [ 15.18830498  -1.51696453]
 [  1.45009411   0.60666678]
 [  0.           0.19288955]]",[[0 0]],,0,,End,0.39095306396484375,1.5947577903714019,0.19288954881900675,1.8077136892634946,0.5111926592878487
149,"[[38.33730841 -3.59406229]
 [31.7307429  -2.73567441]
 [24.48708655 -0.78409405]
 [16.26594868  0.96099237]
 [ 7.51767222  1.43636714]
 [ 1.316268    0.66252816]
 [ 0.          0.14348214]]",[[0 0]],,0,,End,0.28035545349121094,1.1011539165043287,0.14348214116441635,1.6702075053612957,0.09374842525465549
150,"[[ 72.47510469 -15.58598998]
 [ 68.14987101 -13.96139282]
 [ 60.31228265 -10.14091262]
 [ 49.6722104   -5.95465207]
 [ 38.04106863  -2.58950223]
 [ 26.54046861  -0.33275349]
 [ 16.10915845   0.84664311]
 [  7.39040551   0.95022154]
 [  1.56137324   0.3523946 ]
 [  0.           0.07306609]]",[[0 0]],,0,,End,0.5267276763916016,1.6160612427169305,0.07306609113152153,1.5980762003883888,0.21505301789056167
151,"[[ 84.19040927 -32.14598004]
 [ 79.18699376 -30.97142907]
 [ 71.73424441 -26.23775982]
 [ 60.92109217 -19.30775458]
 [ 47.72842723 -12.40763862]
 [ 33.94511775  -5.22119336]
 [ 19.69481824   1.10301976]
 [  4.90520672   2.40519543]
 [  0.           0.31024179]]",[[0 0]],,0,,End,0.48769497871398926,1.4355937743473068,0.3102417890643371,1.2682017367992493,0.381824727080589
152,"[[ 37.62289172 -31.08189081]
 [ 33.87716221 -28.97544835]
 [ 26.45807679 -22.37807268]
 [ 16.44029643 -11.80932604]
 [  3.54728605  -1.98310604]
 [  0.           0.04986262]]",[[0 0]],,0,,End,0.22340607643127441,0.5265567020807146,0.04986262366431071,0.8497863512775222,0.8261430578643991
153,"[[ 77.918754   -30.66354923]
 [ 73.29476083 -29.54413519]
 [ 66.02481715 -24.85295946]
 [ 55.27461157 -17.85433614]
 [ 42.13185216 -10.71638597]
 [ 28.55017517  -3.36756129]
 [ 13.70028535   1.95442304]
 [  1.18957613   1.28200154]
 [  0.           0.13918661]]",[[0 0]],,0,,End,0.3503246307373047,2.061302090121813,0.13918660870053604,1.8535129186378312,0.3935323353694097
154,"[[ 64.69557687 -24.66855057]
 [ 59.87728642 -23.27084069]
 [ 52.41993834 -18.38732852]
 [ 41.66217282 -11.37703334]
 [ 28.56707861  -4.15520829]
 [ 14.30862102   1.44457922]
 [  1.58933693   1.42709843]
 [  0.           0.16862036]]",[[0 0]],,0,,End,0.3342316150665283,1.3701940211490267,0.16862035510436668,1.4118578878603003,0.3813019646456772
155,"[[ 61.52014879 -30.4332437 ]
 [ 56.66703203 -29.32686633]
 [ 49.46776273 -24.24460264]
 [ 39.44914652 -16.14493508]
 [ 26.94292262  -7.40768087]
 [ 12.02740925  -0.39534805]
 [  0.           0.5323025 ]]",[[0 0]],,0,,End,0.39893603324890137,1.2942951899601802,0.5323024958653028,1.6787551005595405,0.4946874203280586
156,"[[ 31.25337538 -30.1572805 ]
 [ 28.69826666 -27.6665144 ]
 [ 21.24639666 -20.56898089]
 [ 10.81531566  -9.51492817]
 [  0.          -0.80528873]]",[[0 0]],,0,,End,0.2463397979736328,1.3453094644705161,0.8052887290465904,2.796060854873137,0.964928751834315
157,"[[ 54.22858952 -31.54445032]
 [ 49.25164113 -30.26457743]
 [ 41.98448155 -24.80982343]
 [ 32.40476116 -15.92775281]
 [ 19.82809748  -6.22042669]
 [  4.90547239  -0.09034955]
 [  0.           0.18523401]]",[[0 0]],,0,,End,0.2792832851409912,1.131040304840081,0.18523401396773545,1.5336008943172177,0.5816940952444994
158,"[[ 36.93167536 -12.99972545]
 [ 31.10796008 -10.81250776]
 [ 23.0821734   -5.59523033]
 [ 12.03116591  -0.5350934 ]
 [  1.55595886   0.85602727]
 [  0.           0.08291488]]",[[0 0]],,0,,End,0.22695207595825195,1.0867615991248085,0.0829148824431337,0.8565291877969805,0.3519939271916057
159,"[[ 46.92084679 -27.23854189]
 [ 41.82379016 -25.7056007 ]
 [ 34.44058104 -19.82616624]
 [ 24.41236654 -10.64311595]
 [ 10.63877885  -2.11679617]
 [  0.           0.33753906]]",[[0 0]],,0,,End,0.21723079681396484,0.45172618251102364,0.3375390633618995,0.7451760603697042,0.5805211063900536
160,"[[ 67.60952795 -21.75495544]
 [ 62.93302353 -20.19474   ]
 [ 55.27786175 -15.51315926]
 [ 44.19836234  -9.28729444]
 [ 31.12436635  -2.96078893]
 [ 17.61558698   2.17150554]
 [  4.10792389   2.65129632]
 [  0.           0.32538784]]",[[0 0]],,0,,End,0.3196573257446289,1.0169805777817453,0.3253878390417847,0.6848396762774958,0.3217735147349904
161,"[[ 3.12995459e+01 -7.92470859e+00]
 [ 2.52762532e+01 -6.09992465e+00]
 [ 1.76677033e+01 -2.43944048e+00]
 [ 8.05002788e+00  3.33072237e-01]
 [ 7.80769352e-01  4.54704951e-01]
 [ 0.00000000e+00  1.90820528e-02]]",[[0 0]],,0,,End,0.22443842887878418,0.6885203577205157,0.01908205277410568,0.9610171753764122,0.2531892517212652
162,"[[66.97300616 -6.9956811 ]
 [63.04525736 -5.7688932 ]
 [55.78411963 -3.98801381]
 [48.12168068 -3.26017894]
 [41.49150095 -3.19592447]
 [35.45164882 -2.83985645]
 [29.32536235 -1.92971086]
 [22.5304285  -0.77314094]
 [15.19432062  0.29727739]
 [ 8.10575484  0.906923  ]
 [ 2.40482202  0.9144292 ]
 [ 0.          0.70178466]]",[[0 0]],,0,,End,0.48950791358947754,3.0355028993098614,0.7017846555035783,0.6813204265631945,0.10445523511625229
163,"[[ 61.88482728 -22.15733751]
 [ 56.94378849 -20.59247769]
 [ 49.31309009 -15.63759041]
 [ 38.42131513  -8.85603265]
 [ 25.2674473   -2.06356947]
 [ 11.03089582   2.26146827]
 [  0.           1.13167986]]",[[0 0]],,0,,End,0.31752800941467285,0.75709285587759,1.1316798629188958,0.9468532440186217,0.3580415181218138
164,"[[ 73.13524735 -26.543091  ]
 [ 68.51088986 -25.24059895]
 [ 61.13182581 -20.59931817]
 [ 50.25467978 -13.92644001]
 [ 37.08388055  -7.05908015]
 [ 23.52871461  -0.40859386]
 [  8.72063904   2.76520824]
 [  0.           0.77777153]]",[[0 0]],,0,,End,0.34037351608276367,0.6204252990524918,0.777771533024139,0.8872974681473729,0.3629315817642972
165,"[[ 44.35613933 -32.09071957]
 [ 39.83521911 -30.32457935]
 [ 32.45770247 -24.22458694]
 [ 22.90313371 -14.28619682]
 [  9.61125586  -3.88842002]
 [  0.           0.14658112]]",[[0 0]],,0,,End,0.24722576141357422,0.543682057557084,0.1465811237585012,0.7768557258026708,0.7234786446833202
166,"[[ 68.25785435 -19.58727699]
 [ 63.67496625 -17.95318985]
 [ 55.90117592 -13.4410963 ]
 [ 44.76040777  -7.73616487]
 [ 31.88194164  -2.09402596]
 [ 18.82135654   2.32984228]
 [  5.84960886   3.00946002]
 [  0.           0.60129204]]",[[0 0]],,0,,End,0.6702046394348145,1.2599608848353427,0.6012920350806936,0.39589872698590883,0.28696004551715465
167,"[[ 78.5578263  -31.65045253]
 [ 73.9408387  -30.55995395]
 [ 66.67877501 -25.8207305 ]
 [ 55.94911456 -18.72152169]
 [ 42.83277608 -11.47891012]
 [ 29.2331827   -3.98427734]
 [ 14.37075357   1.65941545]
 [  1.43270517   1.29176845]
 [  0.           0.15534411]]",[[0 0]],,0,,End,0.423450231552124,5.774721192815141,0.15534411037704518,2.9327440746535145,0.40289369018138815
168,"[[45.27089929 -5.2900112 ]
 [39.33466925 -4.08671757]
 [31.75463143 -1.68497375]
 [23.00335647  0.55538079]
 [13.64187062  1.75010352]
 [ 5.03963641  1.51030915]
 [ 0.          0.52504978]]",[[0 0]],,0,,End,0.2792494297027588,2.2814067308871886,0.5250497848296626,0.6912266926458266,0.11685235504404179
169,"[[ 69.76983183 -22.37608256]
 [ 65.13210449 -20.84623411]
 [ 57.51017164 -16.21896933]
 [ 46.42837908 -10.03667286]
 [ 33.33849572  -3.73427089]
 [ 19.95263291   1.70933486]
 [  6.03048105   3.03084168]
 [  0.           0.55676996]]",[[0 0]],,0,,End,0.40151190757751465,0.7042774333028848,0.5567699642306273,0.43717973152567585,0.3207128635250746
170,"[[ 33.56705495 -17.81797077]
 [ 28.557732   -15.45884581]
 [ 20.61792135  -9.07338056]
 [  9.3218459   -2.02230983]
 [  0.           0.36108543]]",[[0 0]],,0,,End,0.2154233455657959,0.6726428256238122,0.3610854330335378,0.2972591258992511,0.5308172194947026
171,"[[ 73.6311831  -27.98009373]
 [ 69.03088178 -26.76544647]
 [ 61.72785211 -22.10273194]
 [ 50.93787063 -15.24046134]
 [ 37.80212739  -8.16780753]
 [ 24.19233757  -1.18665778]
 [  9.17662163   2.46737085]
 [  0.           0.75509105]]",[[0 0]],,0,,End,0.3769867420196533,0.7886025485804055,0.7550910463206799,1.028736867451933,0.38000331595065673
172,"[[43.99459542 -6.31134637]
 [37.9836622  -4.91097698]
 [30.29440769 -2.09196227]
 [21.08962351  0.58873234]
 [11.08891438  1.89248605]
 [ 2.7071962   1.27303777]
 [ 0.          0.26664019]]",[[0 0]],,0,,End,0.40192556381225586,1.0363960183706582,0.26664018945653084,1.6817130781706924,0.14345731124412905
173,"[[ 36.56149505 -14.87433763]
 [ 30.91711595 -12.61697649]
 [ 22.89140695  -6.92908226]
 [ 11.64442992  -1.11421569]
 [  1.13278028   0.70382952]
 [  0.           0.05593102]]",[[0 0]],,0,,End,0.3151564598083496,0.91042131328715,0.05593102013296661,1.0958697643105302,0.406830672954246
174,"[[ 49.65263459 -23.50192295]
 [ 44.239667   -21.85072235]
 [ 36.6762219  -16.15184206]
 [ 26.21200131  -7.96308017]
 [ 12.34694243  -0.86867983]
 [  0.80001488   0.67782731]
 [  0.           0.15147023]]",[[0 0]],,0,,End,0.29541683197021484,1.0269943706801734,0.15147022527158258,1.2126228683792784,0.47332680619078293
175,"[[ 79.04438245 -26.43708434]
 [ 74.21458734 -25.058116  ]
 [ 66.71842351 -20.53843153]
 [ 55.76611001 -14.24125247]
 [ 42.56688878  -7.90007338]
 [ 29.22783512  -1.5442549 ]
 [ 15.21030741   2.97983867]
 [  2.25678103   2.18491732]
 [  0.           0.10635772]]",[[0 0]],,0,,End,0.3538014888763428,1.3380505277628008,0.10635772262944623,1.1227891498849814,0.33445873718695224
176,"[[ 61.28446054 -28.98754917]
 [ 56.39265572 -27.83511813]
 [ 49.1579296  -22.77183359]
 [ 39.01715811 -14.81175515]
 [ 26.31835623  -6.35343071]
 [ 11.37153111   0.10106768]
 [  0.           0.57195178]]",[[0 0]],,0,,End,0.3327293395996094,0.9229626295369037,0.5719517789393693,1.2767600859485568,0.4729999890908967
177,"[[ 67.89263743 -14.1114527 ]
 [ 63.62403222 -12.47074392]
 [ 55.76165422  -8.72029231]
 [ 45.18552605  -4.66653194]
 [ 33.64788141  -1.4212716 ]
 [ 22.32028369   0.66456863]
 [ 12.18469276   1.47914238]
 [  4.20642058   1.03999101]
 [  0.           0.26540286]]",[[0 0]],,0,,End,0.39783549308776855,11.144835264320891,0.2654028552440313,2.0024758936628575,0.20784952885071448
178,"[[ 75.40597351 -34.92576969]
 [ 70.90143951 -33.84552554]
 [ 63.70500092 -28.83016072]
 [ 53.17050057 -21.21320911]
 [ 40.39813146 -13.18305062]
 [ 26.89881211  -4.87426856]
 [ 11.39684198   0.87495748]
 [  0.           0.57902943]]",[[0 0]],,0,,End,0.320263147354126,0.9860994893878651,0.5790294310270949,1.1629872544700477,0.463169800282079
179,"[[ 56.00216529 -27.46037512]
 [ 50.88836283 -26.16573843]
 [ 43.56697554 -20.85736007]
 [ 33.50377962 -12.58336267]
 [ 20.44183665  -4.08892557]
 [  5.54293852   0.62131715]
 [  0.           0.27805165]]",[[0 0]],,0,,End,0.27301740646362305,1.2289111748269839,0.278051648545136,1.7087675350333946,0.49034488189595915
180,"[[ 59.58609907 -18.88713034]
 [ 54.58864905 -17.1617929 ]
 [ 46.75452837 -12.28241312]
 [ 35.71061007  -6.04088963]
 [ 22.66329758  -0.1048989 ]
 [  8.91379419   2.84786242]
 [  0.           1.01810802]]",[[0 0]],,0,,End,0.2838625907897949,0.8273313128550628,1.0181080175165218,1.244305035718918,0.31697208969259566
181,"[[ 74.86719037 -20.52719594]
 [ 70.24624497 -18.92697815]
 [ 62.49406866 -14.58185946]
 [ 51.41238175  -9.15098125]
 [ 38.65643445  -3.88121876]
 [ 25.86616449   0.62339276]
 [ 13.17021972   2.92593808]
 [  2.55699799   1.83632664]
 [  0.           0.10133937]]",[[0 0]],,0,,End,0.36875343322753906,1.468622213037322,0.10133936612256418,0.6810290290362236,0.2741814651307764
182,"[[ 31.34845107 -17.27081086]
 [ 26.59641774 -14.83226528]
 [ 18.65125951  -8.42188394]
 [  7.50811743  -1.64098093]
 [  0.           0.26944741]]",[[0 0]],,0,,End,0.2642967700958252,0.535228496132981,0.2694474071374248,0.41422633096995215,0.5509302779476493
183,"[[ 83.14551649 -10.54597706]
 [ 78.19547679  -9.17133703]
 [ 70.84307916  -7.01251573]
 [ 62.93550932  -5.98781665]
 [ 55.63821564  -5.82895034]
 [ 48.92622515  -5.38107927]
 [ 42.2959118   -4.39703779]
 [ 35.47811948  -3.25301502]
 [ 28.34715994  -2.09447082]
 [ 20.70800361  -0.93362482]
 [ 12.63853367   0.09535724]
 [  5.055744     0.62740656]
 [  0.           0.57655602]]",[[0 0]],,0,,End,0.6202003955841064,2.883156538611534,0.5765560175049482,0.4188855503546215,0.1268375915757931
184,"[[ 47.22185192 -18.38568752]
 [ 41.56797656 -16.43032885]
 [ 33.679855   -10.82533161]
 [ 22.69309144  -3.858612  ]
 [  9.02270404   0.95523989]
 [  0.           0.72044255]]",[[0 0]],,0,,End,0.23870348930358887,1.563125504364132,0.7204425511135614,1.33506741068024,0.38934702412050515
185,"[[39.45282006 -3.73961806]
 [32.92676968 -2.84697551]
 [25.63149571 -0.85533237]
 [17.36685946  0.94784099]
 [ 8.51181093  1.5370687 ]
 [ 1.77515664  0.80301767]
 [ 0.          0.17912954]]",[[0 0]],,0,,End,0.3142979145050049,3.855294304364765,0.17912953904207207,1.108394608853825,0.09478709128273168
186,"[[ 88.99136053 -11.27721083]
 [ 82.92177665  -9.88859934]
 [ 75.4563808   -7.7169247 ]
 [ 67.66326959  -6.70406876]
 [ 60.26449316  -6.51229514]
 [ 53.25274945  -5.96629193]
 [ 46.2572349   -4.92716178]
 [ 39.2222148   -3.80686074]
 [ 32.17291998  -2.72506609]
 [ 24.91171078  -1.6432658 ]
 [ 17.14974665  -0.55910251]
 [  9.11218427   0.31178155]
 [  2.08925058   0.60989502]
 [  0.           0.51606343]]",[[0 0]],,0,,End,0.7648992538452148,2.9692259655899256,0.5160634255033855,0.984536338606551,0.12672253539156753
187,"[[ 66.37269713 -11.09386716]
 [ 62.24537066  -9.53823046]
 [ 54.49029218  -6.42881147]
 [ 44.73036999  -3.54614495]
 [ 34.68219452  -1.6936332 ]
 [ 25.038123    -0.54718188]
 [ 16.27461169   0.28817997]
 [  8.67658524   0.66871169]
 [  2.82936158   0.54055787]
 [  0.           0.32770376]]",[[0 0]],,0,,End,0.49068641662597656,8.280605208987403,0.32770376225595094,2.9531302823383965,0.167145040635468
188,"[[ 49.18654403 -32.05385578]
 [ 44.33617194 -30.54689041]
 [ 37.00745465 -24.77879721]
 [ 27.54825824 -15.35023899]
 [ 14.61036287  -5.14027283]
 [  1.43003293   0.06610389]
 [  0.           0.08829089]]",[[0 0]],,0,,End,0.38496828079223633,1.1045060080985976,0.08829088626295936,1.7529900069048991,0.6516793648513032
189,"[[ 71.47798148 -22.98915444]
 [ 66.84787772 -21.48599989]
 [ 59.25538916 -16.8922222 ]
 [ 48.18334404 -10.71854942]
 [ 35.07348729  -4.41976063]
 [ 21.74928162   1.24474096]
 [  7.66166136   3.22955869]
 [  0.           0.79592747]]",[[0 0]],,0,,End,0.35746312141418457,1.0000641065569564,0.7959274674931487,1.2118134316900355,0.3216256805298175
190,"[[ 89.21294571 -12.563841  ]
 [ 83.06726427 -11.11105417]
 [ 75.41034379  -8.5656475 ]
 [ 67.03991814  -6.97760872]
 [ 59.0020365   -6.58847903]
 [ 51.59940396  -6.15711936]
 [ 44.41721832  -5.19019035]
 [ 37.17126572  -3.9932546 ]
 [ 29.69009435  -2.74969858]
 [ 21.73556001  -1.48462035]
 [ 13.31713823  -0.33141608]
 [  5.34040958   0.31880713]
 [  0.           0.33610847]]",[[0 0]],,0,,End,0.6522347927093506,9.190069599182069,0.3361084741101251,1.9418246627511921,0.14082979661920692
191,"[[ 55.99131253 -22.96058538]
 [ 50.74161989 -21.38562523]
 [ 43.15622518 -16.09228061]
 [ 32.55054707  -8.61332816]
 [ 19.14995745  -1.47139901]
 [  4.89233805   1.47612936]
 [  0.           0.33029263]]",[[0 0]],,0,,End,0.30414342880249023,1.3210244538804625,0.3302926268405215,0.8727071929323046,0.41007406930057955
192,"[[ 65.54579539 -31.01256586]
 [ 60.84480299 -29.95671462]
 [ 53.67957361 -24.99804631]
 [ 43.47555406 -17.17205173]
 [ 30.944786    -8.76397799]
 [ 16.57313288  -1.16437918]
 [  2.27766718   0.87735811]
 [  0.           0.2114025 ]]",[[0 0]],,0,,End,0.3810129165649414,1.2397744847771832,0.2114025031495338,1.9666301719370736,0.4731434820174757
193,"[[ 7.67269355e+01 -9.60669581e+00]
 [ 7.25316329e+01 -8.24298939e+00]
 [ 6.52103264e+01 -6.10330912e+00]
 [ 5.71795479e+01 -5.03891370e+00]
 [ 4.99406736e+01 -4.85974526e+00]
 [ 4.34393453e+01 -4.47956805e+00]
 [ 3.70614586e+01 -3.54645021e+00]
 [ 3.02789087e+01 -2.36351384e+00]
 [ 2.28657318e+01 -1.12309194e+00]
 [ 1.49407411e+01 -1.19090281e-03]
 [ 7.31195757e+00  6.57433879e-01]
 [ 1.34661106e+00  6.77339148e-01]
 [ 0.00000000e+00  5.43778582e-01]]",[[0 0]],,0,,End,0.541679859161377,4.584224641664679,0.5437785824508082,1.113214408956116,0.12520630148518225
194,"[[ 64.36871589 -17.22736927]
 [ 59.74749662 -15.52559535]
 [ 51.8686471  -11.08273478]
 [ 40.77811384  -5.66789548]
 [ 28.10814102  -0.53729952]
 [ 15.24856231   2.84987716]
 [  3.55111651   2.42794557]
 [  0.           0.31691536]]",[[0 0]],,0,,End,0.35709357261657715,1.4821881877922798,0.3169153624335791,0.46258543926234713,0.2676357456454206
195,"[[ 49.97631807 -10.58358561]
 [ 44.52691354  -8.80864061]
 [ 36.54073963  -4.88981994]
 [ 26.16496999  -0.70960772]
 [ 14.52808136   2.1111786 ]
 [  3.88741019   2.03159768]
 [  0.           0.40447182]]",[[0 0]],,0,,End,0.4208717346191406,1.048267368337297,0.40447181680215166,0.5209054286067046,0.21177201558614497
196,"[[ 5.85252081e+01 -8.79436235e+00]
 [ 5.39703065e+01 -7.28545020e+00]
 [ 4.62005028e+01 -4.39794822e+00]
 [ 3.67353560e+01 -1.73953567e+00]
 [ 2.69449827e+01  1.08040861e-02]
 [ 1.75130120e+01  9.88163526e-01]
 [ 9.20110442e+00  1.26204921e+00]
 [ 2.91413433e+00  8.52116370e-01]
 [ 0.00000000e+00  3.78379249e-01]]",[[0 0]],,0,,End,0.3830127716064453,6.990343078276997,0.37837924924292554,2.8729281552029353,0.15026622946405055
197,"[[ 67.05825841 -16.72732657]
 [ 62.59008266 -15.04981399]
 [ 54.71768689 -10.8069385 ]
 [ 43.69647325  -5.76659359]
 [ 31.24626373  -1.11226056]
 [ 18.79475849   2.14624811]
 [  7.12264143   2.64935686]
 [  0.           0.80757422]]",[[0 0]],,0,,End,0.31726956367492676,1.1174517250209597,0.8075742208665851,1.0212536297057664,0.24944469133950015
198,"[[ 65.51067704 -23.79446768]
 [ 60.72724955 -22.34183109]
 [ 53.20975134 -17.5066013 ]
 [ 42.33703624 -10.7208095 ]
 [ 29.21741652  -3.75379718]
 [ 15.16727978   1.72116483]
 [  2.1144395    1.74688344]
 [  0.           0.17596091]]",[[0 0]],,0,,End,0.5749564170837402,1.201240445578521,0.17596090933967717,0.8230679944759292,0.36321510865623563
199,"[[65.52624348 -7.18419601]
 [61.53767604 -5.91979589]
 [54.18634729 -3.9861895 ]
 [46.2363573  -2.99144307]
 [39.16685915 -2.74415568]
 [32.66196681 -2.33381593]
 [26.12143432 -1.42244525]
 [19.05746863 -0.30210061]
 [11.82303693  0.59541721]
 [ 5.33656086  0.91544128]
 [ 0.76503968  0.77117074]
 [ 0.          0.58345045]]",[[0 0]],,0,,End,0.558081865310669,2.1348246115847984,0.5834504537762186,0.6679459315985486,0.1096384536732539
200,"[[83.87652663 -9.32804948]
 [78.83264929 -8.03794014]
 [71.69717493 -6.31239601]
 [64.50634803 -5.90862098]
 [57.93151461 -5.90414976]
 [51.59241265 -5.30419514]
 [45.11794028 -4.25014827]
 [38.53110045 -3.20438251]
 [31.92728573 -2.23663657]
 [25.14252657 -1.2837286 ]
 [17.87864047 -0.31683568]
 [10.22031164  0.50808099]
 [ 3.20431411  0.85358774]
 [ 0.          0.74111645]]",[[0 0]],,0,,End,0.9041702747344971,1.5562588537196727,0.7411164481559791,0.5518810719757298,0.11121168043332655
201,"[[53.20867662 -5.89810023]
 [48.16136957 -4.6700303 ]
 [40.57707172 -2.44105585]
 [32.00335429 -0.58220026]
 [23.36617131  0.52241323]
 [14.93692076  1.12880363]
 [ 7.4170292   1.21171129]
 [ 1.96136786  0.78346001]
 [ 0.          0.38368623]]",[[0 0]],,0,,End,0.6003923416137695,3.9205133490343522,0.3836862334058673,1.4448921642908812,0.11084846685591916
202,"[[ 38.04532062 -29.20146319]
 [ 34.00403119 -27.25078015]
 [ 26.59310541 -20.70503997]
 [ 16.38338716 -10.36587089]
 [  3.4136052   -1.43196776]
 [  0.           0.05216694]]",[[0 0]],,0,,End,0.27726030349731445,1.0707468065647396,0.052166939027091956,1.6249310865495636,0.767544147698369
203,"[[ 45.20664711 -14.52982795]
 [ 39.42642942 -12.50109625]
 [ 31.39876752  -7.35282844]
 [ 20.38155136  -1.59947031]
 [  7.44298016   1.63890093]
 [  0.           0.69565634]]",[[0 0]],,0,,End,0.2623016834259033,1.0427338369999837,0.6956563374237186,1.2896341226732426,0.32140910406284834
204,"[[ 8.79487461e+01 -3.41372349e+01]
 [ 8.26035136e+01 -3.29159236e+01]
 [ 7.49596435e+01 -2.80181357e+01]
 [ 6.41046491e+01 -2.09384444e+01]
 [ 5.09635334e+01 -1.39542085e+01]
 [ 3.68920980e+01 -6.69004836e+00]
 [ 2.27255435e+01  5.01242709e-02]
 [ 7.64262325e+00  2.68777948e+00]
 [ 0.00000000e+00  5.57545494e-01]]",[[0 0]],,0,,End,0.35822296142578125,1.1363300810356893,0.5575454941934314,0.839221284822642,0.3881491943857827
205,"[[ 68.4124318  -14.64392787]
 [ 64.12223611 -12.99826492]
 [ 56.25723559  -9.16783585]
 [ 45.59244828  -4.95803395]
 [ 33.88822091  -1.50318099]
 [ 22.35910877   0.76252195]
 [ 11.98867195   1.62255582]
 [  3.88013301   1.08548061]
 [  0.           0.23408487]]",[[0 0]],,0,,End,0.39626479148864746,8.54317173840351,0.23408487220727153,1.5774722244503174,0.2140536081468725
206,"[[ 6.14170095e+01 -1.18068109e+01]
 [ 5.69503324e+01 -1.01540816e+01]
 [ 4.90513230e+01 -6.58053926e+00]
 [ 3.87217178e+01 -2.83174915e+00]
 [ 2.75296147e+01  5.80913354e-02]
 [ 1.66526412e+01  1.65735616e+00]
 [ 7.23510831e+00  1.73407151e+00]
 [ 1.22347622e+00  7.31402245e-01]
 [ 0.00000000e+00  1.70633847e-01]]",[[0 0]],,0,,End,0.3611626625061035,1.5779647119351596,0.17063384673109644,2.026117228540515,0.19224008086254196
207,"[[ 38.78189436 -31.92036933]
 [ 34.93892476 -29.80759451]
 [ 27.51578127 -23.28709419]
 [ 17.65876221 -12.77785504]
 [  4.58850579  -2.51830861]
 [  0.           0.08296257]]",[[0 0]],,0,,End,0.22950315475463867,0.5201551458420914,0.08296256875152619,0.7446473850839997,0.8230740104241903
208,"[[52.68486071 -8.06074552]
 [47.5563571  -6.54064214]
 [39.73977374 -3.54424597]
 [30.20467655 -0.63021033]
 [20.05882781  1.3180298 ]
 [10.30889076  1.93234365]
 [ 2.81430929  1.20069074]
 [ 0.          0.33638894]]",[[0 0]],,0,,End,0.42485880851745605,3.5913295020642573,0.33638894489764404,1.7868567550919756,0.15299927550921202
209,"[[ 49.65457234 -22.18211058]
 [ 44.17650595 -20.45141908]
 [ 36.52640589 -14.77558509]
 [ 25.904278    -6.90327204]
 [ 12.03345906  -0.33563694]
 [  0.75385902   0.76899725]
 [  0.           0.14975477]]",[[0 0]],,0,,End,0.33809685707092285,0.9667108678320446,0.1497547730723058,1.4975866014563417,0.4467284588512567
210,"[[ 49.66491098 -14.05237015]
 [ 44.11797781 -12.12953332]
 [ 36.09058934  -7.34574828]
 [ 25.1878893   -1.87752761]
 [ 12.39311693   1.95998226]
 [  1.552182     1.6199519 ]
 [  0.           0.14669971]]",[[0 0]],,0,,End,0.276261568069458,1.5409312622789744,0.14669971207805615,0.539917647476205,0.2829436290156385
211,"[[ 84.15440807 -28.77111003]
 [ 78.95454046 -27.43481416]
 [ 71.40383818 -22.89385031]
 [ 60.5336555  -16.46788935]
 [ 47.34485287 -10.11518209]
 [ 33.79457774  -3.5868242 ]
 [ 19.98355781   1.97502478]
 [  5.63070199   3.01394442]
 [  0.           0.4187934 ]]",[[0 0]],,0,,End,0.35813117027282715,1.2397377930103086,0.4187933956055504,1.9534789107917598,0.3418847650126423
212,"[[ 48.59678522 -24.36874452]
 [ 43.23704783 -22.7456262 ]
 [ 35.72406756 -16.97073771]
 [ 25.35712562  -8.49031756]
 [ 11.45813636  -1.10932189]
 [  0.           0.54185482]]",[[0 0]],,0,,End,0.21941375732421875,0.5604151984634452,0.5418548163780275,0.8757852006232721,0.5014476659218047
213,"[[87.02047031 -9.42774967]
 [81.39547105 -8.1487581 ]
 [74.26751623 -6.51754126]
 [67.28352647 -6.23844459]
 [60.74616026 -6.18797867]
 [54.26793744 -5.47525409]
 [47.6018783  -4.38324296]
 [40.90596471 -3.37000083]
 [34.37277465 -2.46898215]
 [27.90125417 -1.60595502]
 [21.13814942 -0.71786529]
 [13.82037275  0.15703509]
 [ 6.3986823   0.7683949 ]
 [ 0.          0.8575043 ]]",[[0 0]],,0,,End,0.5869650840759277,3.001430522798088,0.8575042955592141,0.43284558067115325,0.10833944749967049
214,"[[ 66.72707732 -34.9766819 ]
 [ 62.04410792 -33.81701917]
 [ 54.85699729 -28.66570821]
 [ 44.81418493 -20.58009305]
 [ 32.66533507 -11.64712984]
 [ 18.70252291  -2.97059819]
 [  3.43692743   0.62247981]
 [  0.           0.19951104]]",[[0 0]],,0,,End,0.3139472007751465,1.0113277116110915,0.19951104371987277,1.05303504463632,0.5241752418951564
215,"[[ 53.82932471 -27.37146026]
 [ 48.66634416 -26.03161191]
 [ 41.32920622 -20.60022546]
 [ 31.32032191 -12.11622759]
 [ 18.09470925  -3.54961821]
 [  3.67603802   0.57726002]
 [  0.           0.20934258]]",[[0 0]],,0,,End,0.2652561664581299,0.5166396444249692,0.209342580117264,0.2886470191055869,0.5084860418520483
216,"[[ 71.25616729 -10.01756642]
 [ 67.26935741  -8.57551919]
 [ 59.74394193  -6.03533982]
 [ 50.92507187  -4.22834998]
 [ 42.59081149  -3.49863088]
 [ 34.99265531  -2.96788729]
 [ 27.66145843  -2.02630073]
 [ 20.08184942  -0.83058412]
 [ 12.48175897   0.16855385]
 [  5.70035914   0.57715398]
 [  0.87574553   0.52084649]
 [  0.           0.44474667]]",[[0 0]],,0,,End,0.7290503978729248,3.6894102732423173,0.4447466689481564,1.2555313281638651,0.14058525457719837
217,"[[ 79.48363736 -25.73841678]
 [ 74.60511262 -24.31305006]
 [ 67.05636792 -19.82262742]
 [ 56.07859984 -13.66693363]
 [ 42.9202265   -7.49380172]
 [ 29.65273279  -1.36550183]
 [ 15.85916472   3.01041563]
 [  2.8184932    2.40241833]
 [  0.           0.1393328 ]]",[[0 0]],,0,,End,0.49688029289245605,2.60671872476197,0.13933280488284455,1.6677143527987133,0.3238203186474046
218,"[[ 65.45928583 -21.76544885]
 [ 60.70175146 -20.19934047]
 [ 53.04824274 -15.4266588 ]
 [ 42.01596109  -9.02598979]
 [ 28.9228058   -2.53766549]
 [ 15.1645221    2.36195274]
 [  2.35124373   2.08263207]
 [  0.           0.17523746]]",[[0 0]],,0,,End,0.314741849899292,1.24043226660908,0.1752374578452492,0.660680083007123,0.3325036099954212
219,"[[ 53.68159995 -25.88522973]
 [ 48.44541564 -24.46226554]
 [ 41.037594   -19.01759092]
 [ 30.84895844 -10.75128858]
 [ 17.44752054  -2.66262526]
 [  3.31774579   0.77589483]
 [  0.           0.21492627]]",[[0 0]],,0,,End,0.3619964122772217,1.3500804506509838,0.21492627035916742,1.3546721353352646,0.48219929659702376
220,"[[ 6.09831107e+01 -2.93699162e+01]
 [ 5.60889346e+01 -2.82287862e+01]
 [ 4.88636016e+01 -2.31470019e+01]
 [ 3.87764613e+01 -1.51143599e+01]
 [ 2.61270212e+01 -6.54401657e+00]
 [ 1.11446740e+01  1.04407917e-03]
 [ 0.00000000e+00  5.30870652e-01]]",[[0 0]],,0,,End,0.29642391204833984,1.3444257463006073,0.5308706517106759,1.9872732677401819,0.48160738011518117
221,"[[ 73.61051946 -22.79805449]
 [ 68.97023449 -21.27788179]
 [ 61.3479847  -16.75784971]
 [ 50.25752602 -10.76981597]
 [ 37.18691072  -4.71099692]
 [ 24.02439231   0.84003103]
 [ 10.19503805   3.4221618 ]
 [  0.           1.30279089]]",[[0 0]],,0,,End,0.38496923446655273,0.7927890870608195,1.30279088645963,0.8817286092776796,0.3097119088273413
222,"[[ 53.28669159 -28.19954517]
 [ 48.15908885 -26.88150239]
 [ 40.84763854 -21.41849867]
 [ 30.94870424 -12.76653582]
 [ 17.78850695  -3.91974741]
 [  3.41598069   0.44921036]
 [  0.           0.19022915]]",[[0 0]],,0,,End,0.3679790496826172,1.2697164116788517,0.1902291547718475,2.058485660614134,0.5292042783570683
223,"[[ 88.578915   -10.1347618 ]
 [ 82.61659508  -8.81358054]
 [ 75.35346871  -6.99877454]
 [ 68.10947056  -6.48036539]
 [ 61.26162181  -6.37963685]
 [ 54.55537662  -5.70385221]
 [ 47.71760469  -4.61902916]
 [ 40.86415978  -3.57341117]
 [ 34.15635475  -2.62382226]
 [ 27.47373398  -1.70424498]
 [ 20.45678563  -0.7590076 ]
 [ 12.90119876   0.14608857]
 [  5.42332108   0.72029761]
 [  0.           0.75482814]]",[[0 0]],,0,,End,0.702542781829834,4.359163225909542,0.7548281441730951,0.3268436405651123,0.11441505920228483
224,"[[ 42.95453583 -23.54539759]
 [ 37.70906528 -21.71604367]
 [ 30.12314234 -15.54649073]
 [ 19.45794488  -6.76967822]
 [  5.7093721   -0.31908634]
 [  0.           0.23038918]]",[[0 0]],,0,,End,0.22943830490112305,0.47745495440783015,0.2303891833068545,0.5757670811182269,0.5481469450848064
225,"[[ 45.1338868  -27.53514753]
 [ 40.15416891 -25.94558079]
 [ 32.7684367  -19.9399006 ]
 [ 22.72138605 -10.52879179]
 [  8.92966135  -1.94400577]
 [  0.           0.26992803]]",[[0 0]],,0,,End,0.2383871078491211,0.3600700547347647,0.2699280349299069,0.44369394984097743,0.6100770282447096
226,"[[ 51.35441341 -26.92907924]
 [ 46.14834136 -25.51270205]
 [ 38.77949705 -19.92864036]
 [ 28.75450476 -11.25306149]
 [ 15.26767966  -2.78367194]
 [  1.92181802   0.53176414]
 [  0.           0.16166631]]",[[0 0]],,0,,End,0.3008229732513428,0.7684723448492311,0.16166631094760578,0.964698803612174,0.524377116864731
227,"[[ 8.35266366e+01 -1.43791549e+01]
 [ 7.83881760e+01 -1.28406918e+01]
 [ 7.06080468e+01 -9.66152467e+00]
 [ 6.10923513e+01 -6.87714810e+00]
 [ 5.15700311e+01 -5.56713745e+00]
 [ 4.28659335e+01 -4.97076839e+00]
 [ 3.47738366e+01 -4.09997029e+00]
 [ 2.66759540e+01 -2.79507650e+00]
 [ 1.83075356e+01 -1.40590155e+00]
 [ 1.02489146e+01 -4.24863988e-01]
 [ 3.57290842e+00 -1.05606977e-01]
 [ 0.00000000e+00  9.85035994e-03]]",[[0 0]],,0,,End,0.6981325149536133,8.062014004271505,0.009850359940177729,3.0072401078432858,0.17215053231995556
228,"[[ 57.57674435 -25.91507877]
 [ 52.46121503 -24.55311047]
 [ 45.06979967 -19.32848056]
 [ 34.76309485 -11.44830178]
 [ 21.61858917  -3.4700969 ]
 [  6.73840289   0.99570173]
 [  0.           0.37959211]]",[[0 0]],,0,,End,0.3201429843902588,1.6702269083095185,0.37959211284980265,1.696475408280605,0.45009628561093384
229,"[[ 71.76489735 -18.17377154]
 [ 67.29608597 -16.53411936]
 [ 59.47518974 -12.30786255]
 [ 48.44540632  -7.23773189]
 [ 35.95594603  -2.51426281]
 [ 23.46360221   1.12618276]
 [ 11.51431231   2.59381549]
 [  2.26722371   1.43009325]
 [  0.           0.08901246]]",[[0 0]],,0,,End,0.47871875762939453,3.0782119629244247,0.08901245540310869,1.2877911278687852,0.25324040314249163
230,"[[ 48.99023523 -30.60651202]
 [ 44.06504582 -29.16215782]
 [ 36.75056905 -23.41264471]
 [ 27.14962926 -14.06064183]
 [ 13.96516124  -4.27717951]
 [  1.15304887   0.19069723]
 [  0.           0.09903913]]",[[0 0]],,0,,End,0.7829055786132812,0.827943454686077,0.09903912919405335,1.1013453899350012,0.6247471946310968
231,"[[ 78.12489746 -22.86447374]
 [ 73.30818414 -21.31910785]
 [ 65.62503227 -16.9149259 ]
 [ 54.57475343 -11.20305863]
 [ 41.63762555  -5.56011375]
 [ 28.6501882   -0.32783427]
 [ 15.50189944   2.97729749]
 [  3.44207692   2.34123492]
 [  0.           0.18297707]]",[[0 0]],,0,,End,0.3938307762145996,1.2650429721723642,0.18297707118763357,0.6510621317355549,0.292665647924143
232,"[[ 5.38251696e+01 -4.97696789e+00]
 [ 4.88466485e+01 -3.91616216e+00]
 [ 4.13994114e+01 -2.05061259e+00]
 [ 3.33384336e+01 -6.91047079e-01]
 [ 2.55152473e+01  2.92888051e-02]
 [ 1.78088128e+01  5.85859867e-01]
 [ 1.05385242e+01  9.88863761e-01]
 [ 4.32301233e+00  9.60768996e-01]
 [ 5.28462281e-01  6.21472128e-01]
 [ 0.00000000e+00  3.68834458e-01]]",[[0 0]],,0,,End,0.4074826240539551,4.118063966978397,0.3688344581473154,1.1376193943308477,0.09246543802092885
233,"[[42.29867163 -7.8576089 ]
 [36.23030369 -6.20812865]
 [28.40914335 -2.78196025]
 [18.61196058  0.49882357]
 [ 7.90340612  1.84828022]
 [ 0.65123591  0.82416341]
 [ 0.          0.10076588]]",[[0 0]],,0,,End,0.3590881824493408,1.1746037411957304,0.10076587551900201,1.9142977152336114,0.1857649092292029
234,"[[ 54.06084623 -30.27922309]
 [ 49.03574946 -29.01666689]
 [ 41.76844695 -23.5808795 ]
 [ 32.07471538 -14.78391764]
 [ 19.28530146  -5.3832923 ]
 [  4.47087      0.13358347]
 [  0.           0.19159574]]",[[0 0]],,0,,End,0.314145565032959,1.0880534359392662,0.1915957439781477,1.6656711758453306,0.5600952482770064
235,"[[ 41.07400924 -34.14425406]
 [ 37.08046568 -31.87964242]
 [ 29.61138774 -25.47059755]
 [ 20.09879946 -15.11346768]
 [  7.02206599  -3.99737759]
 [  0.           0.10357811]]",[[0 0]],,0,,End,0.24064040184020996,0.4261277145320897,0.10357811281130576,0.8432498549105475,0.8312861269495667
236,"[[ 40.75494112 -11.47496611]
 [ 34.78092114  -9.46012531]
 [ 26.77171009  -4.82358335]
 [ 16.01382183  -0.21779153]
 [  4.41543901   1.4686652 ]
 [  0.           0.3441066 ]]",[[0 0]],,0,,End,0.26068568229675293,1.0890829747680568,0.34410659744011085,1.7338665470678705,0.2815601199287378
237,"[[ 3.65423647e+01 -2.02206542e+01]
 [ 3.14722944e+01 -1.80224931e+01]
 [ 2.36539181e+01 -1.15415599e+01]
 [ 1.23933422e+01 -3.51100171e+00]
 [ 1.08305342e+00  3.30390509e-01]
 [ 0.00000000e+00  2.51005669e-02]]",[[0 0]],,0,,End,0.2822082042694092,0.7251256745821698,0.02510056685437734,0.3814476460354021,0.5533482681797839
238,"[[ 77.29012164 -11.95086796]
 [ 72.95956323 -10.46596885]
 [ 65.36043137  -7.65404465]
 [ 56.24424107  -5.47866868]
 [ 47.43331315  -4.5781918 ]
 [ 39.46746375  -4.05751316]
 [ 31.9237155   -3.13711909]
 [ 24.16195799  -1.85462877]
 [ 16.11039669  -0.59332842]
 [  8.49262133   0.17408232]
 [  2.43713586   0.30809653]
 [  0.           0.30213261]]",[[0 0]],,0,,End,0.5424098968505859,4.538211955529793,0.302132606831911,1.8135326976599908,0.1546234849413977
239,"[[ 38.72962921 -32.0340134 ]
 [ 34.90633282 -29.90415929]
 [ 27.48044874 -23.37706069]
 [ 17.63213774 -12.85605557]
 [  4.57424119  -2.55094832]
 [  0.           0.08205088]]",[[0 0]],,0,,End,0.22641992568969727,0.5466326947455168,0.08205088182923316,0.7837629802936632,0.8271190314790515
