path_id,initial_state,final_state,h_actions,h_path,h_cost,h_distance,h_time
1,"(0, 0, 1, 0, 0, 0, -0.05236, 0, 0)","(2183.59990998254, -664.2863278647993, 1, 0, 0, 0, 0, 0, 0)","[(-0.01745, 0.0)]","[(0, 0, 1, 0, 0, 0, -0.05236, 0, 0), (874.5144151462928, -220.33154424258512, 2.544785282924183, 0.08537061359454402, -0.18356803095166938, 0.0009570234662291785, -0.01745, 0, 60.0)]",60.0,25.192745906317622,98.15747165679932
2,"(0, 0, 1, 0, 0, 0, -0.05236, 0, 0)","(2044.2081375871876, 16.002588522432383, 1, 0, 0, 0, 0, 0, 0)","[(-0.06981, 0.12684496748616697), (-0.03491, 0.19026745122925046), (-0.03491, 0.0)]","[(0, 0, 1, 0, 0, 0, -0.05236, 0, 0), (586.1911708525566, -39.831044807701716, 1.9485093186994917, 0.18004226753373806, 0.09881741812970195, -0.015749154926003532, -0.06981, 0.12684496748616697, 1980.0), (1465.2875405632947, 80.76627645510135, 2.082212861497634, 0.15453088294094544, 0.2987782955666687, -0.037012510569301105, -0.03491, 0.19026745122925046, 8520.0), (2044.1829942070044, 16.740916344795025, 1.9386939220984591, 0.11700686570794584, -0.07040122778401006, 0.0020838489196766665, -0.03491, 0, 8573.406802505351)]",8573.406802505351,0.021858591460690156,414.6994216442108
3,"(0, 0, 1, 0, 0, 0, -0.05236, 0, 0)","(2006.4311730426193, -152.1696010416172, 1, 0, 0, 0, 0, 0, 0)","[(-0.08727, 0.0), (-0.08727, 0.0), (-0.10472, 0.0), (-0.06981, 0.12684496748616697), (-0.08727, 0.0)]","[(0, 0, 1, 0, 0, 0, -0.05236, 0, 0), (450.92153228539496, -42.24148887658856, 1.1601439890567464, 0.18268815950870107, 0.05244247493540463, -0.0008517407951802834, -0.08727, 0, 60.0), (901.8016470043832, -81.970692616841, 1.1804281089461488, 0.18180957473151885, 0.06272455799851744, -5.367417076049785e-05, -0.08727, 0, 120.0), (1325.3854878522218, -118.50915850894842, 1.107091381175489, 0.19666393282176847, 0.0889826024359508, 0.0006544024139663829, -0.10472, 0, 180.0), (1910.860583383195, -154.59618778215918, 1.907542721297184, 0.17975660260470683, 0.07193629276406782, -0.01655829737395786, -0.06981, 0.12684496748616697, 2160.0), (2006.4178160075153, -152.87325793809626, 1.404357740197171, 0.17246674489153893, -0.25262939847984317, 0.0074047678269371295, -0.08727, 0, 2172.587013398874)]",2172.587013398874,0.01558511311427849,592.2203273773193
4,"(0, 0, 1, 0, 0, 0, -0.05236, 0, 0)","(2020.5228830770452, -344.04994443246625, 1, 0, 0, 0, 0, 0, 0)","[(-0.01745, 0.12684496748616697), (-0.01745, 0.0)]","[(0, 0, 1, 0, 0, 0, -0.05236, 0, 0), (1105.9299773859889, -198.7360679563873, 3.2147323348104746, 0.11670376432220936, -0.18195425561098663, -0.024869994059488768, -0.01745, 0.12684496748616697, 1980.0), (2020.4991410562932, -344.46574369485523, 2.368425392262257, 0.08787819026936582, -0.12829565640908355, -0.0004831862877586176, -0.01745, 0, 2039.752636169032)]",2039.752636169032,0.026201970377558507,635.525130033493
5,"(0, 0, 1, 0, 0, 0, -0.05236, 0, 0)","(2291.5815635831136, 118.14510667975344, 1, 0, 0, 0, 0, 0, 0)","[(-0.03491, 0.1585562093577087), (-0.03491, 0.19026745122925046), (-0.03491, 0.12684496748616697)]","[(0, 0, 1, 0, 0, 0, -0.05236, 0, 0), (860.120694073523, 7.601363352511649, 1.909494698458602, 0.14652460527815903, 0.36011784142912534, -0.033284211596317774, -0.03491, 0.1585562093577087, 3810.0), (1728.8494748217322, 100.99946351828801, 2.5956970217148028, 0.15669388040869192, 0.36739955908007565, -0.03342528192241499, -0.03491, 0.19026745122925046, 10350.0), (2291.5386902374903, 117.7416556451565, 1.6977403558432729, 0.1686442430789588, 0.05256560962440396, -0.014722908510399745, -0.03491, 0.12684496748616697, 11779.624990089591)]",11779.624990089591,0.014872598485462423,322.3906078338623
6,"(0, 0, 1, 0, 0, 0, -0.05236, 0, 0)","(2268.7553339765595, -198.85775115321374, 1, 0, 0, 0, 0, 0, 0)","[(-0.10472, 0.0), (-0.05236, 0.0), (-0.05236, 0.0), (-0.10472, 0.0), (-0.05236, 0.12684496748616697)]","[(0, 0, 1, 0, 0, 0, -0.05236, 0, 0), (426.19767611646404, -39.754465256402604, 1.1096236684379228, 0.19600204234090854, 0.09950772117627389, 0.0010797198922726523, -0.10472, 0, 60.0), (986.4474766908362, -101.25817052735698, 1.5340625446627922, 0.1430600160581509, -0.02680706143772989, 0.0008484843541361239, -0.05236, 0, 120.0), (1553.2505802796154, -154.05845792896758, 1.493271134073428, 0.14415897563553629, 0.00755269983802114, 3.2172021263813382e-06, -0.05236, 0, 180.0), (1989.0249476123292, -186.59079965111033, 1.0907359420311828, 0.19830683276422567, 0.12836484544311214, -0.0004132458869929164, -0.10472, 0, 240.0), (2268.742407159386, -198.9060239542375, 1.384442409878006, 0.06444059325011806, 0.32671955095843885, 0.01753084148829622, -0.05236, 0.12684496748616697, 1042.6433045270753)]",1042.6433045270753,0.009260627033009458,829.6602435112
7,"(0, 0, 1, 0, 0, 0, -0.05236, 0, 0)","(2041.6677895775872, -1.325823819294248, 1, 0, 0, 0, 0, 0, 0)","[(-0.06981, 0.0), (-0.03491, 0.19026745122925046), (-0.10472, 0.0), (-0.08727, 0.1585562093577087)]","[(0, 0, 1, 0, 0, 0, -0.05236, 0, 0), (497.75280682810865, -49.725538360748125, 1.3046702752108372, 0.16434886474851018, 0.0688438748192099, -3.512977965317289e-05, -0.06981, 0, 60.0), (1381.497432142819, 34.195371976843546, 1.9278865025559024, 0.14634812286151347, 0.5708536332679033, -0.036062996535577915, -0.03491, 0.19026745122925046, 6600.0), (1825.861135224126, 2.2962175606905, 1.1701462285634519, 0.1925428476508752, 0.20476272392074266, 0.004214644014602895, -0.10472, 0, 6660.0), (2041.6660940389893, 0.1449693523260231, 0.9940444064699133, 0.18442568813450516, -0.04420250099526025, -0.00678554391838019, -0.08727, 0.1585562093577087, 8283.320383731072)]",8283.320383731072,0.026818076446379853,443.6738352775574
8,"(0, 0, 1, 0, 0, 0, -0.05236, 0, 0)","(2048.8044995165214, -376.08766225031184, 1, 0, 0, 0, 0, 0, 0)","[(-0.08727, 0.0), (-0.08727, 0.0), (-0.0, 0.1585562093577087), (-0.03491, 0.0), (-0.05236, 0.12684496748616697)]","[(0, 0, 1, 0, 0, 0, -0.05236, 0, 0), (450.92153228539496, -42.24148887658856, 1.1601439890567464, 0.18268815950870107, 0.05244247493540463, -0.0008517407951802834, -0.08727, 0, 60.0), (901.8016470043832, -81.970692616841, 1.1804281089461488, 0.18180957473151885, 0.06272455799851744, -5.367417076049785e-05, -0.08727, 0, 120.0), (1096.3169347762182, -278.0235004588873, 5.166880610871004, 0.029908137460534244, -1.046853569858798, -0.01730510291291036, -0.0, 0.1585562093577087, 1075.1431063188775), (1869.6567038125697, -391.5845532709885, 2.1871947801403753, 0.11411916398099073, -0.11921769247506937, 0.005353179968246086, -0.03491, 0, 1135.1431063188775), (2048.7834604463715, -375.8404475461719, 1.4463967765213552, 0.10511330803636584, 0.06482578440294887, -0.008749963427724754, -0.05236, 0.12684496748616697, 1634.0283834139382)]",1634.0283834139382,0.009442770407710768,562.3409481048584
9,"(0, 0, 1, 0, 0, 0, -0.05236, 0, 0)","(2237.394749128388, -127.03880205995256, 1, 0, 0, 0, 0, 0, 0)","[(-0.08727, 0.0), (-0.06981, 0.0), (-0.03491, 0.0), (-0.06981, 0.19026745122925046)]","[(0, 0, 1, 0, 0, 0, -0.05236, 0, 0), (450.92153228539496, -42.24148887658856, 1.1601439890567464, 0.18268815950870107, 0.05244247493540463, -0.0008517407951802834, -0.08727, 0, 60.0), (948.3811425926549, -88.745068956841, 1.3078335927855507, 0.1643518087393768, 0.05127325658356207, -3.2394310840520277e-06, -0.06981, 0, 120.0), (1619.4275936737793, -176.14498837149827, 1.7279317985894602, 0.12114173228295702, -0.028197645051431467, -0.0010001969638207282, -0.03491, 0, 180.0), (2237.362912378476, -127.25520852395499, 1.604272936540531, 0.08568642326824402, 0.6023652870842207, 0.002584433589100104, -0.06981, 0.19026745122925046, 6638.593514627765)]",6638.593514627765,0.01608147242711173,682.0704491138458
10,"(0, 0, 1, 0, 0, 0, -0.05236, 0, 0)","(2137.8812328150416, -653.9287381828805, 1, 0, 0, 0, 0, 0, 0)","[(-0.01745, 0.0)]","[(0, 0, 1, 0, 0, 0, -0.05236, 0, 0), (874.5144151462928, -220.33154424258512, 2.544785282924183, 0.08537061359454402, -0.18356803095166938, 0.0009570234662291785, -0.01745, 0, 60.0)]",60.0,24.343201930527577,86.33961486816406
11,"(0, 0, 1, 0, 0, 0, -0.05236, 0, 0)","(2267.2467158714785, -186.2983865678821, 1, 0, 0, 0, 0, 0, 0)","[(-0.05236, 0.0), (-0.03491, 0.0), (-0.05236, 0.0), (-0.08727, 0.19026745122925046)]","[(0, 0, 1, 0, 0, 0, -0.05236, 0, 0), (561.4139249225163, -64.9998882979332, 1.558153133019857, 0.1424741561285474, -0.030059796757202523, 0.0013609798321558627, -0.05236, 0, 60.0), (1236.1822595304309, -147.10113951761505, 1.760584331387687, 0.12036066647798513, -0.041200751104118374, -0.0005020316201423652, -0.03491, 0, 120.0), (1804.7580421686032, -195.15131529371556, 1.4655331507179599, 0.14493309228671175, 0.0216108492445546, -0.0005902061038566095, -0.05236, 0, 180.0), (2267.2049750187152, -186.3445464690645, 1.7320863138990723, 0.125213485981763, 0.30958047723352966, 0.030627052497903144, -0.08727, 0.19026745122925046, 5678.826607468485)]",5678.826607468485,0.014606196973012494,733.7915902137756
12,"(0, 0, 1, 0, 0, 0, -0.05236, 0, 0)","(1953.5653508267078, -219.34018049591972, 1, 0, 0, 0, 0, 0, 0)","[(-0.03491, 0.0), (-0.06981, 0.0), (-0.03491, 0.0), (-0.06981, 0.0)]","[(0, 0, 1, 0, 0, 0, -0.05236, 0, 0), (671.5082271885556, -95.97125917870846, 1.6790257017535481, 0.12237678485287022, -0.024388067807622735, -0.0017741947486080952, -0.03491, 0, 60.0), (1170.4953841491918, -133.47993359651, 1.3063005307374977, 0.16454070944536955, 0.0031229293317317055, -0.00018642188466809386, -0.06981, 0, 120.0), (1843.817280986187, -221.3216481320053, 1.725180298352819, 0.12119630469576481, -0.03387642386553222, -0.0010466716434742846, -0.03491, 0, 180.0), (1953.5510078018572, -219.4552052481749, 1.0799307947188188, 0.17588252589871778, -0.02177682898236695, -0.007898946758383377, -0.06981, 0, 193.08649805755965)]",193.08649805755965,0.002750506505364395,625.412704706192
13,"(0, 0, 1, 0, 0, 0, -0.05236, 0, 0)","(2099.94026062817, -647.8130329345549, 1, 0, 0, 0, 0, 0, 0)","[(-0.01745, 0.0)]","[(0, 0, 1, 0, 0, 0, -0.05236, 0, 0), (874.5144151462928, -220.33154424258512, 2.544785282924183, 0.08537061359454402, -0.18356803095166938, 0.0009570234662291785, -0.01745, 0, 60.0)]",60.0,23.65329327606278,99.35384106636047
14,"(0, 0, 1, 0, 0, 0, -0.05236, 0, 0)","(2186.573521911233, -416.3634282652902, 1, 0, 0, 0, 0, 0, 0)","[(-0.08727, 0.1585562093577087), (-0.0, 0.12684496748616697), (-0.01745, 0.0), (-0.05236, 0.0)]","[(0, 0, 1, 0, 0, 0, -0.05236, 0, 0), (538.0867454671285, -12.73371881861552, 1.245720432145501, 0.18251150415991252, 0.5852655785513657, -0.024109300255904853, -0.08727, 0.1585562093577087, 3810.0), (655.2109621175695, -110.38312664706532, 3.8877366562043765, 0.04687878266567845, -1.046979777327868, -0.022197771911566362, -0.0, 0.12684496748616697, 4264.616665345278), (1650.4559945022197, -383.4348875995646, 2.533130012380216, 0.0861870480805499, -0.09222226726132517, 0.0007816003368586015, -0.01745, 0, 4324.616665345278), (2186.5596025654154, -415.9077794226431, 1.4986181278437394, 0.1435885832047098, 0.09512722621331364, 0.0003266201504063261, -0.05236, 0, 4379.731229683659)]",4379.731229683659,0.012525894930133601,269.42005443573
15,"(0, 0, 1, 0, 0, 0, -0.05236, 0, 0)","(2223.6242393341045, -298.1800452205484, 1, 0, 0, 0, 0, 0, 0)","[(-0.03491, 0.0), (-0.08727, 0.0), (-0.01745, 0.0), (-0.05236, 0.1585562093577087)]","[(0, 0, 1, 0, 0, 0, -0.05236, 0, 0), (671.5082271885556, -95.97125917870846, 1.6790257017535481, 0.12237678485287022, -0.024388067807622735, -0.0017741947486080952, -0.03491, 0, 60.0), (1134.336104914533, -128.48348175424567, 1.1736651916792011, 0.18160814175966683, 0.11155986268475156, -5.650777373175833e-05, -0.08727, 0, 120.0), (2004.7769461824955, -337.2409253216697, 2.5202947188099305, 0.08561692448062609, -0.1833517770948333, 0.00077168467372038, -0.01745, 0, 180.0), (2223.610851128682, -297.8307134205362, 1.2323652602368818, 0.02350317733577184, -0.18090985592803055, 0.01580623872779907, -0.05236, 0.1585562093577087, 1405.7971933719177)]",1405.7971933719177,0.00833259551677238,450.56312823295593
16,"(0, 0, 1, 0, 0, 0, -0.05236, 0, 0)","(2253.6159965711845, 108.2262418748029, 1, 0, 0, 0, 0, 0, 0)","[(-0.06981, 0.1585562093577087), (-0.03491, 0.19026745122925046), (-0.05236, 0.12684496748616697), (-0.08727, 0.19026745122925046)]","[(0, 0, 1, 0, 0, 0, -0.05236, 0, 0), (593.8995794736228, -31.9662168937712, 2.512666340138712, 0.19803760106230234, 0.1632190228704248, -0.012479377088171553, -0.06981, 0.1585562093577087, 3810.0), (1452.4391200757825, 96.06644953542731, 2.4396730093652965, 0.1588156506072023, 0.08401435972093436, -0.03533575785610161, -0.03491, 0.19026745122925046, 10350.0), (2135.0105982313767, 106.2228269147941, 1.7254777206239982, 0.16068899837515693, 0.21372188610316709, -0.025128791290999018, -0.05236, 0.12684496748616697, 12330.0), (2253.6107988007648, 108.61881971760367, 1.587954474058269, 0.011902372445713832, -0.23249728794572136, 0.04166903118188328, -0.08727, 0.19026745122925046, 13993.907079996829)]",13993.907079996829,0.013564375277534176,305.54961800575256
17,"(0, 0, 1, 0, 0, 0, -0.05236, 0, 0)","(2002.934157145519, -108.90481605541444, 1, 0, 0, 0, 0, 0, 0)","[(-0.06981, 0.0), (-0.10472, 0.0), (-0.05236, 0.1585562093577087), (-0.08727, 0.0)]","[(0, 0, 1, 0, 0, 0, -0.05236, 0, 0), (497.75280682810865, -49.725538360748125, 1.3046702752108372, 0.16434886474851018, 0.0688438748192099, -3.512977965317289e-05, -0.06981, 0, 60.0), (925.1510208975315, -84.35662573594529, 1.0912467811135385, 0.19985367335515858, 0.07901664064099548, -0.0014612647945511914, -0.10472, 0, 120.0), (1587.1808380281352, -77.26821222518174, 1.8436718411717312, 0.16423458193413606, -0.3824079194007132, -0.02842775534802647, -0.05236, 0.1585562093577087, 3930.0), (2002.9044118296506, -109.080674016197, 1.2826443064467066, 0.17853216930112037, -0.03826453690431695, 0.0032509087324693793, -0.08727, 0, 3981.218584000634)]",3981.218584000634,0.00632136195838565,588.7267792224884
18,"(0, 0, 1, 0, 0, 0, -0.05236, 0, 0)","(2069.566384968555, -150.4456623276706, 1, 0, 0, 0, 0, 0, 0)","[(-0.06981, 0.0), (-0.08727, 0.1585562093577087), (-0.08727, 0.0), (-0.08727, 0.0), (-0.06981, 0.12684496748616697)]","[(0, 0, 1, 0, 0, 0, -0.05236, 0, 0), (497.75280682810865, -49.725538360748125, 1.3046702752108372, 0.16434886474851018, 0.0688438748192099, -3.512977965317289e-05, -0.06981, 0, 60.0), (1035.9030003997505, -54.9727386956694, 1.3804368444419863, 0.1963414072963107, 0.21946498551060342, -0.02516888615780533, -0.08727, 0.1585562093577087, 3870.0), (1486.812587462124, -90.82198626665652, 1.1608580492695142, 0.1823365467072526, 0.09183309375605303, -0.0006316438932083653, -0.08727, 0, 3930.0), (1936.769879464615, -130.3545549486461, 1.1767178147681527, 0.18191575648493025, 0.06805689230121928, -0.0001652768593077989, -0.08727, 0, 3990.0), (2069.509890553131, -150.38475385863367, 1.9008253992305804, 0.2515387068348244, 0.13999882269789224, -0.029538981888376954, -0.06981, 0.12684496748616697, 4435.354792674225)]",4435.354792674225,0.016980744783164626,613.8693041801453
19,"(0, 0, 1, 0, 0, 0, -0.05236, 0, 0)","(2199.958161062372, -647.5805752447245, 1, 0, 0, 0, 0, 0, 0)","[(-0.01745, 0.0)]","[(0, 0, 1, 0, 0, 0, -0.05236, 0, 0), (874.5144151462928, -220.33154424258512, 2.544785282924183, 0.08537061359454402, -0.18356803095166938, 0.0009570234662291785, -0.01745, 0, 60.0)]",60.0,25.380203854470288,94.40973925590515
20,"(0, 0, 1, 0, 0, 0, -0.05236, 0, 0)","(2023.540585954998, 121.9351875230842, 1, 0, 0, 0, 0, 0, 0)","[(-0.06981, 0.12684496748616697), (-0.03491, 0.19026745122925046), (-0.03491, 0.1585562093577087)]","[(0, 0, 1, 0, 0, 0, -0.05236, 0, 0), (586.1911708525566, -39.831044807701716, 1.9485093186994917, 0.18004226753373806, 0.09881741812970195, -0.015749154926003532, -0.06981, 0.12684496748616697, 1980.0), (1465.2875405632947, 80.76627645510135, 2.082212861497634, 0.15453088294094544, 0.2987782955666687, -0.037012510569301105, -0.03491, 0.19026745122925046, 8520.0), (2023.5394427227463, 122.00827584678485, 1.9222856999581714, 0.23271653054592809, 0.07079018514865801, -0.04991264569409904, -0.03491, 0.1585562093577087, 11113.264885435661)]",11113.264885435661,0.017164927819892276,252.04384565353394
21,"(0, 0, 1, 0, 0, 0, -0.05236, 0, 0)","(1946.4765674154019, -618.4600298830927, 1, 0, 0, 0, 0, 0, 0)","[(-0.01745, 0.0)]","[(0, 0, 1, 0, 0, 0, -0.05236, 0, 0), (874.5144151462928, -220.33154424258512, 2.544785282924183, 0.08537061359454402, -0.18356803095166938, 0.0009570234662291785, -0.01745, 0, 60.0)]",60.0,20.840441471272687,113.7021107673645
22,"(0, 0, 1, 0, 0, 0, -0.05236, 0, 0)","(2011.2653686138092, 11.262503467349179, 1, 0, 0, 0, 0, 0, 0)","[(-0.03491, 0.1585562093577087), (-0.05236, 0.1585562093577087), (-0.06981, 0.0)]","[(0, 0, 1, 0, 0, 0, -0.05236, 0, 0), (860.120694073523, 7.601363352511649, 1.909494698458602, 0.14652460527815903, 0.36011784142912534, -0.033284211596317774, -0.03491, 0.1585562093577087, 3810.0), (1537.8750030735732, 52.31480971033582, 1.290652525383838, 0.17266517836753087, 0.19760122880490608, -0.03568211353439764, -0.05236, 0.1585562093577087, 7620.0), (2011.228546546208, 9.807331265976238, 1.3397012965847042, 0.16343160807187962, 0.024331644394329027, 0.0008402962114335335, -0.06981, 0, 7677.673828589551)]",7677.673828589551,0.027287136332078087,402.4427146911621
23,"(0, 0, 1, 0, 0, 0, -0.05236, 0, 0)","(2008.7994366129517, -504.9205858541745, 1, 0, 0, 0, 0, 0, 0)","[(-0.01745, 0.0), (-0.08727, 0.12684496748616697)]","[(0, 0, 1, 0, 0, 0, -0.05236, 0, 0), (874.5144151462928, -220.33154424258512, 2.544785282924183, 0.08537061359454402, -0.18356803095166938, 0.0009570234662291785, -0.01745, 0, 60.0), (978.0973283528589, -189.93543798743005, 0.0014085194868490017, 0.1649827518588376, 0.38343622658622667, 0.07966340266609599, -0.08727, 0.12684496748616697, 487.61595179576625)]",487.61595179576625,19.642148149221825,112.29322624206543
24,"(0, 0, 1, 0, 0, 0, -0.05236, 0, 0)","(1926.9632393568038, -331.66578743007415, 1, 0, 0, 0, 0, 0, 0)","[(-0.10472, 0.0), (-0.10472, 0.0), (-0.0, 0.1585562093577087), (-0.03491, 0.19026745122925046), (-0.0, 0.0), (-0.05236, 0.1585562093577087), (-0.03491, 0.0)]","[(0, 0, 1, 0, 0, 0, -0.05236, 0, 0), (426.19767611646404, -39.754465256402604, 1.1096236684379228, 0.19600204234090854, 0.09950772117627389, 0.0010797198922726523, -0.10472, 0, 60.0), (847.888138219672, -77.07626684301135, 1.101501888361084, 0.19771821284582927, 0.08761346988619702, -4.227764552283579e-05, -0.10472, 0, 120.0), (1016.1160664398266, -247.37064395984063, 4.93668253722072, 0.05403577021287494, -1.046848831732293, -0.0270703288687913, -0.0, 0.1585562093577087, 1010.198208197891), (1338.5781871932, -237.72754634590453, 3.181815950847372, -0.02082210386210846, 1.0464580956130503, 0.05993514743922339, -0.03491, 0.19026745122925046, 2415.3674779988896), (1428.6257378735945, -250.2239586314566, 2.9564174409335124, 0.027451431351238346, -1.0471823184773053, -0.0025810962448656336, -0.0, 0, 2430.794418457147), (1661.8954550442168, -242.57008061959593, 1.9046150812678804, -0.006618502418353826, 1.0461795049157332, 0.04395925357078202, -0.05236, 0.1585562093577087, 3284.1401728375486), (1926.9051438177128, -330.1464421280681, 2.3421692701571586, 0.1111911444871246, 0.3211393004997359, 0.007777463964085529, -0.03491, 0, 3308.0964084674542)]",3308.0964084674542,0.0374541346642713,519.5277853012085
25,"(0, 0, 1, 0, 0, 0, -0.05236, 0, 0)","(2275.9627816039792, -362.1076673732817, 1, 0, 0, 0, 0, 0, 0)","[(-0.01745, 0.12684496748616697), (-0.01745, 0.0), (-0.05236, 0.0)]","[(0, 0, 1, 0, 0, 0, -0.05236, 0, 0), (1105.9299773859889, -198.7360679563873, 3.2147323348104746, 0.11670376432220936, -0.18195425561098663, -0.024869994059488768, -0.01745, 0.12684496748616697, 1980.0), (2024.145005442926, -345.0757178339875, 2.3674830938336395, 0.0878850118300968, -0.12905499273164198, -0.0004901789289809491, -0.01745, 0, 2040.0), (2275.936254101954, -361.05900096363104, 1.8692139854951306, 0.13823065361336917, -0.004758971588439901, 0.007379926021998891, -0.05236, 0, 2065.725838420677)]",2065.725838420677,0.0248880367350776,357.12950921058655
26,"(0, 0, 1, 0, 0, 0, -0.05236, 0, 0)","(1928.6290005712253, -297.6592160313445, 1, 0, 0, 0, 0, 0, 0)","[(-0.10472, 0.12684496748616697), (-0.01745, 0.0), (-0.10472, 0.0), (-0.10472, 0.0)]","[(0, 0, 1, 0, 0, 0, -0.05236, 0, 0), (469.61221194701676, -41.033192492547165, 1.0378654378283587, 0.2115337839642765, -0.03848147333276296, -0.02794662005724917, -0.10472, 0.12684496748616697, 1980.0), (1354.6830533723462, -263.3254334012788, 2.5501801607413777, 0.08539008527634061, -0.17637049541159389, 0.0009878734915965354, -0.01745, 0, 2040.0), (1818.541151637922, -289.87655388061694, 1.3334858872060884, 0.19137506045669253, 0.04118520412448409, 0.009510278008498007, -0.10472, 0, 2100.0), (1928.6175524443147, -298.0961538595281, 1.2316951208184652, 0.19262709468254927, 0.09529425019817893, 0.005956180218752675, -0.10472, 0, 2115.027352731309)]",2115.027352731309,0.009310303661929054,336.44812512397766
27,"(0, 0, 1, 0, 0, 0, -0.05236, 0, 0)","(2275.4654471824833, -395.1011514864455, 1, 0, 0, 0, 0, 0, 0)","[(-0.08727, 0.1585562093577087), (-0.0, 0.1585562093577087), (-0.05236, 0.0), (-0.0, 0.12684496748616697), (-0.03491, 0.19026745122925046), (-0.0, 0.0), (-0.06981, 0.12684496748616697), (-0.05236, 0.0)]","[(0, 0, 1, 0, 0, 0, -0.05236, 0, 0), (538.0867454671285, -12.73371881861552, 1.245720432145501, 0.18251150415991252, 0.5852655785513657, -0.024109300255904853, -0.08727, 0.1585562093577087, 3810.0), (664.1168295342594, -120.8160843462541, 4.233414351027833, 0.08252504091770126, -1.0465154883279784, -0.039127268487731764, -0.0, 0.1585562093577087, 4698.385792436375), (1317.9545125280074, -184.2192168806689, 1.1037152085636994, 0.16164404682947892, 0.10348781514369673, -0.009899153361537617, -0.05236, 0, 4758.385792436375), (1492.2876622682575, -362.8726590989434, 4.768859645796321, 0.083676456351669, -1.0465646820891439, -0.0351330171910644, -0.0, 0.12684496748616697, 5252.247680964084), (1822.010007995434, -347.82020347395854, 2.978044950245917, -0.08547334843897987, 1.0460916795672937, 0.06700785299735372, -0.03491, 0.19026745122925046, 6739.341948783001), (1896.892116215406, -352.0105554869585, 2.680416524389742, 0.02979522684997971, -1.047115598193353, -0.0031435709451222574, -0.0, 0, 6753.318005232695), (2071.4132665094776, -346.37936018353736, 1.2937349715625022, 0.14158874905437027, 1.047180228742274, 0.004654134552798078, -0.06981, 0.12684496748616697, 7150.479663838895), (2275.4620572348513, -394.8290375337949, 1.6203871206264635, 0.13093778425166458, 0.509472100607997, 0.005005946784370446, -0.05236, 0, 7171.1393007214765)]",7171.1393007214765,0.015518892956764393,543.3901791572571
28,"(0, 0, 1, 0, 0, 0, -0.05236, 0, 0)","(2124.2878205656684, -586.7343105781566, 1, 0, 0, 0, 0, 0, 0)","[(-0.01745, 0.0), (-0.08727, 0.12684496748616697)]","[(0, 0, 1, 0, 0, 0, -0.05236, 0, 0), (874.5144151462928, -220.33154424258512, 2.544785282924183, 0.08537061359454402, -0.18356803095166938, 0.0009570234662291785, -0.01745, 0, 60.0), (978.0973283528589, -189.93543798743005, 0.0014085194868490017, 0.1649827518588376, 0.38343622658622667, 0.07966340266609599, -0.08727, 0.12684496748616697, 487.61595179576625)]",487.61595179576625,22.105676664905545,83.53297257423401
29,"(0, 0, 1, 0, 0, 0, -0.05236, 0, 0)","(2141.2555535343777, 234.4823640456744, 1, 0, 0, 0, 0, 0, 0)","[(-0.03491, 0.19026745122925046), (-0.03491, 0.19026745122925046)]","[(0, 0, 1, 0, 0, 0, -0.05236, 0, 0), (877.5186911551583, 51.854315116787724, 1.9475585143648064, 0.14026906213529283, 0.7235752792703016, -0.03459499982669661, -0.03491, 0.19026745122925046, 6540.0), (1372.605982757533, 97.45914802862632, 0.020788291073853125, 0.030218042933348996, 0.43207140753866197, 0.11325538379655817, -0.03491, 0.19026745122925046, 10928.691033061128)]",10928.691033061128,14.229496440922237,91.37324666976929
30,"(0, 0, 1, 0, 0, 0, -0.05236, 0, 0)","(1990.6403077373477, -43.7823125804858, 1, 0, 0, 0, 0, 0, 0)","[(-0.10472, 0.0), (-0.10472, 0.0), (-0.03491, 0.1585562093577087), (-0.06981, 0.1585562093577087)]","[(0, 0, 1, 0, 0, 0, -0.05236, 0, 0), (426.19767611646404, -39.754465256402604, 1.1096236684379228, 0.19600204234090854, 0.09950772117627389, 0.0010797198922726523, -0.10472, 0, 60.0), (847.888138219672, -77.07626684301135, 1.101501888361084, 0.19771821284582927, 0.08761346988619702, -4.227764552283579e-05, -0.10472, 0, 120.0), (1708.2143763771671, -65.11651453671536, 1.943014981272512, 0.14681433595621307, 0.3442168662001214, -0.03309276782841063, -0.03491, 0.1585562093577087, 3930.0), (1990.6119316382596, -43.269854763403266, 1.0867110135957352, 0.17966766429739534, 0.44522154298804617, -0.03212030644030804, -0.06981, 0.1585562093577087, 5771.41441370015)]",5771.41441370015,0.01252012707669586,448.58700799942017
31,"(0, 0, 1, 0, 0, 0, -0.05236, 0, 0)","(2287.2519222584106, -261.1350225967302, 1, 0, 0, 0, 0, 0, 0)","[(-0.03491, 0.0), (-0.01745, 0.12684496748616697), (-0.06981, 0.0)]","[(0, 0, 1, 0, 0, 0, -0.05236, 0, 0), (671.5082271885556, -95.97125917870846, 1.6790257017535481, 0.12237678485287022, -0.024388067807622735, -0.0017741947486080952, -0.03491, 0, 60.0), (1798.3317913480491, -242.93212200034495, 3.165498154270978, 0.11690480762889163, -0.15031840541340033, -0.025248349685891475, -0.01745, 0.12684496748616697, 2040.0), (2287.2175312843137, -261.5352238140248, 1.4291191562675034, 0.15969768571287887, -0.15913371827227432, 0.003213760485742908, -0.06981, 0, 2094.7530325854277)]",2094.7530325854277,0.011212800811661018,706.2610199451447
32,"(0, 0, 1, 0, 0, 0, -0.05236, 0, 0)","(1937.668367421266, -103.80068030804794, 1, 0, 0, 0, 0, 0, 0)","[(-0.05236, 0.0), (-0.06981, 0.1585562093577087), (-0.06981, 0.0), (-0.08727, 0.12684496748616697)]","[(0, 0, 1, 0, 0, 0, -0.05236, 0, 0), (561.4139249225163, -64.9998882979332, 1.558153133019857, 0.1424741561285474, -0.030059796757202523, 0.0013609798321558627, -0.05236, 0, 60.0), (1170.7788929110347, -49.418591054363176, 1.6100170934951015, 0.18289328121558238, 0.21407073040573066, -0.02620167981256763, -0.06981, 0.1585562093577087, 3870.0), (1663.0144697695735, -88.47386528728899, 1.3643456365277422, 0.1627271021195743, 0.012278631881262476, 0.0015108137400221945, -0.06981, 0, 3930.0), (1937.6540959835959, -104.08436682507406, 1.4009957740273487, 0.07768691095919275, 0.020094453710243564, 0.020843317866246058, -0.08727, 0.12684496748616697, 4969.684452548958)]",4969.684452548958,0.00899535933465996,563.6945106983185
33,"(0, 0, 1, 0, 0, 0, -0.05236, 0, 0)","(2081.348865197631, -405.45769186720594, 1, 0, 0, 0, 0, 0, 0)","[(-0.08727, 0.1585562093577087), (-0.0, 0.1585562093577087), (-0.01745, 0.0), (-0.10472, 0.0)]","[(0, 0, 1, 0, 0, 0, -0.05236, 0, 0), (538.0867454671285, -12.73371881861552, 1.245720432145501, 0.18251150415991252, 0.5852655785513657, -0.024109300255904853, -0.08727, 0.1585562093577087, 3810.0), (664.1168295342594, -120.8160843462541, 4.233414351027833, 0.08252504091770126, -1.0465154883279784, -0.039127268487731764, -0.0, 0.1585562093577087, 4698.385792436375), (1666.1876450024488, -390.35716886999035, 2.514521751135092, 0.0864120038839955, -0.0854918654815069, 0.0006369769094119367, -0.01745, 0, 4758.385792436375), (2081.3258200190385, -406.02510100323207, 0.9554324164849626, 0.23099787257026352, 0.012214835786865785, -0.02121300608537292, -0.10472, 0, 4812.206453658923)]",4812.206453658923,0.010356607950395075,639.5480036735535
34,"(0, 0, 1, 0, 0, 0, -0.05236, 0, 0)","(2033.3426277805333, -258.7708079274749, 1, 0, 0, 0, 0, 0, 0)","[(-0.10472, 0.0), (-0.08727, 0.1585562093577087), (-0.01745, 0.0), (-0.03491, 0.0)]","[(0, 0, 1, 0, 0, 0, -0.05236, 0, 0), (426.19767611646404, -39.754465256402604, 1.1096236684379228, 0.19600204234090854, 0.09950772117627389, 0.0010797198922726523, -0.10472, 0, 60.0), (965.44511292392, -50.66787885714223, 1.3331722392134722, 0.18810520091486618, 0.4773010874367276, -0.023900710048906156, -0.08727, 0.1585562093577087, 3870.0), (1808.1664671820918, -255.222241576378, 2.4955337553163135, 0.08566259239657538, -0.20281136832286079, 0.0006114725846691413, -0.01745, 0, 3930.0), (2033.32072750897, -258.45132507467474, 1.4402545420023523, 0.13042116131863682, -0.08643997001885638, -0.006088126424079578, -0.03491, 0, 3948.8995480853087)]",3948.8995480853087,0.010131992791779815,563.6237676143646
35,"(0, 0, 1, 0, 0, 0, -0.05236, 0, 0)","(2280.361989641859, -198.13920164474428, 1, 0, 0, 0, 0, 0, 0)","[(-0.06981, 0.0), (-0.05236, 0.0), (-0.06981, 0.0), (-0.06981, 0.0), (-0.06981, 0.12684496748616697)]","[(0, 0, 1, 0, 0, 0, -0.05236, 0, 0), (497.75280682810865, -49.725538360748125, 1.3046702752108372, 0.16434886474851018, 0.0688438748192099, -3.512977965317289e-05, -0.06981, 0, 60.0), (1059.3357935531046, -106.67929351949965, 1.5092024397699872, 0.14372206498202397, -0.014759663742617607, 0.00032118979412880605, -0.05236, 0, 120.0), (1558.150582158943, -147.06344020724077, 1.3028244118545351, 0.16464154050340543, 0.01888275605646501, -0.00024853082227492784, -0.06981, 0, 180.0), (2056.2168764862304, -191.0169235614913, 1.3048006825958838, 0.16451573911881856, 0.03806000744186743, -0.00013427537858113424, -0.06981, 0, 240.0), (2280.3538600641295, -197.91141111610546, 1.3175105776346754, 0.05241222958738535, 0.08846130914579492, 0.019554586270653557, -0.06981, 0.12684496748616697, 993.1943233172124)]",993.1943233172124,0.007318553382923613,744.4052994251251
36,"(0, 0, 1, 0, 0, 0, -0.05236, 0, 0)","(2159.888170618543, -44.299792246513164, 1, 0, 0, 0, 0, 0, 0)","[(-0.03491, 0.1585562093577087), (-0.05236, 0.12684496748616697), (-0.06981, 0.0), (-0.08727, 0.0)]","[(0, 0, 1, 0, 0, 0, -0.05236, 0, 0), (860.120694073523, 7.601363352511649, 1.909494698458602, 0.14652460527815903, 0.36011784142912534, -0.033284211596317774, -0.03491, 0.1585562093577087, 3810.0), (1520.3594810237123, 8.70792144175371, 1.4169413331742644, 0.16672788749472334, 0.06752760467147971, -0.030744226927846535, -0.05236, 0.12684496748616697, 5790.0), (2017.2960799184586, -33.127794715341516, 1.3143483853274773, 0.16423283555142926, 0.026574226326308095, 0.00011224614543677269, -0.06981, 0, 5850.0), (2159.850681195031, -44.52608265153508, 1.2474589194905352, 0.17964486114856712, 0.03674252343542065, 0.002229028664812862, -0.08727, 0, 5868.942361056053)]",5868.942361056053,0.006358758485855861,500.25538754463196
37,"(0, 0, 1, 0, 0, 0, -0.05236, 0, 0)","(2291.8640551885487, -2.927844940749777, 1, 0, 0, 0, 0, 0, 0)","[(-0.06981, 0.0), (-0.03491, 0.19026745122925046), (-0.05236, 0.12684496748616697), (-0.06981, 0.0)]","[(0, 0, 1, 0, 0, 0, -0.05236, 0, 0), (497.75280682810865, -49.725538360748125, 1.3046702752108372, 0.16434886474851018, 0.0688438748192099, -3.512977965317289e-05, -0.06981, 0, 60.0), (1381.497432142819, 34.195371976843546, 1.9278865025559024, 0.14634812286151347, 0.5708536332679033, -0.036062996535577915, -0.03491, 0.19026745122925046, 6600.0), (2020.4476867968046, 25.739603478723872, 1.1342804113833864, 0.17697127713517752, 0.04923664459662002, -0.0362102947004191, -0.05236, 0.12684496748616697, 8580.0), (2291.851127808561, -2.592247880894742, 1.3739047964049198, 0.16240104804136746, 0.0429960656880303, 0.0018534448418873392, -0.06981, 0, 8612.647268691033)]",8612.647268691033,0.009323119803830672,495.6933398246765
38,"(0, 0, 1, 0, 0, 0, -0.05236, 0, 0)","(2025.893049864061, -364.6829879890867, 1, 0, 0, 0, 0, 0, 0)","[(-0.10472, 0.0), (-0.10472, 0.0), (-0.0, 0.19026745122925046), (-0.03491, 0.0), (-0.06981, 0.12684496748616697)]","[(0, 0, 1, 0, 0, 0, -0.05236, 0, 0), (426.19767611646404, -39.754465256402604, 1.1096236684379228, 0.19600204234090854, 0.09950772117627389, 0.0010797198922726523, -0.10472, 0, 60.0), (847.888138219672, -77.07626684301135, 1.101501888361084, 0.19771821284582927, 0.08761346988619702, -4.227764552283579e-05, -0.10472, 0, 120.0), (1011.6892196333478, -241.8081551911143, 5.134366308878863, 0.036234496540006676, -1.046821538900955, -0.02379636331350624, -0.0, 0.19026745122925046, 1577.0205343693015), (1784.612814049481, -355.7278843655285, 2.1844167438914734, 0.11412669720168474, -0.12046800610898122, 0.005319939525443008, -0.03491, 0, 1637.0205343693015), (2025.856127717223, -364.0893957685822, 2.116026702773154, 0.11102749877125162, 0.08596727570737256, 0.034252854982135796, -0.06981, 0.12684496748616697, 2442.332514072782)]",2442.332514072782,0.023147374851085332,498.4010899066925
39,"(0, 0, 1, 0, 0, 0, -0.05236, 0, 0)","(2283.7019371557535, -391.4381833745126, 1, 0, 0, 0, 0, 0, 0)","[(-0.08727, 0.1585562093577087), (-0.0, 0.1585562093577087), (-0.01745, 0.0), (-0.05236, 0.12684496748616697)]","[(0, 0, 1, 0, 0, 0, -0.05236, 0, 0), (538.0867454671285, -12.73371881861552, 1.245720432145501, 0.18251150415991252, 0.5852655785513657, -0.024109300255904853, -0.08727, 0.1585562093577087, 3810.0), (664.1168295342594, -120.8160843462541, 4.233414351027833, 0.08252504091770126, -1.0465154883279784, -0.039127268487731764, -0.0, 0.1585562093577087, 4698.385792436375), (1666.1876450024488, -390.35716886999035, 2.514521751135092, 0.0864120038839955, -0.0854918654815069, 0.0006369769094119367, -0.01745, 0, 4758.385792436375), (2283.663680965862, -392.1509170920309, 2.2228704220575146, 0.05678049819019121, 0.09117651290045316, 0.037906040536358446, -0.05236, 0.12684496748616697, 6551.735510980734)]",6551.735510980734,0.025870206065359256,506.56547260284424
40,"(0, 0, 1, 0, 0, 0, -0.05236, 0, 0)","(2227.0788639627876, -222.01527908619747, 1, 0, 0, 0, 0, 0, 0)","[(-0.06981, 0.0), (-0.03491, 0.0), (-0.10472, 0.0), (-0.10472, 0.0), (-0.10472, 0.0)]","[(0, 0, 1, 0, 0, 0, -0.05236, 0, 0), (497.75280682810865, -49.725538360748125, 1.3046702752108372, 0.16434886474851018, 0.0688438748192099, -3.512977965317289e-05, -0.06981, 0, 60.0), (1167.984456314528, -137.1084088796752, 1.7282407024149962, 0.12113789309927905, -0.026082260253596355, -0.0009939860042361393, -0.03491, 0, 120.0), (1612.6190301256186, -167.64405811645744, 1.1368085880821364, 0.1946369809457606, 0.13722986676596116, 0.0024441656414835476, -0.10472, 0, 180.0), (2035.0015106345404, -204.55094429665277, 1.0990616104721362, 0.19793620072909768, 0.09541143646667549, -0.00016984886432863384, -0.10472, 0, 240.0), (2227.0739013513185, -221.65884176896648, 1.102826127465899, 0.19749281575022437, 0.08704045461884388, 0.00010449329357705895, -0.10472, 0, 267.3337033219694)]",267.3337033219694,0.007038181650477945,640.606787443161
41,"(0, 0, 1, 0, 0, 0, -0.05236, 0, 0)","(2109.6362366908083, -237.86514197930205, 1, 0, 0, 0, 0, 0, 0)","[(-0.03491, 0.0), (-0.10472, 0.0), (-0.03491, 0.0), (-0.08727, 0.0)]","[(0, 0, 1, 0, 0, 0, -0.05236, 0, 0), (671.5082271885556, -95.97125917870846, 1.6790257017535481, 0.12237678485287022, -0.024388067807622735, -0.0017741947486080952, -0.03491, 0, 60.0), (1114.5016777586711, -126.93862942833702, 1.1271793614295944, 0.19496247453833418, 0.13653025211525777, 0.0020450193589368294, -0.10472, 0, 120.0), (1782.5911022265952, -218.71441611378594, 1.7038433098547618, 0.12174385896483043, -0.017773136969296804, -0.00137162813829326, -0.03491, 0, 180.0), (2109.613661327965, -237.92246600429988, 1.1120273149972981, 0.18367336331830927, 0.14796522440275803, -0.002122548582777493, -0.08727, 0, 221.73313248235945)]",221.73313248235945,0.003727993012095837,645.8998444080353
42,"(0, 0, 1, 0, 0, 0, -0.05236, 0, 0)","(2250.875335236274, -416.50995519256577, 1, 0, 0, 0, 0, 0, 0)","[(-0.08727, 0.1585562093577087), (-0.0, 0.12684496748616697), (-0.01745, 0.0), (-0.08727, 0.0), (-0.08727, 0.0)]","[(0, 0, 1, 0, 0, 0, -0.05236, 0, 0), (538.0867454671285, -12.73371881861552, 1.245720432145501, 0.18251150415991252, 0.5852655785513657, -0.024109300255904853, -0.08727, 0.1585562093577087, 3810.0), (655.2109621175695, -110.38312664706532, 3.8877366562043765, 0.04687878266567845, -1.046979777327868, -0.022197771911566362, -0.0, 0.12684496748616697, 4264.616665345278), (1650.4559945022197, -383.4348875995646, 2.533130012380216, 0.0861870480805499, -0.09222226726132517, 0.0007816003368586015, -0.01745, 0, 4324.616665345278), (2139.3848481161376, -404.2067345588047, 1.00419019283777, 0.20104637303716252, 0.08039684502168888, -0.012303877585813878, -0.08727, 0, 4384.616665345278), (2250.8520440279053, -416.3500663492738, 1.1476020478520148, 0.18203819836632495, 0.1523427945437374, -0.0007623382356686311, -0.08727, 0, 4399.044636486165)]",4399.044636486165,0.005009161413540249,321.86894726753235
43,"(0, 0, 1, 0, 0, 0, -0.05236, 0, 0)","(1926.483715393486, -494.7464195108232, 1, 0, 0, 0, 0, 0, 0)","[(-0.10472, 0.12684496748616697), (-0.0, 0.1585562093577087), (-0.01745, 0.0), (-0.01745, 0.0)]","[(0, 0, 1, 0, 0, 0, -0.05236, 0, 0), (469.61221194701676, -41.033192492547165, 1.0378654378283587, 0.2115337839642765, -0.03848147333276296, -0.02794662005724917, -0.10472, 0.12684496748616697, 1980.0), (605.8129263248303, -184.74626911315102, 4.651473392530192, 0.06655492443328412, -1.0465543079961692, -0.03238266657063911, -0.0, 0.1585562093577087, 2742.4228970110203), (1615.6012123109795, -447.83681135437814, 2.488625557379607, 0.08672419772761235, -0.07779072287030782, 0.00043531483602569584, -0.01745, 0, 2802.4228970110203), (1926.4139383410577, -498.4014847904521, 2.403157721407001, 0.08700019072273203, -0.17715652805398535, -0.00014897151492467714, -0.01745, 0, 2823.7865694125107)]",2823.7865694125107,0.07144810768645714,99.06662631034851
44,"(0, 0, 1, 0, 0, 0, -0.05236, 0, 0)","(2110.8496965236636, -521.6211628503152, 1, 0, 0, 0, 0, 0, 0)","[(-0.01745, 0.0), (-0.08727, 0.12684496748616697)]","[(0, 0, 1, 0, 0, 0, -0.05236, 0, 0), (874.5144151462928, -220.33154424258512, 2.544785282924183, 0.08537061359454402, -0.18356803095166938, 0.0009570234662291785, -0.01745, 0, 60.0), (978.0973283528589, -189.93543798743005, 0.0014085194868490017, 0.1649827518588376, 0.38343622658622667, 0.07966340266609599, -0.08727, 0.12684496748616697, 487.61595179576625)]",487.61595179576625,21.511246223045408,112.1514024734497
45,"(0, 0, 1, 0, 0, 0, -0.05236, 0, 0)","(2153.6901723191613, 74.61109160463637, 1, 0, 0, 0, 0, 0, 0)","[(-0.05236, 0.12684496748616697), (-0.03491, 0.19026745122925046), (-0.05236, 0.12684496748616697)]","[(0, 0, 1, 0, 0, 0, -0.05236, 0, 0), (660.969182514593, -29.707345614145495, 1.8335677563540949, 0.16057767699251144, -0.2231012980012716, -0.023939680197018632, -0.05236, 0.12684496748616697, 1980.0), (1544.5284466463158, 84.8016998677867, 1.4293060633117887, 0.1574107741913141, 0.3231935218020157, -0.04048119324860234, -0.03491, 0.19026745122925046, 8520.0), (2153.653439560349, 74.33198011189835, 1.4631056350396767, 0.18688817469989724, 0.23153967817056895, -0.012992688456831984, -0.05236, 0.12684496748616697, 10321.041782288115)]",10321.041782288115,0.01091191791505293,350.4029550552368
46,"(0, 0, 1, 0, 0, 0, -0.05236, 0, 0)","(2036.3562662672443, -575.5528307717549, 1, 0, 0, 0, 0, 0, 0)","[(-0.10472, 0.12684496748616697), (-0.0, 0.12684496748616697), (-0.01745, 0.0), (-0.01745, 0.0)]","[(0, 0, 1, 0, 0, 0, -0.05236, 0, 0), (469.61221194701676, -41.033192492547165, 1.0378654378283587, 0.2115337839642765, -0.03848147333276296, -0.02794662005724917, -0.10472, 0.12684496748616697, 1980.0), (607.3059240707641, -186.427695467683, 4.447766687923694, 0.06441466045887437, -1.0471957229806546, -0.028155289613611186, -0.0, 0.12684496748616697, 2392.388805200983), (1613.3935578237963, -452.21911602342357, 2.500772349596689, 0.08657641194994387, -0.08145430088127234, 0.0005301167700353672, -0.01745, 0, 2452.388805200983), (2036.285333537917, -526.1627674896469, 2.479919944297129, 0.0862009254491263, -0.16738980356406383, 0.0004414863371434471, -0.01745, 0, 2481.1305795607705)]",2481.1305795607705,0.9005448122774548,106.27727055549622
47,"(0, 0, 1, 0, 0, 0, -0.05236, 0, 0)","(2157.62301782054, -593.8895832390114, 1, 0, 0, 0, 0, 0, 0)","[(-0.01745, 0.0), (-0.08727, 0.12684496748616697)]","[(0, 0, 1, 0, 0, 0, -0.05236, 0, 0), (874.5144151462928, -220.33154424258512, 2.544785282924183, 0.08537061359454402, -0.18356803095166938, 0.0009570234662291785, -0.01745, 0, 60.0), (978.0973283528589, -189.93543798743005, 0.0014085194868490017, 0.1649827518588376, 0.38343622658622667, 0.07966340266609599, -0.08727, 0.12684496748616697, 487.61595179576625)]",487.61595179576625,22.722567542431655,111.96185803413391
48,"(0, 0, 1, 0, 0, 0, -0.05236, 0, 0)","(2265.8475775106926, -109.34639433977308, 1, 0, 0, 0, 0, 0, 0)","[(-0.10472, 0.0), (-0.10472, 0.0), (-0.03491, 0.1585562093577087), (-0.10472, 0.0), (-0.06981, 0.0)]","[(0, 0, 1, 0, 0, 0, -0.05236, 0, 0), (426.19767611646404, -39.754465256402604, 1.1096236684379228, 0.19600204234090854, 0.09950772117627389, 0.0010797198922726523, -0.10472, 0, 60.0), (847.888138219672, -77.07626684301135, 1.101501888361084, 0.19771821284582927, 0.08761346988619702, -4.227764552283579e-05, -0.10472, 0, 120.0), (1708.2143763771671, -65.11651453671536, 1.943014981272512, 0.14681433595621307, 0.3442168662001214, -0.03309276782841063, -0.03491, 0.1585562093577087, 3930.0), (2154.4914638955092, -94.04980338312932, 1.1589943983886577, 0.19331820702995867, 0.17920063353959056, 0.0036046630831691982, -0.10472, 0, 3990.0), (2265.8426660835244, -109.3794965158316, 1.4674454371909709, 0.16033238857466633, 0.025196477596939947, 0.004320780515340591, -0.06981, 0, 4004.028383413938)]",4004.028383413938,0.008711866084011947,698.9425950050354
49,"(0, 0, 1, 0, 0, 0, -0.05236, 0, 0)","(1940.8142456155995, 236.12897628940405, 1, 0, 0, 0, 0, 0, 0)","[(-0.05236, 0.1585562093577087), (-0.05236, 0.19026745122925046)]","[(0, 0, 1, 0, 0, 0, -0.05236, 0, 0), (657.2564584509274, 2.567959212619077, 1.866635908207017, 0.16278845323293986, -0.4369541811192995, -0.027842707302383734, -0.05236, 0.1585562093577087, 3810.0), (921.5302158025564, 49.64684421047658, 0.013960246381545372, 0.02048484952177661, 0.4220057580668665, 0.11271971738077426, -0.05236, 0.19026745122925046, 6171.82510108618)]",6171.82510108618,18.884799595255462,71.74412989616394
50,"(0, 0, 1, 0, 0, 0, -0.05236, 0, 0)","(1999.3276878673823, -236.01076724506746, 1, 0, 0, 0, 0, 0, 0)","[(-0.03491, 0.0), (-0.01745, 0.12684496748616697), (-0.08727, 0.0)]","[(0, 0, 1, 0, 0, 0, -0.05236, 0, 0), (671.5082271885556, -95.97125917870846, 1.6790257017535481, 0.12237678485287022, -0.024388067807622735, -0.0017741947486080952, -0.03491, 0, 60.0), (1798.3317913480491, -242.93212200034495, 3.165498154270978, 0.11690480762889163, -0.15031840541340033, -0.025248349685891475, -0.01745, 0.12684496748616697, 2040.0), (1999.310895502078, -235.17971152972197, 1.5665758428463212, 0.16278948203420174, 0.5954849014367641, 0.015036114690436591, -0.08727, 0, 2061.8821850471736)]",2061.8821850471736,0.021379841692800296,614.6196753978729
51,"(0, 0, 1, 0, 0, 0, -0.05236, 0, 0)","(2103.1930547232027, 134.08970555714754, 1, 0, 0, 0, 0, 0, 0)","[(-0.06981, 0.1585562093577087), (-0.03491, 0.19026745122925046), (-0.05236, 0.19026745122925046)]","[(0, 0, 1, 0, 0, 0, -0.05236, 0, 0), (593.8995794736228, -31.9662168937712, 2.512666340138712, 0.19803760106230234, 0.1632190228704248, -0.012479377088171553, -0.06981, 0.1585562093577087, 3810.0), (1452.4391200757825, 96.06644953542731, 2.4396730093652965, 0.1588156506072023, 0.08401435972093436, -0.03533575785610161, -0.03491, 0.19026745122925046, 10350.0), (2103.1413777989824, 130.93618197451826, 3.136770645994714, 0.12436955184096346, 0.20247368351604478, 0.04047209447300013, -0.05236, 0.19026745122925046, 16487.11567430429)]",16487.11567430429,0.06955340175920821,250.8147292137146
52,"(0, 0, 1, 0, 0, 0, -0.05236, 0, 0)","(2165.2191791558193, -658.4895446034093, 1, 0, 0, 0, 0, 0, 0)","[(-0.01745, 0.0)]","[(0, 0, 1, 0, 0, 0, -0.05236, 0, 0), (874.5144151462928, -220.33154424258512, 2.544785282924183, 0.08537061359454402, -0.18356803095166938, 0.0009570234662291785, -0.01745, 0, 60.0)]",60.0,24.841575173006003,93.94358611106873
53,"(0, 0, 1, 0, 0, 0, -0.05236, 0, 0)","(2165.2060119129223, -266.85272850680803, 1, 0, 0, 0, 0, 0, 0)","[(-0.03491, 0.0), (-0.03491, 0.0), (-0.03491, 0.0), (-0.10472, 0.12684496748616697)]","[(0, 0, 1, 0, 0, 0, -0.05236, 0, 0), (671.5082271885556, -95.97125917870846, 1.6790257017535481, 0.12237678485287022, -0.024388067807622735, -0.0017741947486080952, -0.03491, 0, 60.0), (1346.0027265105655, -175.2683488148086, 1.7786446380419474, 0.119965023447926, -0.042233418078315356, -0.00022749153559252066, -0.03491, 0, 120.0), (2021.5597150603821, -252.6292347126175, 1.791980412830661, 0.11967284425003108, -0.046126924587914744, -2.7706680679715502e-05, -0.03491, 0, 180.0), (2165.1660957156937, -266.79133775462674, 1.7963458132158554, 0.21459699628934586, -0.08553140345725391, -0.00761762243153655, -0.10472, 0.12684496748616697, 798.5047173551098)]",798.5047173551098,0.014888282109727986,645.5505907535553
54,"(0, 0, 1, 0, 0, 0, -0.05236, 0, 0)","(2278.4039045531736, 99.58438693983493, 1, 0, 0, 0, 0, 0, 0)","[(-0.06981, 0.1585562093577087), (-0.03491, 0.19026745122925046), (-0.05236, 0.12684496748616697), (-0.08727, 0.0)]","[(0, 0, 1, 0, 0, 0, -0.05236, 0, 0), (593.8995794736228, -31.9662168937712, 2.512666340138712, 0.19803760106230234, 0.1632190228704248, -0.012479377088171553, -0.06981, 0.1585562093577087, 3810.0), (1452.4391200757825, 96.06644953542731, 2.4396730093652965, 0.1588156506072023, 0.08401435972093436, -0.03533575785610161, -0.03491, 0.19026745122925046, 10350.0), (2135.0105982313767, 106.2228269147941, 1.7254777206239982, 0.16068899837515693, 0.21372188610316709, -0.025128791290999018, -0.05236, 0.12684496748616697, 12330.0), (2278.3951814814122, 98.92740861270948, 1.4036542484724432, 0.174805284095024, 0.21236818916941153, 0.007939952121755883, -0.08727, 0, 12347.95766272893)]",12347.95766272893,0.014677686056002462,329.85693860054016
55,"(0, 0, 1, 0, 0, 0, -0.05236, 0, 0)","(1980.703946362992, -449.60789053591856, 1, 0, 0, 0, 0, 0, 0)","[(-0.08727, 0.1585562093577087), (-0.0, 0.1585562093577087), (-0.01745, 0.0), (-0.01745, 0.0)]","[(0, 0, 1, 0, 0, 0, -0.05236, 0, 0), (538.0867454671285, -12.73371881861552, 1.245720432145501, 0.18251150415991252, 0.5852655785513657, -0.024109300255904853, -0.08727, 0.1585562093577087, 3810.0), (664.1168295342594, -120.8160843462541, 4.233414351027833, 0.08252504091770126, -1.0465154883279784, -0.039127268487731764, -0.0, 0.1585562093577087, 4698.385792436375), (1666.1876450024488, -390.35716886999035, 2.514521751135092, 0.0864120038839955, -0.0854918654815069, 0.0006369769094119367, -0.01745, 0, 4758.385792436375), (1980.6568046604848, -440.7811041915844, 2.393406315923507, 0.08715386615582535, -0.17404214897656184, -0.00023123383700455368, -0.01745, 0, 4779.8921747403465)]",4779.8921747403465,0.16289793578936157,151.87835240364075
56,"(0, 0, 1, 0, 0, 0, -0.05236, 0, 0)","(1944.7249939284823, -59.22227975850407, 1, 0, 0, 0, 0, 0, 0)","[(-0.06981, 0.0), (-0.06981, 0.0), (-0.03491, 0.1585562093577087), (-0.08727, 0.1585562093577087)]","[(0, 0, 1, 0, 0, 0, -0.05236, 0, 0), (497.75280682810865, -49.725538360748125, 1.3046702752108372, 0.16434886474851018, 0.0688438748192099, -3.512977965317289e-05, -0.06981, 0, 60.0), (994.0876600582999, -93.5978912083636, 1.317125581862489, 0.1641082603253179, 0.036939092313923685, 0.00022323866555853727, -0.06981, 0, 120.0), (1857.1338228905547, -67.45813878792511, 1.9654421269079565, 0.14805487804757342, 0.28438133111114955, -0.03321340937268267, -0.03491, 0.1585562093577087, 3930.0), (1944.7113933967419, -60.57877259350766, 1.3992065053842604, 0.2116777037816, -0.5091252629296802, -0.00471205135399414, -0.08727, 0.1585562093577087, 4797.240941885357)]",4797.240941885357,0.027469599395325336,476.21165204048157
57,"(0, 0, 1, 0, 0, 0, -0.05236, 0, 0)","(2051.7708797798628, -648.1143032862788, 1, 0, 0, 0, 0, 0, 0)","[(-0.01745, 0.0)]","[(0, 0, 1, 0, 0, 0, -0.05236, 0, 0), (874.5144151462928, -220.33154424258512, 2.544785282924183, 0.08537061359454402, -0.18356803095166938, 0.0009570234662291785, -0.01745, 0, 60.0)]",60.0,22.828100559662197,112.75002574920654
58,"(0, 0, 1, 0, 0, 0, -0.05236, 0, 0)","(2056.551268550629, -554.5242985023224, 1, 0, 0, 0, 0, 0, 0)","[(-0.01745, 0.0), (-0.08727, 0.12684496748616697)]","[(0, 0, 1, 0, 0, 0, -0.05236, 0, 0), (874.5144151462928, -220.33154424258512, 2.544785282924183, 0.08537061359454402, -0.18356803095166938, 0.0009570234662291785, -0.01745, 0, 60.0), (978.0973283528589, -189.93543798743005, 0.0014085194868490017, 0.1649827518588376, 0.38343622658622667, 0.07966340266609599, -0.08727, 0.12684496748616697, 487.61595179576625)]",487.61595179576625,20.747613938374226,82.3191397190094
59,"(0, 0, 1, 0, 0, 0, -0.05236, 0, 0)","(2292.599314963107, 142.2231755400402, 1, 0, 0, 0, 0, 0, 0)","[(-0.06981, 0.12684496748616697), (-0.03491, 0.19026745122925046), (-0.05236, 0.19026745122925046), (-0.03491, 0.0)]","[(0, 0, 1, 0, 0, 0, -0.05236, 0, 0), (586.1911708525566, -39.831044807701716, 1.9485093186994917, 0.18004226753373806, 0.09881741812970195, -0.015749154926003532, -0.06981, 0.12684496748616697, 1980.0), (1465.2875405632947, 80.76627645510135, 2.082212861497634, 0.15453088294094544, 0.2987782955666687, -0.037012510569301105, -0.03491, 0.19026745122925046, 8520.0), (2169.5970236613457, 173.55855266107417, 1.5279985412378096, 0.1637708344368369, 0.5130460167556176, -0.03338441339577579, -0.05236, 0.19026745122925046, 15060.0), (2292.577729552133, 143.00629637467523, 2.22092867887808, 0.11102811506536987, -0.3167633613680428, 0.0061503765227078865, -0.03491, 0, 15075.003567747563)]",15075.003567747563,0.027102788711355782,258.5239586830139
60,"(0, 0, 1, 0, 0, 0, -0.05236, 0, 0)","(1955.6089072086882, -213.4695313542987, 1, 0, 0, 0, 0, 0, 0)","[(-0.03491, 0.0), (-0.03491, 0.0), (-0.08727, 0.0), (-0.10472, 0.1585562093577087)]","[(0, 0, 1, 0, 0, 0, -0.05236, 0, 0), (671.5082271885556, -95.97125917870846, 1.6790257017535481, 0.12237678485287022, -0.024388067807622735, -0.0017741947486080952, -0.03491, 0, 60.0), (1346.0027265105655, -175.2683488148086, 1.7786446380419474, 0.119965023447926, -0.042233418078315356, -0.00022749153559252066, -0.03491, 0, 120.0), (1812.784447167066, -206.23509770862293, 1.1488396807446037, 0.18249211658401304, 0.1199695566194265, -0.0009188993132888727, -0.08727, 0, 180.0), (1955.6020726681454, -213.85694509089004, 1.225698890208732, 0.12140550454575945, 0.2707192784444619, 0.020415296677253076, -0.10472, 0.1585562093577087, 1290.4067232220725)]",1290.4067232220725,0.009593839077125663,601.7596821784973
61,"(0, 0, 1, 0, 0, 0, -0.05236, 0, 0)","(2201.831126961553, -55.65313203910465, 1, 0, 0, 0, 0, 0, 0)","[(-0.03491, 0.12684496748616697), (-0.05236, 0.1585562093577087), (-0.08727, 0.0), (-0.05236, 0.0)]","[(0, 0, 1, 0, 0, 0, -0.05236, 0, 0), (833.0716676568869, -45.67743374917829, 1.9666412234859132, 0.14250569564628224, 0.16690159436579705, -0.028011123627065395, -0.03491, 0.12684496748616697, 1980.0), (1527.4245350720653, -0.3876871809480475, 1.7049336295831572, 0.16794309441956068, 0.1733693040073981, -0.03049288956139124, -0.05236, 0.1585562093577087, 5790.0), (1987.3677888783461, -31.056579422986204, 1.1189011644687419, 0.18405361448415108, 0.10230076387855207, -0.002156471127699319, -0.08727, 0, 5850.0), (2201.8298067666815, -56.63631854087767, 1.3656914823186235, 0.14784247853634244, 0.0933194753424863, -0.002712123546868548, -0.05236, 0, 5872.747958455561)]",5872.747958455561,0.019244388430825616,510.0142993927002
62,"(0, 0, 1, 0, 0, 0, -0.05236, 0, 0)","(2079.317544054522, -102.21653277300493, 1, 0, 0, 0, 0, 0, 0)","[(-0.06981, 0.0), (-0.05236, 0.0), (-0.05236, 0.1585562093577087), (-0.10472, 0.0)]","[(0, 0, 1, 0, 0, 0, -0.05236, 0, 0), (497.75280682810865, -49.725538360748125, 1.3046702752108372, 0.16434886474851018, 0.0688438748192099, -3.512977965317289e-05, -0.06981, 0, 60.0), (1059.3357935531046, -106.67929351949965, 1.5092024397699872, 0.14372206498202397, -0.014759663742617607, 0.00032118979412880605, -0.05236, 0, 120.0), (1747.3563162859202, -82.09910838073837, 1.9794771007836252, 0.16915363709008568, -0.11262142140611132, -0.02749358038356604, -0.05236, 0.1585562093577087, 3930.0), (2079.2846860300565, -102.13238365649246, 1.3002451324361444, 0.19156573204556954, -0.015996520549279667, 0.008184276551590394, -0.10472, 0, 3973.340997383652)]",3973.340997383652,0.005966822356450902,577.2327127456665
63,"(0, 0, 1, 0, 0, 0, -0.05236, 0, 0)","(2165.7023851426816, -525.266123386689, 1, 0, 0, 0, 0, 0, 0)","[(-0.08727, 0.1585562093577087), (-0.0, 0.1585562093577087), (-0.01745, 0.0), (-0.01745, 0.0)]","[(0, 0, 1, 0, 0, 0, -0.05236, 0, 0), (538.0867454671285, -12.73371881861552, 1.245720432145501, 0.18251150415991252, 0.5852655785513657, -0.024109300255904853, -0.08727, 0.1585562093577087, 3810.0), (664.1168295342594, -120.8160843462541, 4.233414351027833, 0.08252504091770126, -1.0465154883279784, -0.039127268487731764, -0.0, 0.1585562093577087, 4698.385792436375), (1666.1876450024488, -390.35716886999035, 2.514521751135092, 0.0864120038839955, -0.0854918654815069, 0.0006369769094119367, -0.01745, 0, 4758.385792436375), (2165.6978160736053, -478.94728728291506, 2.486936213816756, 0.08625138267680772, -0.15338181396546396, 0.00047917613417298294, -0.01745, 0, 4792.074843415523)]",4792.074843415523,0.8446011561268449,132.55509757995605
64,"(0, 0, 1, 0, 0, 0, -0.05236, 0, 0)","(2129.3009072860946, 71.16563933669879, 1, 0, 0, 0, 0, 0, 0)","[(-0.03491, 0.1585562093577087), (-0.05236, 0.19026745122925046), (-0.05236, 0.12684496748616697)]","[(0, 0, 1, 0, 0, 0, -0.05236, 0, 0), (860.120694073523, 7.601363352511649, 1.909494698458602, 0.14652460527815903, 0.36011784142912534, -0.033284211596317774, -0.03491, 0.1585562093577087, 3810.0), (1551.6286086026128, 99.00243835167875, 1.0911279645804794, 0.17318456856909378, 0.4376935814276071, -0.03760820494172268, -0.05236, 0.19026745122925046, 10350.0), (2129.262118316822, 71.78414646709098, 1.4740610165003973, 0.06580827476531774, 0.3794751067627764, 0.019710284561226178, -0.05236, 0.12684496748616697, 12060.777768968524)]",12060.777768968524,0.015827288136090262,305.330584526062
65,"(0, 0, 1, 0, 0, 0, -0.05236, 0, 0)","(2094.5206588212263, 141.70145622562163, 1, 0, 0, 0, 0, 0, 0)","[(-0.06981, 0.12684496748616697), (-0.03491, 0.19026745122925046), (-0.05236, 0.19026745122925046)]","[(0, 0, 1, 0, 0, 0, -0.05236, 0, 0), (586.1911708525566, -39.831044807701716, 1.9485093186994917, 0.18004226753373806, 0.09881741812970195, -0.015749154926003532, -0.06981, 0.12684496748616697, 1980.0), (1465.2875405632947, 80.76627645510135, 2.082212861497634, 0.15453088294094544, 0.2987782955666687, -0.037012510569301105, -0.03491, 0.19026745122925046, 8520.0), (2094.476571116037, 137.8095137617819, 2.438265741601945, 0.03610423932979359, 0.329193956795111, 0.024649174973594427, -0.05236, 0.19026745122925046, 14347.045112185839)]",14347.045112185839,0.07586265612293205,214.27766466140747
66,"(0, 0, 1, 0, 0, 0, -0.05236, 0, 0)","(2288.3084836641824, -402.0308600642685, 1, 0, 0, 0, 0, 0, 0)","[(-0.08727, 0.1585562093577087), (-0.0, 0.1585562093577087), (-0.05236, 0.0), (-0.0, 0.19026745122925046), (-0.03491, 0.1585562093577087), (-0.0, 0.0), (-0.08727, 0.0)]","[(0, 0, 1, 0, 0, 0, -0.05236, 0, 0), (538.0867454671285, -12.73371881861552, 1.245720432145501, 0.18251150415991252, 0.5852655785513657, -0.024109300255904853, -0.08727, 0.1585562093577087, 3810.0), (664.1168295342594, -120.8160843462541, 4.233414351027833, 0.08252504091770126, -1.0465154883279784, -0.039127268487731764, -0.0, 0.1585562093577087, 4698.385792436375), (1317.9545125280074, -184.2192168806689, 1.1037152085636994, 0.16164404682947892, 0.10348781514369673, -0.009899153361537617, -0.05236, 0, 4758.385792436375), (1495.2583215808756, -367.2380013956099, 5.333593842444768, 0.11542964415702056, -1.0457915207931536, -0.05347173521946444, -0.0, 0.19026745122925046, 6299.92388805201), (1816.8385854315566, -351.6018987401114, 2.5786723385718546, 0.0005898486997939132, 1.0464037658529817, 0.045040124732091735, -0.03491, 0.1585562093577087, 7155.988266074684), (1885.339909063865, -368.31728476129825, 2.68845916711138, 0.029715448735936602, -1.047192234969848, -0.0031251875556181927, -0.0, 0, 7169.203203044477), (2288.2879916132383, -402.8453004008494, 0.8159864567249587, 0.22602910347669544, 0.34073329782082984, -0.025988832700341986, -0.08727, 0, 7214.489812098627)]",7214.489812098627,0.016334816923898238,576.8434047698975
67,"(0, 0, 1, 0, 0, 0, -0.05236, 0, 0)","(1954.8718485158902, -165.95710061942944, 1, 0, 0, 0, 0, 0, 0)","[(-0.08727, 0.0), (-0.05236, 0.0), (-0.05236, 0.0), (-0.10472, 0.1585562093577087)]","[(0, 0, 1, 0, 0, 0, -0.05236, 0, 0), (450.92153228539496, -42.24148887658856, 1.1601439890567464, 0.18268815950870107, 0.05244247493540463, -0.0008517407951802834, -0.08727, 0, 60.0), (1013.129684508528, -102.9234690185262, 1.5332579014260475, 0.1430948695465931, -0.020041388999591885, 0.0008382675145747793, -0.05236, 0, 120.0), (1579.5922644703498, -155.63583146632956, 1.4921122153020951, 0.1441917953109992, 0.006788882799049478, -2.372540077162904e-05, -0.05236, 0, 180.0), (1954.8425309491163, -165.90448154666166, 1.1400775222267918, 0.27256315809017434, 0.35253001162664327, -0.03846266546814889, -0.10472, 0.1585562093577087, 3093.1562673432177)]",3093.1562673432177,0.007234215789658004,602.1382389068604
68,"(0, 0, 1, 0, 0, 0, -0.05236, 0, 0)","(2069.022913675629, -1.7794624585048022, 1, 0, 0, 0, 0, 0, 0)","[(-0.03491, 0.1585562093577087), (-0.08727, 0.0), (-0.06981, 0.1585562093577087), (-0.05236, 0.19026745122925046)]","[(0, 0, 1, 0, 0, 0, -0.05236, 0, 0), (860.120694073523, 7.601363352511649, 1.909494698458602, 0.14652460527815903, 0.36011784142912534, -0.033284211596317774, -0.03491, 0.1585562093577087, 3810.0), (1323.9164009035346, -20.87805990340884, 1.0845737012179715, 0.18641935543534152, 0.02237540820836082, -0.004002334609152594, -0.08727, 0, 3870.0), (1924.9415787864552, -43.60572458969309, 2.352618831449982, 0.1938213317101704, 0.21606950751804269, -0.014836108597458268, -0.06981, 0.1585562093577087, 7680.0), (2068.996857620773, -1.9764699700871022, 1.2868808968315986, 0.0026922478147396872, 0.07462099544566421, 0.02076311389595373, -0.05236, 0.19026745122925046, 9161.390628716403)]",9161.390628716403,0.006504089510386165,405.8665301799774
69,"(0, 0, 1, 0, 0, 0, -0.05236, 0, 0)","(2100.0496904403476, 57.34865474007451, 1, 0, 0, 0, 0, 0, 0)","[(-0.06981, 0.1585562093577087), (-0.03491, 0.19026745122925046), (-0.10472, 0.0), (-0.08727, 0.0)]","[(0, 0, 1, 0, 0, 0, -0.05236, 0, 0), (593.8995794736228, -31.9662168937712, 2.512666340138712, 0.19803760106230234, 0.1632190228704248, -0.012479377088171553, -0.06981, 0.1585562093577087, 3810.0), (1452.4391200757825, 96.06644953542731, 2.4396730093652965, 0.1588156506072023, 0.08401435972093436, -0.03533575785610161, -0.03491, 0.19026745122925046, 10350.0), (1909.5681470751704, 70.78748418855668, 1.3047243211848023, 0.19145917371918328, 0.10404067732251024, 0.008684583941240128, -0.10472, 0, 10410.0), (2100.019504712335, 56.98289033125719, 1.1314775268935695, 0.18350770135516306, 0.09965621946932234, -0.0016905022691230001, -0.08727, 0, 10435.38809165147)]",10435.38809165147,0.007425847818951127,335.1615972518921
70,"(0, 0, 1, 0, 0, 0, -0.05236, 0, 0)","(2044.971789592078, 21.6443657909525, 1, 0, 0, 0, 0, 0, 0)","[(-0.03491, 0.1585562093577087), (-0.05236, 0.0), (-0.05236, 0.19026745122925046)]","[(0, 0, 1, 0, 0, 0, -0.05236, 0, 0), (860.120694073523, 7.601363352511649, 1.909494698458602, 0.14652460527815903, 0.36011784142912534, -0.033284211596317774, -0.03491, 0.1585562093577087, 3810.0), (1412.234328321485, -36.334307701060794, 1.411103456447263, 0.1466864252395877, -0.03960192701383198, -0.001954818194052077, -0.05236, 0, 3870.0), (2044.9614879671174, 20.674114466726703, 1.4262630779573464, 0.2143170896195961, -0.7779181390716849, -0.0468879676184291, -0.05236, 0.19026745122925046, 10220.224371680013)]",10220.224371680013,0.02405601880607505,400.38355803489685
71,"(0, 0, 1, 0, 0, 0, -0.05236, 0, 0)","(2055.865122889611, 86.87359890240116, 1, 0, 0, 0, 0, 0, 0)","[(-0.03491, 0.1585562093577087), (-0.03491, 0.19026745122925046), (-0.10472, 0.0)]","[(0, 0, 1, 0, 0, 0, -0.05236, 0, 0), (860.120694073523, 7.601363352511649, 1.909494698458602, 0.14652460527815903, 0.36011784142912534, -0.033284211596317774, -0.03491, 0.1585562093577087, 3810.0), (1728.8494748217322, 100.99946351828801, 2.5956970217148028, 0.15669388040869192, 0.36739955908007565, -0.03342528192241499, -0.03491, 0.19026745122925046, 10350.0), (2055.8608923383545, 85.02558893588566, 1.5321119702246877, 0.1912355964178186, -0.016236427089914653, 0.016092054078063384, -0.10472, 0, 10394.111630857053)]",10394.111630857053,0.035110258445582514,267.108989238739
72,"(0, 0, 1, 0, 0, 0, -0.05236, 0, 0)","(1950.9393718192784, -443.76588294149826, 1, 0, 0, 0, 0, 0, 0)","[(-0.08727, 0.1585562093577087), (-0.0, 0.1585562093577087), (-0.01745, 0.0), (-0.01745, 0.12684496748616697)]","[(0, 0, 1, 0, 0, 0, -0.05236, 0, 0), (538.0867454671285, -12.73371881861552, 1.245720432145501, 0.18251150415991252, 0.5852655785513657, -0.024109300255904853, -0.08727, 0.1585562093577087, 3810.0), (664.1168295342594, -120.8160843462541, 4.233414351027833, 0.08252504091770126, -1.0465154883279784, -0.039127268487731764, -0.0, 0.1585562093577087, 4698.385792436375), (1666.1876450024488, -390.35716886999035, 2.514521751135092, 0.0864120038839955, -0.0854918654815069, 0.0006369769094119367, -0.01745, 0, 4758.385792436375), (1950.8618297596686, -436.0199518814868, 3.2724946001356043, 0.11666159921111578, -0.07186508109016018, -0.003004546318922874, -0.01745, 0.12684496748616697, 5278.6204709426775)]",5278.6204709426775,0.14714281876389237,151.058043718338
73,"(0, 0, 1, 0, 0, 0, -0.05236, 0, 0)","(2207.899107837185, -390.0319037015156, 1, 0, 0, 0, 0, 0, 0)","[(-0.08727, 0.1585562093577087), (-0.0, 0.1585562093577087), (-0.05236, 0.0), (-0.0, 0.19026745122925046), (-0.03491, 0.19026745122925046), (-0.0, 0.1585562093577087), (-0.03491, 0.0)]","[(0, 0, 1, 0, 0, 0, -0.05236, 0, 0), (538.0867454671285, -12.73371881861552, 1.245720432145501, 0.18251150415991252, 0.5852655785513657, -0.024109300255904853, -0.08727, 0.1585562093577087, 3810.0), (664.1168295342594, -120.8160843462541, 4.233414351027833, 0.08252504091770126, -1.0465154883279784, -0.039127268487731764, -0.0, 0.1585562093577087, 4698.385792436375), (1317.9545125280074, -184.2192168806689, 1.1037152085636994, 0.16164404682947892, 0.10348781514369673, -0.009899153361537617, -0.05236, 0, 4758.385792436375), (1495.2583215808756, -367.2380013956099, 5.333593842444768, 0.11542964415702056, -1.0457915207931536, -0.05347173521946444, -0.0, 0.19026745122925046, 6299.92388805201), (1810.9967797724805, -359.7748472722666, 3.395605821346261, -0.023593448625785014, 1.0460989523837088, 0.06390777499759212, -0.03491, 0.19026745122925046, 7613.834932212796), (1928.8579749721127, -334.77456513173877, 3.1194954778357045, 0.13919715722184142, -1.0466629284572242, -0.05868189092197815, -0.0, 0.1585562093577087, 8751.427891857607), (2207.889572200345, -389.31746296800105, 1.4489938443129458, 0.11602685548740503, 0.5355812255781162, -0.0027198592283425647, -0.03491, 0, 8768.025053516214)]",8768.025053516214,0.01825364126106905,567.6301765441895
74,"(0, 0, 1, 0, 0, 0, -0.05236, 0, 0)","(2165.788450377313, -17.77056218119768, 1, 0, 0, 0, 0, 0, 0)","[(-0.06981, 0.12684496748616697), (-0.03491, 0.1585562093577087), (-0.06981, 0.0), (-0.08727, 0.19026745122925046)]","[(0, 0, 1, 0, 0, 0, -0.05236, 0, 0), (586.1911708525566, -39.831044807701716, 1.9485093186994917, 0.18004226753373806, 0.09881741812970195, -0.015749154926003532, -0.06981, 0.12684496748616697, 1980.0), (1443.662354822955, 11.38081784507533, 2.1919721465679163, 0.14975141160895672, 0.15168367703217464, -0.03167788211811544, -0.03491, 0.1585562093577087, 5790.0), (1949.4620781360409, -20.614974278181162, 1.4419035591917837, 0.16083944644140954, 0.012495710551861949, 0.0036273303873606425, -0.06981, 0, 5850.0), (2165.7804855698196, -17.063169922307384, 1.5796468668035628, 0.2717370842532996, 0.024237498644192973, -0.04056429850271081, -0.08727, 0.19026745122925046, 8475.229525093158)]",8475.229525093158,0.01694515133746995,458.68986678123474
75,"(0, 0, 1, 0, 0, 0, -0.05236, 0, 0)","(2041.7642677114993, -350.2004404448085, 1, 0, 0, 0, 0, 0, 0)","[(-0.08727, 0.1585562093577087), (-0.0, 0.1585562093577087), (-0.03491, 0.19026745122925046), (-0.01745, 0.0), (-0.03491, 0.12684496748616697)]","[(0, 0, 1, 0, 0, 0, -0.05236, 0, 0), (538.0867454671285, -12.73371881861552, 1.245720432145501, 0.18251150415991252, 0.5852655785513657, -0.024109300255904853, -0.08727, 0.1585562093577087, 3810.0), (664.1168295342594, -120.8160843462541, 4.233414351027833, 0.08252504091770126, -1.0465154883279784, -0.039127268487731764, -0.0, 0.1585562093577087, 4698.385792436375), (1001.1161655550777, -111.51283198493454, 2.833315262227751, 0.013837371617328755, 1.0464031463797527, 0.04673391343999097, -0.03491, 0.19026745122925046, 6288.664076746214), (1813.2076185605974, -350.7255266018076, 2.54056839626701, 0.08445802962371117, -0.26079584690956964, 0.0010591308303817344, -0.01745, 0, 6348.664076746214), (2041.7322303104556, -348.5081050800005, 2.195509940081743, -0.014956226190830063, 0.2138330995397421, 0.03544948040121612, -0.03491, 0.12684496748616697, 6813.798461904385)]",6813.798461904385,0.037968041496464495,453.0546474456787
76,"(0, 0, 1, 0, 0, 0, -0.05236, 0, 0)","(1929.0243184745632, -296.10250666166604, 1, 0, 0, 0, 0, 0, 0)","[(-0.10472, 0.12684496748616697), (-0.01745, 0.0), (-0.10472, 0.0), (-0.08727, 0.0)]","[(0, 0, 1, 0, 0, 0, -0.05236, 0, 0), (469.61221194701676, -41.033192492547165, 1.0378654378283587, 0.2115337839642765, -0.03848147333276296, -0.02794662005724917, -0.10472, 0.12684496748616697, 1980.0), (1354.6830533723462, -263.3254334012788, 2.5501801607413777, 0.08539008527634061, -0.17637049541159389, 0.0009878734915965354, -0.01745, 0, 2040.0), (1818.541151637922, -289.87655388061694, 1.3334858872060884, 0.19137506045669253, 0.04118520412448409, 0.009510278008498007, -0.10472, 0, 2100.0), (1928.9974621086953, -296.97760979730344, 1.185142552557771, 0.18182433333923487, 0.00033522544130845904, -0.00012170238239736805, -0.08727, 0, 2114.8513438515815)]",2114.8513438515815,0.016363284754367022,336.246214389801
77,"(0, 0, 1, 0, 0, 0, -0.05236, 0, 0)","(1999.0374790177286, -87.57090018836608, 1, 0, 0, 0, 0, 0, 0)","[(-0.08727, 0.0), (-0.08727, 0.0), (-0.05236, 0.12684496748616697), (-0.06981, 0.1585562093577087)]","[(0, 0, 1, 0, 0, 0, -0.05236, 0, 0), (450.92153228539496, -42.24148887658856, 1.1601439890567464, 0.18268815950870107, 0.05244247493540463, -0.0008517407951802834, -0.08727, 0, 60.0), (901.8016470043832, -81.970692616841, 1.1804281089461488, 0.18180957473151885, 0.06272455799851744, -5.367417076049785e-05, -0.08727, 0, 120.0), (1567.8972601498874, -104.70769607424525, 1.810731052545437, 0.16135027220855722, -0.16959311244483574, -0.0244021922183549, -0.05236, 0.12684496748616697, 2100.0), (1999.0244701805204, -87.5030626981185, 1.3386592683536715, 0.2437505214296182, -0.258306444415635, -0.04496526263496342, -0.06981, 0.1585562093577087, 4887.495441211448)]",4887.495441211448,0.008182522696422225,490.7059178352356
78,"(0, 0, 1, 0, 0, 0, -0.05236, 0, 0)","(1968.3585134530924, -41.45044701809129, 1, 0, 0, 0, 0, 0, 0)","[(-0.06981, 0.0), (-0.06981, 0.0), (-0.05236, 0.1585562093577087), (-0.05236, 0.19026745122925046)]","[(0, 0, 1, 0, 0, 0, -0.05236, 0, 0), (497.75280682810865, -49.725538360748125, 1.3046702752108372, 0.16434886474851018, 0.0688438748192099, -3.512977965317289e-05, -0.06981, 0, 60.0), (994.0876600582999, -93.5978912083636, 1.317125581862489, 0.1641082603253179, 0.036939092313923685, 0.00022323866555853727, -0.06981, 0, 120.0), (1671.5610406468732, -74.80605232688039, 1.885966299939035, 0.16766340595340973, -0.21934078242886423, -0.028499800989272614, -0.05236, 0.1585562093577087, 3930.0), (1968.357303262248, -40.309985096684244, 1.6510979556114416, 0.2253057961845862, -0.4074096230244522, -0.04778633994714747, -0.05236, 0.19026745122925046, 6829.522714659478)]",6829.522714659478,0.02519223561966205,435.5018427371979
79,"(0, 0, 1, 0, 0, 0, -0.05236, 0, 0)","(2206.0817387247143, -566.5323070694081, 1, 0, 0, 0, 0, 0, 0)","[(-0.01745, 0.0), (-0.08727, 0.12684496748616697)]","[(0, 0, 1, 0, 0, 0, -0.05236, 0, 0), (874.5144151462928, -220.33154424258512, 2.544785282924183, 0.08537061359454402, -0.18356803095166938, 0.0009570234662291785, -0.01745, 0, 60.0), (978.0973283528589, -189.93543798743005, 0.0014085194868490017, 0.1649827518588376, 0.38343622658622667, 0.07966340266609599, -0.08727, 0.12684496748616697, 487.61595179576625)]",487.61595179576625,23.40881715484042,112.71912789344788
80,"(0, 0, 1, 0, 0, 0, -0.05236, 0, 0)","(2025.8263474712533, 186.8450810421627, 1, 0, 0, 0, 0, 0, 0)","[(-0.06981, 0.1585562093577087), (-0.03491, 0.19026745122925046), (-0.03491, 0.19026745122925046)]","[(0, 0, 1, 0, 0, 0, -0.05236, 0, 0), (593.8995794736228, -31.9662168937712, 2.512666340138712, 0.19803760106230234, 0.1632190228704248, -0.012479377088171553, -0.06981, 0.1585562093577087, 3810.0), (1452.4391200757825, 96.06644953542731, 2.4396730093652965, 0.1588156506072023, 0.08401435972093436, -0.03533575785610161, -0.03491, 0.19026745122925046, 10350.0), (2025.8248907089794, 176.5665242996344, 2.4972603386616807, 0.03836760210876379, 0.14686896406685068, 0.008112878431540299, -0.03491, 0.19026745122925046, 14630.321890113375)]",14630.321890113375,0.18932343028349002,135.18917298316956
81,"(0, 0, 1, 0, 0, 0, -0.05236, 0, 0)","(2279.871956598801, 14.526855584691976, 1, 0, 0, 0, 0, 0, 0)","[(-0.05236, 0.12684496748616697), (-0.03491, 0.19026745122925046), (-0.05236, 0.0), (-0.05236, 0.0)]","[(0, 0, 1, 0, 0, 0, -0.05236, 0, 0), (660.969182514593, -29.707345614145495, 1.8335677563540949, 0.16057767699251144, -0.2231012980012716, -0.023939680197018632, -0.05236, 0.12684496748616697, 1980.0), (1544.5284466463158, 84.8016998677867, 1.4293060633117887, 0.1574107741913141, 0.3231935218020157, -0.04048119324860234, -0.03491, 0.19026745122925046, 8520.0), (2095.92561518713, 31.34194548864749, 1.4629499580597791, 0.14499716908229096, -0.036032185817859545, -0.0007395435050785634, -0.05236, 0, 8580.0), (2279.8653964706587, 13.9672576670219, 1.4505533294236597, 0.1454081648954272, 0.012881701538557973, -0.0009477405272264006, -0.05236, 0, 8599.299135812258)]",8599.299135812258,0.013179597351661519,484.1050498485565
82,"(0, 0, 1, 0, 0, 0, -0.05236, 0, 0)","(2218.1212971906693, 249.23304081064015, 1, 0, 0, 0, 0, 0, 0)","[(-0.03491, 0.19026745122925046), (-0.03491, 0.19026745122925046)]","[(0, 0, 1, 0, 0, 0, -0.05236, 0, 0), (877.5186911551583, 51.854315116787724, 1.9475585143648064, 0.14026906213529283, 0.7235752792703016, -0.03459499982669661, -0.03491, 0.19026745122925046, 6540.0), (1372.605982757533, 97.45914802862632, 0.020788291073853125, 0.030218042933348996, 0.43207140753866197, 0.11325538379655817, -0.03491, 0.19026745122925046, 10928.691033061128)]",10928.691033061128,15.655822123885356,91.00405216217041
83,"(0, 0, 1, 0, 0, 0, -0.05236, 0, 0)","(2153.0758986128276, 3.704101167649351, 1, 0, 0, 0, 0, 0, 0)","[(-0.06981, 0.0), (-0.05236, 0.12684496748616697), (-0.03491, 0.1585562093577087), (-0.06981, 0.19026745122925046)]","[(0, 0, 1, 0, 0, 0, -0.05236, 0, 0), (497.75280682810865, -49.725538360748125, 1.3046702752108372, 0.16434886474851018, 0.0688438748192099, -3.512977965317289e-05, -0.06981, 0, 60.0), (1166.8687828426657, -67.15751445033318, 1.7857386352230906, 0.16185701296704536, -0.12829864269488686, -0.02484643813567914, -0.05236, 0.12684496748616697, 2040.0), (2035.0726238992565, -19.207652920168865, 1.9083028969168734, 0.150459288204816, 0.14826018352548953, -0.0342683639579576, -0.03491, 0.1585562093577087, 5850.0), (2153.063065904908, 3.6066782823691876, 1.2295984155137827, 0.14989520899888822, 0.15461356752380828, 0.002006332207424592, -0.06981, 0.19026745122925046, 7172.207246491715)]",7172.207246491715,0.0054838643021085055,425.31200790405273
84,"(0, 0, 1, 0, 0, 0, -0.05236, 0, 0)","(2069.1823378460017, -341.8662268548148, 1, 0, 0, 0, 0, 0, 0)","[(-0.08727, 0.1585562093577087), (-0.0, 0.1585562093577087), (-0.05236, 0.0), (-0.0, 0.1585562093577087), (-0.03491, 0.19026745122925046), (-0.0, 0.1585562093577087), (-0.08727, 0.0)]","[(0, 0, 1, 0, 0, 0, -0.05236, 0, 0), (538.0867454671285, -12.73371881861552, 1.245720432145501, 0.18251150415991252, 0.5852655785513657, -0.024109300255904853, -0.08727, 0.1585562093577087, 3810.0), (664.1168295342594, -120.8160843462541, 4.233414351027833, 0.08252504091770126, -1.0465154883279784, -0.039127268487731764, -0.0, 0.1585562093577087, 4698.385792436375), (1317.9545125280074, -184.2192168806689, 1.1037152085636994, 0.16164404682947892, 0.10348781514369673, -0.009899153361537617, -0.05236, 0, 4758.385792436375), (1486.1166641186314, -352.3706509894139, 4.912137381074317, 0.02462982761597535, -1.0470285023727626, -0.01571872531213909, -0.0, 0.1585562093577087, 5650.396416395782), (1808.3505448688804, -342.59758299849693, 3.1763793379890246, -0.00997051372061648, 1.0459623911556146, 0.05748750070683262, -0.03491, 0.19026745122925046, 7056.602711488147), (1904.4333388893097, -309.6896375328364, 2.599750143810607, 0.06707776995935788, -1.0471242645008556, -0.035317662272597694, -0.0, 0.1585562093577087, 8073.3679536985655), (2069.148951352511, -341.2880286785121, 2.1800755651019053, 0.17597535232032524, -0.45440750458615276, 0.02827555388191548, -0.08727, 0, 8091.982081978911)]",8091.982081978911,0.025458165788086094,487.00746273994446
85,"(0, 0, 1, 0, 0, 0, -0.05236, 0, 0)","(2094.586619843979, -557.4920804151207, 1, 0, 0, 0, 0, 0, 0)","[(-0.01745, 0.0), (-0.08727, 0.12684496748616697)]","[(0, 0, 1, 0, 0, 0, -0.05236, 0, 0), (874.5144151462928, -220.33154424258512, 2.544785282924183, 0.08537061359454402, -0.18356803095166938, 0.0009570234662291785, -0.01745, 0, 60.0), (978.0973283528589, -189.93543798743005, 0.0014085194868490017, 0.1649827518588376, 0.38343622658622667, 0.07966340266609599, -0.08727, 0.12684496748616697, 487.61595179576625)]",487.61595179576625,21.42229999457087,112.06407809257507
86,"(0, 0, 1, 0, 0, 0, -0.05236, 0, 0)","(2183.3959084972344, 136.35795402382064, 1, 0, 0, 0, 0, 0, 0)","[(-0.06981, 0.1585562093577087), (-0.03491, 0.19026745122925046), (-0.01745, 0.19026745122925046)]","[(0, 0, 1, 0, 0, 0, -0.05236, 0, 0), (593.8995794736228, -31.9662168937712, 2.512666340138712, 0.19803760106230234, 0.1632190228704248, -0.012479377088171553, -0.06981, 0.1585562093577087, 3810.0), (1452.4391200757825, 96.06644953542731, 2.4396730093652965, 0.1588156506072023, 0.08401435972093436, -0.03533575785610161, -0.03491, 0.19026745122925046, 10350.0), (2183.3734275075562, 126.21178671166591, 3.1653847086610454, 0.13352994184465528, 0.29287938796914004, -0.0019231394941589294, -0.01745, 0.19026745122925046, 14130.994212320622)]",14130.994212320622,0.18916468905168346,291.69371724128723
87,"(0, 0, 1, 0, 0, 0, -0.05236, 0, 0)","(2239.0570041343694, -336.4028775781718, 1, 0, 0, 0, 0, 0, 0)","[(-0.05236, 0.0), (-0.03491, 0.0), (-0.01745, 0.0), (-0.10472, 0.0)]","[(0, 0, 1, 0, 0, 0, -0.05236, 0, 0), (561.4139249225163, -64.9998882979332, 1.558153133019857, 0.1424741561285474, -0.030059796757202523, 0.0013609798321558627, -0.05236, 0, 60.0), (1236.1822595304309, -147.10113951761505, 1.760584331387687, 0.12036066647798513, -0.041200751104118374, -0.0005020316201423652, -0.03491, 0, 120.0), (2121.7873336379675, -332.54269309268864, 2.4731595499896395, 0.08629354173886532, -0.1654649475325132, 0.0003868011180721497, -0.01745, 0, 180.0), (2239.0135817263276, -337.1342296424904, 1.97437368467499, 0.19851342432108396, -0.17620299347317936, 0.029166680566231385, -0.10472, 0, 195.08919368905097)]",195.08919368905097,0.022592467126116934,433.48733854293823
88,"(0, 0, 1, 0, 0, 0, -0.05236, 0, 0)","(2243.6410839843434, -526.6466137429171, 1, 0, 0, 0, 0, 0, 0)","[(-0.08727, 0.1585562093577087), (-0.0, 0.1585562093577087), (-0.01745, 0.0), (-0.01745, 0.0)]","[(0, 0, 1, 0, 0, 0, -0.05236, 0, 0), (538.0867454671285, -12.73371881861552, 1.245720432145501, 0.18251150415991252, 0.5852655785513657, -0.024109300255904853, -0.08727, 0.1585562093577087, 3810.0), (664.1168295342594, -120.8160843462541, 4.233414351027833, 0.08252504091770126, -1.0465154883279784, -0.039127268487731764, -0.0, 0.1585562093577087, 4698.385792436375), (1666.1876450024488, -390.35716886999035, 2.514521751135092, 0.0864120038839955, -0.0854918654815069, 0.0006369769094119367, -0.01745, 0, 4758.385792436375), (2243.586553929683, -493.21751339830087, 2.467709634555494, 0.08657308660359603, -0.14022045344602913, 0.0003166162849058966, -0.01745, 0, 4797.13628795687)]",4797.13628795687,0.6098396590978389,148.1521017551422
89,"(0, 0, 1, 0, 0, 0, -0.05236, 0, 0)","(2033.0106400584814, -26.053353725759546, 1, 0, 0, 0, 0, 0, 0)","[(-0.10472, 0.0), (-0.08727, 0.0), (-0.03491, 0.19026745122925046), (-0.05236, 0.0)]","[(0, 0, 1, 0, 0, 0, -0.05236, 0, 0), (426.19767611646404, -39.754465256402604, 1.1096236684379228, 0.19600204234090854, 0.09950772117627389, 0.0010797198922726523, -0.10472, 0, 60.0), (875.9658177999089, -79.98807839328101, 1.1706822836333053, 0.18216450350827748, 0.06654185818113535, -0.0003944728379539333, -0.08727, 0, 120.0), (1757.8558340956029, -8.92138497961175, 1.9153921078129876, 0.1436870226602392, 0.6378693241117482, -0.03553310316706038, -0.03491, 0.19026745122925046, 6660.0), (2032.997930811256, -26.50892579501967, 1.0740218203006688, 0.16537459042091016, -0.084382310967895, -0.011882697792949684, -0.05236, 0, 6690.725442004281)]",6690.725442004281,0.008593644837206855,431.0271170139313
90,"(0, 0, 1, 0, 0, 0, -0.05236, 0, 0)","(1980.8719968294608, -24.96415228211188, 1, 0, 0, 0, 0, 0, 0)","[(-0.08727, 0.0), (-0.03491, 0.19026745122925046), (-0.10472, 0.0), (-0.10472, 0.12684496748616697)]","[(0, 0, 1, 0, 0, 0, -0.05236, 0, 0), (450.92153228539496, -42.24148887658856, 1.1601439890567464, 0.18268815950870107, 0.05244247493540463, -0.0008517407951802834, -0.08727, 0, 60.0), (1332.8493759444236, 28.351008027224164, 1.8937159150942413, 0.14338336648040997, 0.6423813152966769, -0.0355806613953897, -0.03491, 0.19026745122925046, 6600.0), (1776.4192113107517, -5.170411730300126, 1.1706927266043319, 0.19235881188885234, 0.21308696046049275, 0.004294365326227084, -0.10472, 0, 6660.0), (1980.862157622345, -25.783569436494403, 1.2492748713003257, 0.20817729040606553, -0.20696866926253554, -0.022509819789755532, -0.10472, 0.12684496748616697, 7567.192579085071)]",7567.192579085071,0.016151507113581397,386.2986762523651
91,"(0, 0, 1, 0, 0, 0, -0.05236, 0, 0)","(2169.595036105533, -516.732889541524, 1, 0, 0, 0, 0, 0, 0)","[(-0.08727, 0.1585562093577087), (-0.0, 0.1585562093577087), (-0.01745, 0.0), (-0.01745, 0.0)]","[(0, 0, 1, 0, 0, 0, -0.05236, 0, 0), (538.0867454671285, -12.73371881861552, 1.245720432145501, 0.18251150415991252, 0.5852655785513657, -0.024109300255904853, -0.08727, 0.1585562093577087, 3810.0), (664.1168295342594, -120.8160843462541, 4.233414351027833, 0.08252504091770126, -1.0465154883279784, -0.039127268487731764, -0.0, 0.1585562093577087, 4698.385792436375), (1666.1876450024488, -390.35716886999035, 2.514521751135092, 0.0864120038839955, -0.0854918654815069, 0.0006369769094119367, -0.01745, 0, 4758.385792436375), (2169.584693713995, -479.6854393551987, 2.4865976926677034, 0.0862616150993455, -0.15262258566366702, 0.0004757288015971418, -0.01745, 0, 4792.326964243241)]",4792.326964243241,0.6757399890379303,145.23873782157898
92,"(0, 0, 1, 0, 0, 0, -0.05236, 0, 0)","(2092.321670774422, -229.71532321872988, 1, 0, 0, 0, 0, 0, 0)","[(-0.03491, 0.0), (-0.03491, 0.0), (-0.06981, 0.0), (-0.10472, 0.0)]","[(0, 0, 1, 0, 0, 0, -0.05236, 0, 0), (671.5082271885556, -95.97125917870846, 1.6790257017535481, 0.12237678485287022, -0.024388067807622735, -0.0017741947486080952, -0.03491, 0, 60.0), (1346.0027265105655, -175.2683488148086, 1.7786446380419474, 0.119965023447926, -0.042233418078315356, -0.00022749153559252066, -0.03491, 0, 120.0), (1846.4218058311553, -211.41181074935741, 1.3135553443551378, 0.16429223837815152, -0.006299314800104106, 6.243925187127601e-06, -0.06981, 0, 180.0), (2092.3171664331317, -229.731978643303, 1.0733905785704645, 0.2009519634684995, 0.14265867187718795, -0.002125166699983438, -0.10472, 0, 213.8840878458733)]",213.8840878458733,0.0031100391743304266,657.4719393253326
93,"(0, 0, 1, 0, 0, 0, -0.05236, 0, 0)","(2090.8962178492948, -3.1963755132782925, 1, 0, 0, 0, 0, 0, 0)","[(-0.03491, 0.1585562093577087), (-0.05236, 0.1585562093577087), (-0.05236, 0.0)]","[(0, 0, 1, 0, 0, 0, -0.05236, 0, 0), (860.120694073523, 7.601363352511649, 1.909494698458602, 0.14652460527815903, 0.36011784142912534, -0.033284211596317774, -0.03491, 0.1585562093577087, 3810.0), (1537.8750030735732, 52.31480971033582, 1.290652525383838, 0.17266517836753087, 0.19760122880490608, -0.03568211353439764, -0.05236, 0.1585562093577087, 7620.0), (2090.8744834655627, -3.7989272808891914, 1.4916645063898981, 0.1441816881947901, -0.026257282924929615, -8.063835158051893e-05, -0.05236, 0, 7679.562356299057)]",7679.562356299057,0.014267379954961785,436.4637544155121
94,"(0, 0, 1, 0, 0, 0, -0.05236, 0, 0)","(1999.7557481416638, -403.59819078546326, 1, 0, 0, 0, 0, 0, 0)","[(-0.08727, 0.1585562093577087), (-0.0, 0.1585562093577087), (-0.01745, 0.0), (-0.10472, 0.0)]","[(0, 0, 1, 0, 0, 0, -0.05236, 0, 0), (538.0867454671285, -12.73371881861552, 1.245720432145501, 0.18251150415991252, 0.5852655785513657, -0.024109300255904853, -0.08727, 0.1585562093577087, 3810.0), (664.1168295342594, -120.8160843462541, 4.233414351027833, 0.08252504091770126, -1.0465154883279784, -0.039127268487731764, -0.0, 0.1585562093577087, 4698.385792436375), (1666.1876450024488, -390.35716886999035, 2.514521751135092, 0.0864120038839955, -0.0854918654815069, 0.0006369769094119367, -0.01745, 0, 4758.385792436375), (1999.7221676535044, -405.13017831313346, 1.3972881188803727, 0.18921001571140608, -0.14390216420886068, 0.011629887413682016, -0.10472, 0, 4801.679219852533)]",4801.679219852533,0.02902845233881942,344.990327835083
95,"(0, 0, 1, 0, 0, 0, -0.05236, 0, 0)","(2172.367671031429, -612.0658804625956, 1, 0, 0, 0, 0, 0, 0)","[(-0.01745, 0.0), (-0.08727, 0.12684496748616697)]","[(0, 0, 1, 0, 0, 0, -0.05236, 0, 0), (874.5144151462928, -220.33154424258512, 2.544785282924183, 0.08537061359454402, -0.18356803095166938, 0.0009570234662291785, -0.01745, 0, 60.0), (978.0973283528589, -189.93543798743005, 0.0014085194868490017, 0.1649827518588376, 0.38343622658622667, 0.07966340266609599, -0.08727, 0.12684496748616697, 487.61595179576625)]",487.61595179576625,23.08523137256687,82.5028235912323
96,"(0, 0, 1, 0, 0, 0, -0.05236, 0, 0)","(2173.1157329150315, 159.08190769534582, 1, 0, 0, 0, 0, 0, 0)","[(-0.06981, 0.1585562093577087), (-0.03491, 0.19026745122925046), (-0.03491, 0.1585562093577087)]","[(0, 0, 1, 0, 0, 0, -0.05236, 0, 0), (593.8995794736228, -31.9662168937712, 2.512666340138712, 0.19803760106230234, 0.1632190228704248, -0.012479377088171553, -0.06981, 0.1585562093577087, 3810.0), (1452.4391200757825, 96.06644953542731, 2.4396730093652965, 0.1588156506072023, 0.08401435972093436, -0.03533575785610161, -0.03491, 0.19026745122925046, 10350.0), (2173.0935712096266, 155.26950172260374, 2.1802499795292536, 0.21743967977272757, 0.08724764867367542, -0.049822469453512465, -0.03491, 0.1585562093577087, 13581.839372076429)]",13581.839372076429,0.07281151104542392,206.42633748054504
97,"(0, 0, 1, 0, 0, 0, -0.05236, 0, 0)","(2044.1596420687388, -201.10425185352682, 1, 0, 0, 0, 0, 0, 0)","[(-0.03491, 0.12684496748616697), (-0.01745, 0.0), (-0.06981, 0.12684496748616697)]","[(0, 0, 1, 0, 0, 0, -0.05236, 0, 0), (833.0716676568869, -45.67743374917829, 1.9666412234859132, 0.14250569564628224, 0.16690159436579705, -0.028011123627065395, -0.03491, 0.12684496748616697, 1980.0), (1698.8403465039464, -217.07331260000893, 2.4324196432358316, 0.08666333682134607, -0.17541786366909395, 8.100494749100125e-05, -0.01745, 0, 2040.0), (2044.1469720010766, -201.24302985078947, 0.9230801473168188, 0.13546454058116505, 0.368378738463133, -0.0019482318638915012, -0.06981, 0.12684496748616697, 3174.65789265044)]",3174.65789265044,0.007281250587224,628.2116885185242
98,"(0, 0, 1, 0, 0, 0, -0.05236, 0, 0)","(2251.0620933589344, -212.44196128399557, 1, 0, 0, 0, 0, 0, 0)","[(-0.03491, 0.0), (-0.06981, 0.0), (-0.08727, 0.0), (-0.08727, 0.0), (-0.10472, 0.19026745122925046)]","[(0, 0, 1, 0, 0, 0, -0.05236, 0, 0), (671.5082271885556, -95.97125917870846, 1.6790257017535481, 0.12237678485287022, -0.024388067807622735, -0.0017741947486080952, -0.03491, 0, 60.0), (1170.4953841491918, -133.47993359651, 1.3063005307374977, 0.16454070944536955, 0.0031229293317317055, -0.00018642188466809386, -0.06981, 0, 120.0), (1622.8089197604002, -171.42581073807278, 1.2012036902600478, 0.18104232549935345, 0.06250387026473186, 0.0006980208036372771, -0.08727, 0, 180.0), (2073.497152360161, -210.51176888474254, 1.184011688099897, 0.18165018489812793, 0.06602855000731656, 9.209205756707212e-05, -0.08727, 0, 240.0), (2251.050228794872, -212.78321596483366, 1.0421447560759007, 0.23461211869257426, 0.04312757471814179, -0.009564393224201908, -0.10472, 0.19026745122925046, 2657.8244668199472)]",2657.8244668199472,0.006394622756811538,652.9893989562988
99,"(0, 0, 1, 0, 0, 0, -0.05236, 0, 0)","(2128.3832489642123, -133.3968437519782, 1, 0, 0, 0, 0, 0, 0)","[(-0.08727, 0.0), (-0.08727, 0.0), (-0.06981, 0.1585562093577087), (-0.10472, 0.0), (-0.08727, 0.12684496748616697)]","[(0, 0, 1, 0, 0, 0, -0.05236, 0, 0), (450.92153228539496, -42.24148887658856, 1.1601439890567464, 0.18268815950870107, 0.05244247493540463, -0.0008517407951802834, -0.08727, 0, 60.0), (901.8016470043832, -81.970692616841, 1.1804281089461488, 0.18180957473151885, 0.06272455799851744, -5.367417076049785e-05, -0.08727, 0, 120.0), (1502.3404138762219, -95.40406527359463, 2.215679622650731, 0.1914570215276537, 0.15867160480277553, -0.017108352079526736, -0.06981, 0.1585562093577087, 3930.0), (1955.7463833590587, -121.96563679464744, 1.2423252648510112, 0.19199189604179104, 0.1425001425175745, 0.006578359756370026, -0.10472, 0, 3990.0), (2128.362263351981, -132.9304133234426, 1.3056642423784686, 0.2584369958207875, 0.2320766072641717, -0.03208748854028324, -0.08727, 0.12684496748616697, 4641.784666613811)]",4641.784666613811,0.011255546009818243,649.8325836658478
100,"(0, 0, 1, 0, 0, 0, -0.05236, 0, 0)","(1952.5001994097288, -235.55011933999745, 1, 0, 0, 0, 0, 0, 0)","[(-0.01745, 0.12684496748616697), (-0.08727, 0.0), (-0.05236, 0.12684496748616697)]","[(0, 0, 1, 0, 0, 0, -0.05236, 0, 0), (1105.9299773859889, -198.7360679563873, 3.2147323348104746, 0.11670376432220936, -0.18195425561098663, -0.024869994059488768, -0.01745, 0.12684496748616697, 1980.0), (1602.5723681660402, -209.7688235765743, 0.9458740898865807, 0.21232941308272932, 0.13108470458907767, -0.01838991218084147, -0.08727, 0, 2040.0), (1952.470252039494, -236.45106447319935, 1.785389639379236, 0.07880334048613406, -0.26673778593617786, 0.02320222498044939, -0.05236, 0.12684496748616697, 3133.3719178625224)]",3133.3719178625224,0.022345651284250905,594.9198994636536
