id_camino,id_in_seq,current_state,goal_state,out_action,timesteps
0,0,"[0.0, 0.0, 4.257165346815115, 0.0, 0, 0]","[57.567204330408806, -7.227249063128963, 0, 0, 0, 0]","[-0.05236, 0.0]",31.53455812455641
0,1,"[4.745068697222255, -1.2437566999243914, 5.915146749566081, 0.6180499312841097, -0.22818002319939584, -0.00242293497127862]","[57.567204330408806, -7.227249063128963, 0, 0, 0, 0]","[-0.03491, 0.0]",31.53455812455641
0,2,"[11.457200491345448, -3.721061670062575, 8.307942752869776, 0.48567906449866777, -0.2816568397378461, 0.0025787736836813476]","[57.567204330408806, -7.227249063128963, 0, 0, 0, 0]","[-0.01745, 0.0]",31.53455812455641
0,3,"[20.172401996002417, -7.0122986552399595, 10.292614117139038, 0.359680553937888, -0.3349040138382712, 0.00029984408876956604]","[57.567204330408806, -7.227249063128963, 0, 0, 0, 0]","[-0.06981, 0.0]",31.53455812455641
0,4,"[29.925808324689363, -7.319602801457989, 8.56207353781829, 0.6607443044694562, 0.3924374858214092, 0.017563955839737657]","[57.567204330408806, -7.227249063128963, 0, 0, 0, 0]","[-0.0, 0.0]",31.53455812455641
0,5,"[36.7724541530013, -6.185800517784642, 6.195684444441244, 0.4214012469448657, -0.012988291899309662, -0.01536794217826315]","[57.567204330408806, -7.227249063128963, 0, 0, 0, 0]","[-0.0, 0.0]",31.53455812455641
0,6,"[43.31072909887067, -8.241545228060122, 8.154552302280834, 0.30007179722131755, -0.4382845305132281, -0.010324472445025375]","[57.567204330408806, -7.227249063128963, 0, 0, 0, 0]","[-0.10472, 0.0]",31.53455812455641
0,7,"[51.371360477590834, -8.840662364486834, 7.1148578454969424, 0.7958160434139145, 0.4737092979316829, 0.022181413454052622]","[57.567204330408806, -7.227249063128963, 0, 0, 0, 0]","[-0.0, 0.0]",31.53455812455641
0,8,"[56.78154852558275, -7.89971516527573, 4.957073503103977, 0.5216360302046325, -0.048262227110656725, -0.02011026473330115]","[57.567204330408806, -7.227249063128963, 0, 0, 0, 0]",[],31.53455812455641
1,0,"[0.0, 0.0, 4.257165346815115, 0.0, 0, 0]","[48.81121560345746, -17.346577034386513, 0, 0, 0, 0]","[-0.0, 0.0]",31.53455812455641
1,1,"[4.833593742993324, -1.9561447297269416, 7.023492212473488, 0.33250685111525674, -0.53210536563414, -0.011984719408558431]","[48.81121560345746, -17.346577034386513, 0, 0, 0, 0]","[-0.01745, 0.0]",31.53455812455641
1,2,"[12.372279371580719, -7.233444356472249, 11.197549274327457, 0.32787400882419043, -0.564533901982353, 0.002735608037242335]","[48.81121560345746, -17.346577034386513, 0, 0, 0, 0]","[-0.01745, 0.0]",31.53455812455641
1,3,"[23.22822619002, -13.511724361467497, 13.559370944272544, 0.3349177053291896, -0.4204654156306958, 0.005765728648799595]","[48.81121560345746, -17.346577034386513, 0, 0, 0, 0]","[-0.01745, 0.0]",31.53455812455641
1,4,"[36.20678576262511, -18.262881140713937, 13.836659346613116, 0.34627485883809783, -0.23296957107535798, 0.0057458034559548]","[48.81121560345746, -17.346577034386513, 0, 0, 0, 0]","[-0.05236, 0.0]",31.53455812455641
1,5,"[48.26374319879707, -17.10527220557637, 10.02494684312381, 0.5659593055499733, 0.5022733048812396, 0.01655060746561568]","[48.81121560345746, -17.346577034386513, 0, 0, 0, 0]",[],31.53455812455641
2,0,"[0.0, 0.0, 4.257165346815115, 0.0, 0, 0]","[65.45650918893115, -5.43049229897531, 0, 0, 0, 0]","[-0.05236, 0.0]",31.53455812455641
2,1,"[4.745068697222255, -1.2437566999243914, 5.915146749566081, 0.6180499312841097, -0.22818002319939584, -0.00242293497127862]","[65.45650918893115, -5.43049229897531, 0, 0, 0, 0]","[-0.08727, 0.0]",31.53455812455641
2,2,"[11.181186248664291, -2.3763437972932624, 6.547207513085082, 0.7455292839889501, 0.12245759651839576, 0.011429434240834148]","[65.45650918893115, -5.43049229897531, 0, 0, 0, 0]","[-0.06981, 0.0]",31.53455812455641
2,3,"[17.01495367613355, -2.0282595221333946, 5.055921855748921, 0.7120365221460709, 0.18625263653139879, -0.002974290097242974]","[65.45650918893115, -5.43049229897531, 0, 0, 0, 0]","[-0.08727, 0.0]",31.53455812455641
2,4,"[21.677410460541278, -2.1228615056831073, 4.44582629846231, 0.8205457304513029, 0.06036735944630845, -0.007641952118515987]","[65.45650918893115, -5.43049229897531, 0, 0, 0, 0]","[-0.05236, 0.0]",31.53455812455641
2,5,"[26.641741039702943, -3.334394970661073, 5.989694443376687, 0.6178100912700288, -0.19897564826339498, -0.0020391626126596662]","[65.45650918893115, -5.43049229897531, 0, 0, 0, 0]","[-0.06981, 0.0]",31.53455812455641
2,6,"[33.194826031144515, -4.6926125804382135, 6.963855162386165, 0.6737145279457467, 0.015246429524327098, 0.008453674352531831]","[65.45650918893115, -5.43049229897531, 0, 0, 0, 0]","[-0.06981, 0.0]",31.53455812455641
2,7,"[39.6869939564171, -4.569925540261105, 5.744246286466554, 0.6864563578360198, 0.20144968273350336, 0.0018233579479031902]","[65.45650918893115, -5.43049229897531, 0, 0, 0, 0]","[-0.10472, 0.0]",31.53455812455641
2,8,"[44.466676644859795, -4.1107854284429415, 3.9402732640095883, 0.9756177620949823, 0.18319161289503552, -0.019407662045101744]","[65.45650918893115, -5.43049229897531, 0, 0, 0, 0]","[-0.06981, 0.0]",31.53455812455641
2,9,"[49.014732169991746, -5.300510895777707, 5.659782395014539, 0.6898148026773576, -0.181592153509242, 0.0003832095670191811]","[65.45650918893115, -5.43049229897531, 0, 0, 0, 0]","[-0.03491, 0.0]",31.53455812455641
2,10,"[55.451106939840706, -7.555758400023739, 7.957282780999117, 0.49103878882151364, -0.2797344057024883, 0.0014133462505565664]","[65.45650918893115, -5.43049229897531, 0, 0, 0, 0]","[-0.10472, 0.0]",31.53455812455641
2,11,"[62.96193517271704, -7.4465421545086175, 6.220016372701447, 0.7767031374875546, 0.49631292219242584, 0.016259541182803393]","[65.45650918893115, -5.43049229897531, 0, 0, 0, 0]","[-0.08727, 0.0]",31.53455812455641
2,12,"[65.45468280871742, -6.391273266565393, 3.6948179383998987, 0.8022287069173787, 0.5456404549906363, -0.01016660998751487]","[65.45650918893115, -5.43049229897531, 0, 0, 0, 0]",[],31.53455812455641
3,0,"[0.0, 0.0, 4.257165346815115, 0.0, 0, 0]","[53.04666590815438, -11.15627190194964, 0, 0, 0, 0]","[-0.05236, 0.0]",31.53455812455641
3,1,"[4.745068697222255, -1.2437566999243914, 5.915146749566081, 0.6180499312841097, -0.22818002319939584, -0.00242293497127862]","[53.04666590815438, -11.15627190194964, 0, 0, 0, 0]","[-0.0, 0.0]",31.53455812455641
3,2,"[11.340265584650075, -4.808308579295759, 9.458643202613153, 0.23948448844563003, -0.5979603954845759, -0.007738665851972252]","[53.04666590815438, -11.15627190194964, 0, 0, 0, 0]","[-0.03491, 0.0]",31.53455812455641
3,3,"[21.072353159630815, -9.838886606633467, 11.923622839326567, 0.47910996198299965, -0.26010697770327734, 0.0124236437395039]","[53.04666590815438, -11.15627190194964, 0, 0, 0, 0]","[-0.0, 0.0]",31.53455812455641
3,4,"[32.569713663174724, -14.39418416208291, 13.071659927300889, 0.19281679155861695, -0.45012593631662823, -0.005323543614889928]","[53.04666590815438, -11.15627190194964, 0, 0, 0, 0]","[-0.05236, 0.0]",31.53455812455641
3,5,"[44.877744979840124, -15.75820266015874, 11.209460538900727, 0.5976001570963321, 0.3124058994730166, 0.01974481685450948]","[53.04666590815438, -11.15627190194964, 0, 0, 0, 0]","[-0.05236, 0.0]",31.53455812455641
3,6,"[52.426556090656995, -12.111717197810199, 5.4210340525931615, 0.5525606503908194, 0.655909558141902, -0.00021822449156843433]","[53.04666590815438, -11.15627190194964, 0, 0, 0, 0]",[],31.53455812455641
4,0,"[0.0, 0.0, 4.257165346815115, 0.0, 0, 0]","[48.214939490988144, -19.801490657199167, 0, 0, 0, 0]","[-0.0, 0.0]",31.53455812455641
4,1,"[4.833593742993324, -1.9561447297269416, 7.023492212473488, 0.33250685111525674, -0.53210536563414, -0.011984719408558431]","[48.214939490988144, -19.801490657199167, 0, 0, 0, 0]","[-0.01745, 0.0]",31.53455812455641
4,2,"[12.372279371580719, -7.233444356472249, 11.197549274327457, 0.32787400882419043, -0.564533901982353, 0.002735608037242335]","[48.214939490988144, -19.801490657199167, 0, 0, 0, 0]","[-0.01745, 0.0]",31.53455812455641
4,3,"[23.22822619002, -13.511724361467497, 13.559370944272544, 0.3349177053291896, -0.4204654156306958, 0.005765728648799595]","[48.214939490988144, -19.801490657199167, 0, 0, 0, 0]","[-0.01745, 0.0]",31.53455812455641
4,4,"[36.20678576262511, -18.262881140713937, 13.836659346613116, 0.34627485883809783, -0.23296957107535798, 0.0057458034559548]","[48.214939490988144, -19.801490657199167, 0, 0, 0, 0]","[-0.01745, 0.0]",31.53455812455641
4,5,"[48.20537840459333, -20.49478334559315, 12.815898705463212, 0.35345026341544994, -0.08872678402329982, 0.004098911182056445]","[48.214939490988144, -19.801490657199167, 0, 0, 0, 0]",[],31.53455812455641
5,0,"[0.0, 0.0, 4.257165346815115, 0.0, 0, 0]","[50.755477685109106, -7.997603559062214, 0, 0, 0, 0]","[-0.05236, 0.0]",31.53455812455641
5,1,"[4.745068697222255, -1.2437566999243914, 5.915146749566081, 0.6180499312841097, -0.22818002319939584, -0.00242293497127862]","[50.755477685109106, -7.997603559062214, 0, 0, 0, 0]","[-0.06981, 0.0]",31.53455812455641
5,2,"[11.317408056427961, -2.7794741286446674, 7.126935815010951, 0.6726456842759618, -0.002996435098317557, 0.009326467714881869]","[50.755477685109106, -7.997603559062214, 0, 0, 0, 0]","[-0.01745, 0.0]",31.53455812455641
5,3,"[18.53954231249028, -4.082139423439968, 7.857608909811721, 0.41487680159961265, -0.21793825143180423, -0.005298206161011203]","[50.755477685109106, -7.997603559062214, 0, 0, 0, 0]","[-0.06981, 0.0]",31.53455812455641
5,4,"[26.392402217911954, -4.74325349962704, 7.323702389985224, 0.6670453631106469, 0.2085836615349113, 0.010835284641944363]","[50.755477685109106, -7.997603559062214, 0, 0, 0, 0]","[-0.0, 0.0]",31.53455812455641
5,5,"[33.166716729018056, -5.141650387709082, 7.050864388388421, 0.36798102183331793, -0.22020573052346448, -0.013167822258949413]","[50.755477685109106, -7.997603559062214, 0, 0, 0, 0]","[-0.01745, 0.0]",31.53455812455641
5,6,"[40.77256540895023, -7.998854415122464, 9.30141061149675, 0.3709591635120588, -0.3612582739296658, -0.001551638751553823]","[50.755477685109106, -7.997603559062214, 0, 0, 0, 0]","[-0.06981, 0.0]",31.53455812455641
5,7,"[49.977203076535815, -8.954639929433922, 8.505604368770063, 0.668903822218834, 0.2874095445655819, 0.01686850251401488]","[50.755477685109106, -7.997603559062214, 0, 0, 0, 0]",[],31.53455812455641
6,0,"[0.0, 0.0, 4.257165346815115, 0.0, 0, 0]","[58.66248155311308, -8.49909580156482, 0, 0, 0, 0]","[-0.0, 0.0]",31.53455812455641
6,1,"[4.833593742993324, -1.9561447297269416, 7.023492212473488, 0.33250685111525674, -0.53210536563414, -0.011984719408558431]","[58.66248155311308, -8.49909580156482, 0, 0, 0, 0]","[-0.06981, 0.0]",31.53455812455641
6,2,"[12.70559334174142, -4.891237127357585, 9.035515188882433, 0.683261539707156, -0.006586382029365406, 0.018754427193272413]","[58.66248155311308, -8.49909580156482, 0, 0, 0, 0]","[-0.01745, 0.0]",31.53455812455641
6,3,"[21.439965973621224, -5.774531121535924, 8.699768778086955, 0.3985672825989649, -0.10738594648936366, -0.0033733518557702027]","[58.66248155311308, -8.49909580156482, 0, 0, 0, 0]","[-0.03491, 0.0]",31.53455812455641
6,4,"[30.024132938733267, -6.723959801180633, 8.421141864147138, 0.4966596549522629, -0.003454909162551058, 0.00263534069949321]","[58.66248155311308, -8.49909580156482, 0, 0, 0, 0]","[-0.08727, 0.0]",31.53455812455641
6,5,"[37.05967580472324, -5.480907407466007, 5.320454813705128, 0.7125714944565635, 0.5041245667825307, 0.005644074077471577]","[58.66248155311308, -8.49909580156482, 0, 0, 0, 0]","[-0.01745, 0.0]",31.53455812455641
6,6,"[41.09787787053088, -5.212299163627085, 4.222761337558744, 0.6496537893352788, -0.19054450108118962, -0.022739375902924113]","[58.66248155311308, -8.49909580156482, 0, 0, 0, 0]","[-0.0, 0.0]",31.53455812455641
6,7,"[46.29532350980727, -8.56572472946709, 8.58078545897247, 0.24894704645374297, -0.6775585072863073, -0.008310837738394533]","[58.66248155311308, -8.49909580156482, 0, 0, 0, 0]","[-0.10472, 0.0]",31.53455812455641
6,8,"[55.044626176161835, -10.35436600770903, 8.43831824906497, 0.8373537075972671, 0.44677831647321614, 0.030419652091050426]","[58.66248155311308, -8.49909580156482, 0, 0, 0, 0]","[-0.0, 0.0]",31.53455812455641
6,9,"[58.65667543576356, -9.183102219147292, 6.415514267204357, 0.38829700423406893, 0.25940514648886515, -0.013735714652417179]","[58.66248155311308, -8.49909580156482, 0, 0, 0, 0]",[],31.53455812455641
7,0,"[0.0, 0.0, 4.257165346815115, 0.0, 0, 0]","[46.95093257513877, -15.291813618336832, 0, 0, 0, 0]","[-0.0, 0.0]",31.53455812455641
7,1,"[4.833593742993324, -1.9561447297269416, 7.023492212473488, 0.33250685111525674, -0.53210536563414, -0.011984719408558431]","[46.95093257513877, -15.291813618336832, 0, 0, 0, 0]","[-0.01745, 0.0]",31.53455812455641
7,2,"[12.372279371580719, -7.233444356472249, 11.197549274327457, 0.32787400882419043, -0.564533901982353, 0.002735608037242335]","[46.95093257513877, -15.291813618336832, 0, 0, 0, 0]","[-0.01745, 0.0]",31.53455812455641
7,3,"[23.22822619002, -13.511724361467497, 13.559370944272544, 0.3349177053291896, -0.4204654156306958, 0.005765728648799595]","[46.95093257513877, -15.291813618336832, 0, 0, 0, 0]","[-0.01745, 0.0]",31.53455812455641
7,4,"[36.20678576262511, -18.262881140713937, 13.836659346613116, 0.34627485883809783, -0.23296957107535798, 0.0057458034559548]","[46.95093257513877, -15.291813618336832, 0, 0, 0, 0]","[-0.06981, 0.0]",31.53455812455641
7,5,"[46.94712765184085, -16.143340024296716, 9.275202559460064, 0.6289229513741127, 0.7236110368629206, 0.022606996637348133]","[46.95093257513877, -15.291813618336832, 0, 0, 0, 0]",[],31.53455812455641
8,0,"[0.0, 0.0, 4.257165346815115, 0.0, 0, 0]","[71.17052662063887, -7.427249395801, 0, 0, 0, 0]","[-0.05236, 0.0]",31.53455812455641
8,1,"[4.745068697222255, -1.2437566999243914, 5.915146749566081, 0.6180499312841097, -0.22818002319939584, -0.00242293497127862]","[71.17052662063887, -7.427249395801, 0, 0, 0, 0]","[-0.03491, 0.0]",31.53455812455641
8,2,"[11.457200491345448, -3.721061670062575, 8.307942752869776, 0.48567906449866777, -0.2816568397378461, 0.0025787736836813476]","[71.17052662063887, -7.427249395801, 0, 0, 0, 0]","[-0.08727, 0.0]",31.53455812455641
8,3,"[19.49252296750274, -3.947920908384441, 7.005486415308088, 0.7274291558119749, 0.3901603449066589, 0.015502022084894596]","[71.17052662063887, -7.427249395801, 0, 0, 0, 0]","[-0.03491, 0.0]",31.53455812455641
8,4,"[24.809848644190147, -2.86699486099718, 4.430880089164229, 0.6597689562704063, 0.1257727123592557, -0.015168405728578948]","[71.17052662063887, -7.427249395801, 0, 0, 0, 0]","[-0.06981, 0.0]",31.53455812455641
8,5,"[29.45703534962218, -3.63498880685691, 5.230277451644027, 0.7116041035868106, -0.09955604311842234, -0.002794643487362932]","[71.17052662063887, -7.427249395801, 0, 0, 0, 0]","[-0.08727, 0.0]",31.53455812455641
8,6,"[35.13124982433158, -4.555300204716655, 5.877604694495421, 0.751972077380726, 0.06490868528696994, 0.006660053957728084]","[71.17052662063887, -7.427249395801, 0, 0, 0, 0]","[-0.08727, 0.0]",31.53455812455641
8,7,"[40.63563419569939, -4.531161302049889, 4.907802597613228, 0.7713867496805193, 0.18537659817469204, -0.00034759633166414746]","[71.17052662063887, -7.427249395801, 0, 0, 0, 0]","[-0.03491, 0.0]",31.53455812455641
8,8,"[45.55674269882357, -5.260273112416443, 5.608567781638001, 0.5760956649880874, -0.20077129085083334, -0.008725602484581495]","[71.17052662063887, -7.427249395801, 0, 0, 0, 0]","[-0.05236, 0.0]",31.53455812455641
8,9,"[51.93552637783034, -7.190296509922996, 7.500653785899269, 0.5873484480906366, -0.15759789281640227, 0.0054720117432124375]","[71.17052662063887, -7.427249395801, 0, 0, 0, 0]","[-0.01745, 0.0]",31.53455812455641
8,10,"[59.82545466784635, -9.534653708674098, 9.084935553409817, 0.3806477342904005, -0.2942405317146397, -0.002211654701615256]","[71.17052662063887, -7.427249395801, 0, 0, 0, 0]","[-0.08727, 0.0]",31.53455812455641
8,11,"[68.33148359219014, -9.419008653655597, 7.17539992264531, 0.7188354014198393, 0.47272909603955166, 0.017021764841978648]","[71.17052662063887, -7.427249395801, 0, 0, 0, 0]","[-0.01745, 0.0]",31.53455812455641
8,12,"[71.16915850556477, -8.416926132019332, 5.220106036168121, 0.5137819245119024, 0.33558782059587133, -0.012585965352655045]","[71.17052662063887, -7.427249395801, 0, 0, 0, 0]",[],31.53455812455641
9,0,"[0.0, 0.0, 4.257165346815115, 0.0, 0, 0]","[40.09831481238927, -11.827012107477554, 0, 0, 0, 0]","[-0.0, 0.0]",31.53455812455641
9,1,"[4.833593742993324, -1.9561447297269416, 7.023492212473488, 0.33250685111525674, -0.53210536563414, -0.011984719408558431]","[40.09831481238927, -11.827012107477554, 0, 0, 0, 0]","[-0.01745, 0.0]",31.53455812455641
9,2,"[12.372279371580719, -7.233444356472249, 11.197549274327457, 0.32787400882419043, -0.564533901982353, 0.002735608037242335]","[40.09831481238927, -11.827012107477554, 0, 0, 0, 0]","[-0.01745, 0.0]",31.53455812455641
9,3,"[23.22822619002, -13.511724361467497, 13.559370944272544, 0.3349177053291896, -0.4204654156306958, 0.005765728648799595]","[40.09831481238927, -11.827012107477554, 0, 0, 0, 0]","[-0.05236, 0.0]",31.53455812455641
9,4,"[35.78372959327274, -14.373097507344063, 11.173344066444972, 0.5936515777120107, 0.3642038395049206, 0.019782391929325887]","[40.09831481238927, -11.827012107477554, 0, 0, 0, 0]","[-0.03491, 0.0]",31.53455812455641
9,5,"[40.09111995050529, -12.64717232906352, 8.662926281882251, 0.4616281424042821, 0.4828609603458576, 0.004924768057491905]","[40.09831481238927, -11.827012107477554, 0, 0, 0, 0]",[],31.53455812455641
10,0,"[0.0, 0.0, 4.257165346815115, 0.0, 0, 0]","[51.225133232414144, -20.8957408925407, 0, 0, 0, 0]","[-0.03491, 0.0]",31.53455812455641
10,1,"[4.79506777490283, -1.4638811882184906, 6.2839991154031045, 0.5314843830004248, -0.32338538143675755, -0.00500913924473525]","[51.225133232414144, -20.8957408925407, 0, 0, 0, 0]","[-0.0, 0.0]",31.53455812455641
10,2,"[11.682399589586774, -5.75692616650064, 10.226589339878446, 0.2153004177941904, -0.6477487511927095, -0.006674155850325402]","[51.225133232414144, -20.8957408925407, 0, 0, 0, 0]","[-0.0, 0.0]",31.53455812455641
10,3,"[20.73149290395046, -14.163832494899971, 14.415060910264364, 0.1413280137784316, -0.7954540309705902, -0.0032081733452713665]","[51.225133232414144, -20.8957408925407, 0, 0, 0, 0]","[-0.03491, 0.0]",31.53455812455641
10,4,"[33.91956222134645, -21.362435040544945, 15.196387862062466, 0.5134058117077849, -0.14687006063347435, 0.019642594263523955]","[51.225133232414144, -20.8957408925407, 0, 0, 0, 0]","[-0.01745, 0.0]",31.53455812455641
10,5,"[47.8668523474921, -22.39033472910456, 12.720201340404394, 0.35462306146838224, 0.03679078497116878, 0.003948859429902829]","[51.225133232414144, -20.8957408925407, 0, 0, 0, 0]","[-0.08727, 0.0]",31.53455812455641
10,6,"[51.21742023873034, -21.874573703169688, 11.466827790399067, 0.8442891962582146, 0.4052572721901785, 0.038894146631306394]","[51.225133232414144, -20.8957408925407, 0, 0, 0, 0]",[],31.53455812455641
11,0,"[0.0, 0.0, 4.257165346815115, 0.0, 0, 0]","[43.60367026027089, -6.821762176246617, 0, 0, 0, 0]","[-0.05236, 0.0]",31.53455812455641
11,1,"[4.745068697222255, -1.2437566999243914, 5.915146749566081, 0.6180499312841097, -0.22818002319939584, -0.00242293497127862]","[43.60367026027089, -6.821762176246617, 0, 0, 0, 0]","[-0.06981, 0.0]",31.53455812455641
11,2,"[11.317408056427961, -2.7794741286446674, 7.126935815010951, 0.6726456842759618, -0.002996435098317557, 0.009326467714881869]","[43.60367026027089, -6.821762176246617, 0, 0, 0, 0]","[-0.01745, 0.0]",31.53455812455641
11,3,"[18.53954231249028, -4.082139423439968, 7.857608909811721, 0.41487680159961265, -0.21793825143180423, -0.005298206161011203]","[43.60367026027089, -6.821762176246617, 0, 0, 0, 0]","[-0.0, 0.0]",31.53455812455641
11,4,"[26.726959596760178, -7.701774124558069, 10.407150410036929, 0.2297542902021811, -0.513836508655248, -0.007170990143656316]","[43.60367026027089, -6.821762176246617, 0, 0, 0, 0]","[-0.08727, 0.0]",31.53455812455641
11,5,"[36.58790364440859, -8.332398635390396, 8.67962072456608, 0.7426832520975567, 0.5229199131177754, 0.02554521631494805]","[43.60367026027089, -6.821762176246617, 0, 0, 0, 0]","[-0.0, 0.0]",31.53455812455641
11,6,"[42.77974478268396, -6.441099308686163, 5.217910575716573, 0.4886184773913033, 0.09921934465265557, -0.018288011722510492]","[43.60367026027089, -6.821762176246617, 0, 0, 0, 0]",[],31.53455812455641
12,0,"[0.0, 0.0, 4.257165346815115, 0.0, 0, 0]","[75.17393365140086, -10.105903630243592, 0, 0, 0, 0]","[-0.10472, 0.0]",31.53455812455641
12,1,"[4.625849022153681, -0.858149443458235, 5.158671772439051, 0.8226298625621137, -0.005075069586524858, 0.004830323128053366]","[75.17393365140086, -10.105903630243592, 0, 0, 0, 0]","[-0.0, 0.0]",31.53455812455641
12,2,"[10.359846320582685, -3.0309880700149883, 7.738353882502919, 0.3075716602359585, -0.4966419668480229, -0.010752341216882821]","[75.17393365140086, -10.105903630243592, 0, 0, 0, 0]","[-0.05236, 0.0]",31.53455812455641
12,3,"[18.805675801734115, -6.3296354145303795, 9.79204594499153, 0.5884038086147064, -0.10473708614950161, 0.014453358326183803]","[75.17393365140086, -10.105903630243592, 0, 0, 0, 0]","[-0.05236, 0.0]",31.53455812455641
12,4,"[27.846145237118435, -6.052139516881955, 7.875001144998834, 0.5790410217149182, 0.27236372030613004, 0.007679494044461216]","[75.17393365140086, -10.105903630243592, 0, 0, 0, 0]","[-0.06981, 0.0]",31.53455812455641
12,5,"[33.661495244364694, -4.37602464200873, 4.173820642267526, 0.7245447368035416, 0.4113938470023447, -0.007568598005643417]","[75.17393365140086, -10.105903630243592, 0, 0, 0, 0]","[-0.01745, 0.0]",31.53455812455641
12,6,"[37.55654797103344, -5.11203906503131, 5.18347380031148, 0.5312973771936783, -0.382312718319698, -0.014890552550567551]","[75.17393365140086, -10.105903630243592, 0, 0, 0, 0]","[-0.08727, 0.0]",31.53455812455641
12,7,"[43.8129495510591, -7.275309300848202, 7.369154531622659, 0.7495310145810464, -0.010145487580587297, 0.016386722856140814]","[75.17393365140086, -10.105903630243592, 0, 0, 0, 0]","[-0.06981, 0.0]",31.53455812455641
12,8,"[50.64690703656584, -7.059260056495455, 5.946308850373955, 0.678269441769659, 0.24031100581777423, 0.003297472141809735]","[75.17393365140086, -10.105903630243592, 0, 0, 0, 0]","[-0.03491, 0.0]",31.53455812455641
12,9,"[56.0006136148808, -7.090770007662399, 5.300395629805399, 0.6004728032854959, -0.06126105952213769, -0.010409816498499315]","[75.17393365140086, -10.105903630243592, 0, 0, 0, 0]","[-0.03491, 0.0]",31.53455812455641
12,10,"[61.89670422197273, -8.779485179943558, 7.138353614697874, 0.5102995199936845, -0.25783385479041543, -0.0016047069121024847]","[75.17393365140086, -10.105903630243592, 0, 0, 0, 0]","[-0.06981, 0.0]",31.53455812455641
12,11,"[69.3842514668768, -9.984272683851106, 7.4535509087766405, 0.6709330807454248, 0.11808170871981419, 0.011240962674983113]","[75.17393365140086, -10.105903630243592, 0, 0, 0, 0]","[-0.0, 0.0]",31.53455812455641
12,12,"[75.16842279229523, -10.536444228675766, 7.4504961182264715, 0.349768741044799, -0.2057636865512568, -0.012328671201728125]","[75.17393365140086, -10.105903630243592, 0, 0, 0, 0]",[],31.53455812455641
13,0,"[0.0, 0.0, 4.257165346815115, 0.0, 0, 0]","[77.96030810811305, -23.275286441596787, 0, 0, 0, 0]","[-0.0, 0.0]",31.53455812455641
13,1,"[4.833593742993324, -1.9561447297269416, 7.023492212473488, 0.33250685111525674, -0.53210536563414, -0.011984719408558431]","[77.96030810811305, -23.275286441596787, 0, 0, 0, 0]","[-0.0, 0.0]",31.53455812455641
13,2,"[11.979867312536674, -8.052150652242632, 11.837087637947002, 0.17058715791727982, -0.77292302029129, -0.004711596121476739]","[77.96030810811305, -23.275286441596787, 0, 0, 0, 0]","[-0.03491, 0.0]",31.53455812455641
13,3,"[23.23865560849336, -14.91922810114073, 13.975820497456985, 0.49576301739731354, -0.25219182012402674, 0.017129836699208065]","[77.96030810811305, -23.275286441596787, 0, 0, 0, 0]","[-0.0, 0.0]",31.53455812455641
13,4,"[36.363271979631776, -19.66595863066488, 14.213479525399412, 0.18227434271405815, -0.4112634881820345, -0.004748752701015654]","[77.96030810811305, -23.275286441596787, 0, 0, 0, 0]","[-0.01745, 0.0]",31.53455812455641
13,5,"[49.861992761172445, -24.298984237470442, 14.096380199292499, 0.34716749148287795, -0.20520984998792938, 0.006072615060381497]","[77.96030810811305, -23.275286441596787, 0, 0, 0, 0]","[-0.0, 0.0]",31.53455812455641
13,6,"[63.100104823689584, -28.416349915512995, 13.95208933977342, 0.1881180512180948, -0.3689161019338733, -0.005004037345871667]","[77.96030810811305, -23.275286441596787, 0, 0, 0, 0]","[-0.06981, 0.0]",31.53455812455641
13,7,"[74.95018064355878, -27.055213283044875, 9.680926577903238, 0.6426300794619588, 0.6958008874697885, 0.024085492750308482]","[77.96030810811305, -23.275286441596787, 0, 0, 0, 0]","[-0.06981, 0.0]",31.53455812455641
13,8,"[77.95938946849688, -24.12266973708127, 5.129284174781962, 0.5150706213583541, 0.9798038244840206, 0.006799994082577818]","[77.96030810811305, -23.275286441596787, 0, 0, 0, 0]",[],31.53455812455641
14,0,"[0.0, 0.0, 4.257165346815115, 0.0, 0, 0]","[65.56259184933506, -16.18398431245977, 0, 0, 0, 0]","[-0.0, 0.0]",31.53455812455641
14,1,"[4.833593742993324, -1.9561447297269416, 7.023492212473488, 0.33250685111525674, -0.53210536563414, -0.011984719408558431]","[65.56259184933506, -16.18398431245977, 0, 0, 0, 0]","[-0.03491, 0.0]",31.53455812455641
14,2,"[12.612464945325433, -6.414631886558411, 10.502988644505477, 0.46632836656949544, -0.36690981983098037, 0.009154565078148229]","[65.56259184933506, -16.18398431245977, 0, 0, 0, 0]","[-0.0, 0.0]",31.53455812455641
14,3,"[22.855260008498995, -11.936648989063372, 12.94286567904406, 0.18356545065661392, -0.5643054319059478, -0.005006183219837302]","[65.56259184933506, -16.18398431245977, 0, 0, 0, 0]","[-0.03491, 0.0]",31.53455812455641
14,4,"[35.394365034748674, -16.415511505450052, 13.191657633677146, 0.4953711814654019, -0.05494003355805421, 0.015157938155790066]","[65.56259184933506, -16.18398431245977, 0, 0, 0, 0]","[-0.01745, 0.0]",31.53455812455641
14,5,"[47.51258399814654, -16.77451319585526, 11.064948313662004, 0.3650322290553735, 0.04004600360521817, 0.001280386483439109]","[65.56259184933506, -16.18398431245977, 0, 0, 0, 0]","[-0.0, 0.0]",31.53455812455641
14,6,"[57.89964795503138, -17.911808427319876, 10.362053601610967, 0.2558336645318753, -0.21471697309113652, -0.008112234395113138]","[65.56259184933506, -16.18398431245977, 0, 0, 0, 0]","[-0.10472, 0.0]",31.53455812455641
14,7,"[65.56144875729609, -16.475358938406533, 6.885391840045591, 0.7421631778073465, 0.7465995673019394, 0.02296100554589075]","[65.56259184933506, -16.18398431245977, 0, 0, 0, 0]",[],31.53455812455641
15,0,"[0.0, 0.0, 4.257165346815115, 0.0, 0, 0]","[71.45203776514491, -20.823586238434334, 0, 0, 0, 0]","[-0.06981, 0.0]",31.53455812455641
15,1,"[4.683373927080971, -1.0494601169330304, 5.562963654525686, 0.696095021112443, -0.13999232467588907, -0.0003342984692560231]","[71.45203776514491, -20.823586238434334, 0, 0, 0, 0]","[-0.01745, 0.0]",31.53455812455641
15,2,"[10.977770992236577, -3.5374257902702406, 8.219276596705045, 0.3874674658290734, -0.4084619402873212, -0.003792714833887113]","[71.45203776514491, -20.823586238434334, 0, 0, 0, 0]","[-0.0, 0.0]",31.53455812455641
15,3,"[19.33720808649239, -8.92614686423887, 11.839300733698659, 0.1883362001224771, -0.6479010538452473, -0.005371156684860141]","[71.45203776514491, -20.823586238434334, 0, 0, 0, 0]","[-0.01745, 0.0]",31.53455812455641
15,4,"[30.436765551299676, -16.25106783568046, 14.384318802241205, 0.33147142639977456, -0.4616185018842508, 0.007024590383653136]","[71.45203776514491, -20.823586238434334, 0, 0, 0, 0]","[-0.0, 0.0]",31.53455812455641
15,5,"[43.35281223941706, -23.974127325223613, 15.819749876067936, 0.153060684300563, -0.5864294362274786, -0.0034256693098619452]","[71.45203776514491, -20.823586238434334, 0, 0, 0, 0]","[-0.03491, 0.0]",31.53455812455641
15,6,"[58.0471944214343, -28.31179168753964, 14.486994220882163, 0.5080583657586264, 0.06635459643896761, 0.01805760621008037]","[71.45203776514491, -20.823586238434334, 0, 0, 0, 0]","[-0.05236, 0.0]",31.53455812455641
15,7,"[68.70588702739276, -24.128826342236355, 8.254068997498592, 0.5111074816791, 0.7524372893249136, 0.012102798595068156]","[71.45203776514491, -20.823586238434334, 0, 0, 0, 0]","[-0.05236, 0.0]",31.53455812455641
15,8,"[71.45142927427719, -21.67791044996995, 3.7329245786501923, 0.5624554665616531, 0.8257135401652985, -0.006486389186223013]","[71.45203776514491, -20.823586238434334, 0, 0, 0, 0]",[],31.53455812455641
16,0,"[0.0, 0.0, 4.257165346815115, 0.0, 0, 0]","[46.98926998262945, -17.954178940620178, 0, 0, 0, 0]","[-0.01745, 0.0]",31.53455812455641
16,1,"[4.825840764969672, -1.7019249877721245, 6.654846780400203, 0.4363682118768771, -0.4247275532176861, -0.00819497199749176]","[46.98926998262945, -17.954178940620178, 0, 0, 0, 0]","[-0.0, 0.0]",31.53455812455641
16,2,"[11.908711666369443, -6.842457062660174, 11.025363585022877, 0.19233536189469222, -0.7062187299455552, -0.005665471857893327]","[46.98926998262945, -17.954178940620178, 0, 0, 0, 0]","[-0.01745, 0.0]",31.53455812455641
16,3,"[22.144856203936477, -14.617882138234124, 14.286036735431097, 0.3252438940348715, -0.5314199353515813, 0.007116623423220672]","[46.98926998262945, -17.954178940620178, 0, 0, 0, 0]","[-0.01745, 0.0]",31.53455812455641
16,4,"[35.51507100126117, -20.85084741000618, 14.91322399944463, 0.3429644324990059, -0.29635517023227703, 0.0073370111603517155]","[46.98926998262945, -17.954178940620178, 0, 0, 0, 0]","[-0.06981, 0.0]",31.53455812455641
16,5,"[46.984100873702, -18.67746951728323, 10.024762046789919, 0.6395019999103979, 0.7695513937989862, 0.025958580645116077]","[46.98926998262945, -17.954178940620178, 0, 0, 0, 0]",[],31.53455812455641
17,0,"[0.0, 0.0, 4.257165346815115, 0.0, 0, 0]","[70.70856078621186, -21.554589048415316, 0, 0, 0, 0]","[-0.01745, 0.0]",31.53455812455641
17,1,"[4.825840764969672, -1.7019249877721245, 6.654846780400203, 0.4363682118768771, -0.4247275532176861, -0.00819497199749176]","[70.70856078621186, -21.554589048415316, 0, 0, 0, 0]","[-0.03491, 0.0]",31.53455812455641
17,2,"[12.319618755807564, -5.385809329137704, 9.735793908603066, 0.47035886926476095, -0.3306307208759724, 0.006981340202779672]","[70.70856078621186, -21.554589048415316, 0, 0, 0, 0]","[-0.0, 0.0]",31.53455812455641
17,3,"[22.004691047465947, -10.356786858604949, 12.25035183489525, 0.1941723920104667, -0.5507874938136651, -0.005514869615065568]","[70.70856078621186, -21.554589048415316, 0, 0, 0, 0]","[-0.01745, 0.0]",31.53455812455641
17,4,"[33.72876960615165, -16.624031114809142, 14.015597040050377, 0.33797794031485423, -0.375233793678541, 0.006283706921152206]","[70.70856078621186, -21.554589048415316, 0, 0, 0, 0]","[-0.0, 0.0]",31.53455812455641
17,5,"[46.66638448596877, -23.062240032517654, 15.06178224847539, 0.1655330023559206, -0.5169024512315564, -0.004001289582094955]","[70.70856078621186, -21.554589048415316, 0, 0, 0, 0]","[-0.05236, 0.0]",31.53455812455641
17,6,"[60.39857740058486, -24.370676645254377, 12.272358169826196, 0.6089504664200869, 0.40147404326882474, 0.02338542592621785]","[70.70856078621186, -21.554589048415316, 0, 0, 0, 0]","[-0.0, 0.0]",31.53455812455641
17,7,"[69.92212199987188, -21.78398482013814, 8.186406731486331, 0.3192056934814622, 0.13886215113200587, -0.010801555715773861]","[70.70856078621186, -21.554589048415316, 0, 0, 0, 0]",[],31.53455812455641
18,0,"[0.0, 0.0, 4.257165346815115, 0.0, 0, 0]","[56.00783058733658, -19.419221248254242, 0, 0, 0, 0]","[-0.0, 0.0]",31.53455812455641
18,1,"[4.833593742993324, -1.9561447297269416, 7.023492212473488, 0.33250685111525674, -0.53210536563414, -0.011984719408558431]","[56.00783058733658, -19.419221248254242, 0, 0, 0, 0]","[-0.03491, 0.0]",31.53455812455641
18,2,"[12.612464945325433, -6.414631886558411, 10.502988644505477, 0.46632836656949544, -0.36690981983098037, 0.009154565078148229]","[56.00783058733658, -19.419221248254242, 0, 0, 0, 0]","[-0.0, 0.0]",31.53455812455641
18,3,"[22.855260008498995, -11.936648989063372, 12.94286567904406, 0.18356545065661392, -0.5643054319059478, -0.005006183219837302]","[56.00783058733658, -19.419221248254242, 0, 0, 0, 0]","[-0.0, 0.0]",31.53455812455641
18,4,"[34.24796000072468, -20.517997445740242, 15.591712152047128, 0.14457973132579052, -0.6904670282773935, -0.0031478989907773895]","[56.00783058733658, -19.419221248254242, 0, 0, 0, 0]","[-0.05236, 0.0]",31.53455812455641
18,5,"[48.51417906721654, -23.70518773820457, 13.520380714012932, 0.6377360581718989, 0.3225032532836451, 0.02699341689647424]","[56.00783058733658, -19.419221248254242, 0, 0, 0, 0]","[-0.03491, 0.0]",31.53455812455641
18,6,"[56.00276329102969, -20.322889030102715, 8.936671440510425, 0.44525666837634775, 0.5887736678041644, 0.006307679398757814]","[56.00783058733658, -19.419221248254242, 0, 0, 0, 0]",[],31.53455812455641
19,0,"[0.0, 0.0, 4.257165346815115, 0.0, 0, 0]","[55.856995577999804, -20.133603768109033, 0, 0, 0, 0]","[-0.0, 0.0]",31.53455812455641
19,1,"[4.833593742993324, -1.9561447297269416, 7.023492212473488, 0.33250685111525674, -0.53210536563414, -0.011984719408558431]","[55.856995577999804, -20.133603768109033, 0, 0, 0, 0]","[-0.0, 0.0]",31.53455812455641
19,2,"[11.979867312536674, -8.052150652242632, 11.837087637947002, 0.17058715791727982, -0.77292302029129, -0.004711596121476739]","[55.856995577999804, -20.133603768109033, 0, 0, 0, 0]","[-0.03491, 0.0]",31.53455812455641
19,3,"[23.23865560849336, -14.91922810114073, 13.975820497456985, 0.49576301739731354, -0.25219182012402674, 0.017129836699208065]","[55.856995577999804, -20.133603768109033, 0, 0, 0, 0]","[-0.0, 0.0]",31.53455812455641
19,4,"[36.363271979631776, -19.66595863066488, 14.213479525399412, 0.18227434271405815, -0.4112634881820345, -0.004748752701015654]","[55.856995577999804, -20.133603768109033, 0, 0, 0, 0]","[-0.03491, 0.0]",31.53455812455641
19,5,"[49.804968822529354, -22.090560214624034, 12.70637505126438, 0.49158234069391554, 0.11466201906850308, 0.014092011053362002]","[55.856995577999804, -20.133603768109033, 0, 0, 0, 0]","[-0.03491, 0.0]",31.53455812455641
19,6,"[55.85504131695574, -21.019952175597144, 10.575088461450292, 0.47411464746515886, 0.31090679687774847, 0.009308256450482413]","[55.856995577999804, -20.133603768109033, 0, 0, 0, 0]",[],31.53455812455641
20,0,"[0.0, 0.0, 4.257165346815115, 0.0, 0, 0]","[73.22663714282416, -9.77929325499117, 0, 0, 0, 0]","[-0.10472, 0.0]",31.53455812455641
20,1,"[4.625849022153681, -0.858149443458235, 5.158671772439051, 0.8226298625621137, -0.005075069586524858, 0.004830323128053366]","[73.22663714282416, -9.77929325499117, 0, 0, 0, 0]","[-0.0, 0.0]",31.53455812455641
20,2,"[10.359846320582685, -3.0309880700149883, 7.738353882502919, 0.3075716602359585, -0.4966419668480229, -0.010752341216882821]","[73.22663714282416, -9.77929325499117, 0, 0, 0, 0]","[-0.05236, 0.0]",31.53455812455641
20,3,"[18.805675801734115, -6.3296354145303795, 9.79204594499153, 0.5884038086147064, -0.10473708614950161, 0.014453358326183803]","[73.22663714282416, -9.77929325499117, 0, 0, 0, 0]","[-0.05236, 0.0]",31.53455812455641
20,4,"[27.846145237118435, -6.052139516881955, 7.875001144998834, 0.5790410217149182, 0.27236372030613004, 0.007679494044461216]","[73.22663714282416, -9.77929325499117, 0, 0, 0, 0]","[-0.06981, 0.0]",31.53455812455641
20,5,"[33.661495244364694, -4.37602464200873, 4.173820642267526, 0.7245447368035416, 0.4113938470023447, -0.007568598005643417]","[73.22663714282416, -9.77929325499117, 0, 0, 0, 0]","[-0.01745, 0.0]",31.53455812455641
20,6,"[37.55654797103344, -5.11203906503131, 5.18347380031148, 0.5312973771936783, -0.382312718319698, -0.014890552550567551]","[73.22663714282416, -9.77929325499117, 0, 0, 0, 0]","[-0.10472, 0.0]",31.53455812455641
20,7,"[43.721669014214115, -6.892582804545595, 6.831524324223955, 0.8184040113722417, 0.10959346358715567, 0.01854230373514422]","[73.22663714282416, -9.77929325499117, 0, 0, 0, 0]","[-0.01745, 0.0]",31.53455812455641
20,8,"[50.35961095617431, -7.569521045299168, 6.958458821509195, 0.4487605287675324, -0.16877801013628704, -0.00796319354996372]","[73.22663714282416, -9.77929325499117, 0, 0, 0, 0]","[-0.08727, 0.0]",31.53455812455641
20,9,"[57.25351211332987, -7.914139392763577, 6.228457543995262, 0.7379270217823536, 0.26669200693916983, 0.009935683000750352]","[73.22663714282416, -9.77929325499117, 0, 0, 0, 0]","[-0.0, 0.0]",31.53455812455641
20,10,"[62.97844759922489, -8.304172380601495, 6.193741889962618, 0.4151023764799152, -0.25178628314738444, -0.015390665743560497]","[73.22663714282416, -9.77929325499117, 0, 0, 0, 0]","[-0.05236, 0.0]",31.53455812455641
20,11,"[69.89291844313169, -10.338549529115314, 7.908462465411508, 0.5856283007864872, -0.12240823784105223, 0.007194265223381236]","[73.22663714282416, -9.77929325499117, 0, 0, 0, 0]","[-0.06981, 0.0]",31.53455812455641
20,12,"[73.22550252429932, -10.727470313570969, 7.826246650934397, 0.6726870185027793, 0.057139189333448415, 0.013025053082966984]","[73.22663714282416, -9.77929325499117, 0, 0, 0, 0]",[],31.53455812455641
21,0,"[0.0, 0.0, 4.257165346815115, 0.0, 0, 0]","[69.81911015202114, -20.571076532064012, 0, 0, 0, 0]","[-0.05236, 0.0]",31.53455812455641
21,1,"[4.745068697222255, -1.2437566999243914, 5.915146749566081, 0.6180499312841097, -0.22818002319939584, -0.00242293497127862]","[69.81911015202114, -20.571076532064012, 0, 0, 0, 0]","[-0.01745, 0.0]",31.53455812455641
21,2,"[11.436842611976369, -4.251061302141692, 8.892720881707389, 0.37003419958041933, -0.4352106521865571, -0.00213374600720386]","[69.81911015202114, -20.571076532064012, 0, 0, 0, 0]","[-0.0, 0.0]",31.53455812455641
21,3,"[20.276217598135336, -10.068934048874807, 12.403763245269623, 0.18015992816652993, -0.6522653040916446, -0.004971177852144531]","[69.81911015202114, -20.571076532064012, 0, 0, 0, 0]","[-0.01745, 0.0]",31.53455812455641
21,4,"[31.797251459416284, -17.557351249955094, 14.700964614277549, 0.3329175604017121, -0.44704664987384135, 0.0074062353113477815]","[69.81911015202114, -20.571076532064012, 0, 0, 0, 0]","[-0.01745, 0.0]",31.53455812455641
21,5,"[45.64436501925081, -22.67279562509762, 14.571393673234603, 0.3464726298973015, -0.21789201684560897, 0.006747579240556734]","[69.81911015202114, -20.571076532064012, 0, 0, 0, 0]","[-0.01745, 0.0]",31.53455812455641
21,6,"[59.29278779804073, -24.735342831908213, 12.929947682139247, 0.3537157552825529, -0.04110472155201092, 0.0042548623594322686]","[69.81911015202114, -20.571076532064012, 0, 0, 0, 0]","[-0.06981, 0.0]",31.53455812455641
21,7,"[69.03512433687727, -21.402788745555103, 7.3478959760733495, 0.5801365752090815, 0.7978939564801295, 0.014963577691658552]","[69.81911015202114, -20.571076532064012, 0, 0, 0, 0]",[],31.53455812455641
22,0,"[0.0, 0.0, 4.257165346815115, 0.0, 0, 0]","[71.36593348480912, -15.49513479974099, 0, 0, 0, 0]","[-0.0, 0.0]",31.53455812455641
22,1,"[4.833593742993324, -1.9561447297269416, 7.023492212473488, 0.33250685111525674, -0.53210536563414, -0.011984719408558431]","[71.36593348480912, -15.49513479974099, 0, 0, 0, 0]","[-0.0, 0.0]",31.53455812455641
22,2,"[11.979867312536674, -8.052150652242632, 11.837087637947002, 0.17058715791727982, -0.77292302029129, -0.004711596121476739]","[71.36593348480912, -15.49513479974099, 0, 0, 0, 0]","[-0.05236, 0.0]",31.53455812455641
22,3,"[23.516831338391942, -13.116469224260298, 12.792136240352235, 0.6310154160921718, 0.03253496613053659, 0.024378615262016193]","[71.36593348480912, -15.49513479974099, 0, 0, 0, 0]","[-0.0, 0.0]",31.53455812455641
22,4,"[35.33312904258307, -14.184281706610081, 11.43361775612701, 0.23513198344456124, -0.1825154960917713, -0.007143739599504763]","[71.36593348480912, -15.49513479974099, 0, 0, 0, 0]","[-0.01745, 0.0]",31.53455812455641
22,5,"[46.448308394040865, -16.26662705272325, 11.133092553753322, 0.3627172051371435, -0.12733747113188512, 0.0014163718111895002]","[71.36593348480912, -15.49513479974099, 0, 0, 0, 0]","[-0.0, 0.0]",31.53455812455641
22,6,"[57.260431437348394, -19.203253514511193, 11.661898497968854, 0.22147224116525505, -0.35432225978972076, -0.006617296243373753]","[71.36593348480912, -15.49513479974099, 0, 0, 0, 0]","[-0.06981, 0.0]",31.53455812455641
22,7,"[67.87633408351442, -18.975408395785156, 9.009581798930288, 0.6550695681415519, 0.505937145568461, 0.02012473894652771]","[71.36593348480912, -15.49513479974099, 0, 0, 0, 0]","[-0.10472, 0.0]",31.53455812455641
22,8,"[71.36567432490628, -16.340905972485203, 4.34204176987228, 0.6346904977618015, 0.9681420332557505, 0.009010396395850348]","[71.36593348480912, -15.49513479974099, 0, 0, 0, 0]",[],31.53455812455641
23,0,"[0.0, 0.0, 4.257165346815115, 0.0, 0, 0]","[79.59729625605112, -19.135516197340234, 0, 0, 0, 0]","[-0.05236, 0.0]",31.53455812455641
23,1,"[4.745068697222255, -1.2437566999243914, 5.915146749566081, 0.6180499312841097, -0.22818002319939584, -0.00242293497127862]","[79.59729625605112, -19.135516197340234, 0, 0, 0, 0]","[-0.0, 0.0]",31.53455812455641
23,2,"[11.340265584650075, -4.808308579295759, 9.458643202613153, 0.23948448844563003, -0.5979603954845759, -0.007738665851972252]","[79.59729625605112, -19.135516197340234, 0, 0, 0, 0]","[-0.01745, 0.0]",31.53455812455641
23,3,"[20.719584286539398, -11.123640176787681, 12.845605994328691, 0.328166690337091, -0.5072912746286896, 0.005024602799358352]","[79.59729625605112, -19.135516197340234, 0, 0, 0, 0]","[-0.06981, 0.0]",31.53455812455641
23,4,"[32.46308389952249, -11.618167615329691, 10.253898229688675, 0.6784243428540395, 0.5256918543809926, 0.025470954081940635]","[79.59729625605112, -19.135516197340234, 0, 0, 0, 0]","[-0.10472, 0.0]",31.53455812455641
23,5,"[35.69221529818726, -8.901790607266348, 6.18097158356954, 0.6413887769470824, 1.0465558841160916, 0.022064188693726568]","[79.59729625605112, -19.135516197340234, 0, 0, 0, 0]","[-0.03491, 0.0]",31.53455812455641
23,6,"[37.74213866428713, -7.605254635493931, 3.1139103497692293, 0.842731703387184, -0.6698453608195175, -0.1267393256205698]","[79.59729625605112, -19.135516197340234, 0, 0, 0, 0]","[-0.0, 0.0]",31.53455812455641
23,7,"[38.818049247070626, -9.42599939609645, 6.621020861781369, 0.21334215054514344, -1.047010241577663, -0.007565280746037347]","[79.59729625605112, -19.135516197340234, 0, 0, 0, 0]","[-0.10472, 0.0]",31.53455812455641
23,8,"[46.15782444969664, -14.144453513702095, 10.019570839470594, 0.9141927724989619, 0.08447439324179132, 0.038907975253866404]","[79.59729625605112, -19.135516197340234, 0, 0, 0, 0]","[-0.05236, 0.0]",31.53455812455641
23,9,"[54.472387652352054, -12.497104973367742, 6.638196162284387, 0.577677724982171, 0.40191845714607977, 0.0030964449931871973]","[79.59729625605112, -19.135516197340234, 0, 0, 0, 0]","[-0.03491, 0.0]",31.53455812455641
23,10,"[59.510331662774355, -11.577171312116628, 4.296553773717167, 0.6769578224723055, 0.08629629332681685, -0.016520596464230392]","[79.59729625605112, -19.135516197340234, 0, 0, 0, 0]","[-0.0, 0.0]",31.53455812455641
23,11,"[64.38313926935672, -13.457571499114206, 6.956406947028901, 0.3383693825476408, -0.5167001505256466, -0.012233478990700257]","[79.59729625605112, -19.135516197340234, 0, 0, 0, 0]","[-0.01745, 0.0]",31.53455812455641
23,12,"[71.88968102091178, -18.603443174078, 11.077057131141034, 0.3294573955033887, -0.5576834212223425, 0.002507572753879663]","[79.59729625605112, -19.135516197340234, 0, 0, 0, 0]","[-0.10472, 0.0]",31.53455812455641
23,13,"[79.59546981614379, -19.49574955165586, 9.861635146175638, 0.8887151976976854, 0.48592626780820475, 0.03907225379624205]","[79.59729625605112, -19.135516197340234, 0, 0, 0, 0]",[],31.53455812455641
24,0,"[0.0, 0.0, 4.257165346815115, 0.0, 0, 0]","[73.95357705999683, -24.880718067313627, 0, 0, 0, 0]","[-0.06981, 0.0]",31.53455812455641
24,1,"[4.683373927080971, -1.0494601169330304, 5.562963654525686, 0.696095021112443, -0.13999232467588907, -0.0003342984692560231]","[73.95357705999683, -24.880718067313627, 0, 0, 0, 0]","[-0.01745, 0.0]",31.53455812455641
24,2,"[10.977770992236577, -3.5374257902702406, 8.219276596705045, 0.3874674658290734, -0.4084619402873212, -0.003792714833887113]","[73.95357705999683, -24.880718067313627, 0, 0, 0, 0]","[-0.0, 0.0]",31.53455812455641
24,3,"[19.33720808649239, -8.92614686423887, 11.839300733698659, 0.1883362001224771, -0.6479010538452473, -0.005371156684860141]","[73.95357705999683, -24.880718067313627, 0, 0, 0, 0]","[-0.0, 0.0]",31.53455812455641
24,4,"[29.495604803992343, -18.04284175973979, 15.3951730329985, 0.13672015257443673, -0.7733160089869402, -0.002887234779511417]","[73.95357705999683, -24.880718067313627, 0, 0, 0, 0]","[-0.01745, 0.0]",31.53455812455641
24,5,"[42.66413705492122, -27.699248552597414, 16.88586378824848, 0.3378759552680064, -0.45416917033015114, 0.010207777592795094]","[73.95357705999683, -24.880718067313627, 0, 0, 0, 0]","[-0.03491, 0.0]",31.53455812455641
24,6,"[58.07043481999524, -29.979231033704174, 14.038818240559737, 0.5005808692704243, 0.21135713148917679, 0.017218653550444784]","[73.95357705999683, -24.880718067313627, 0, 0, 0, 0]","[-0.01745, 0.0]",31.53455812455641
24,7,"[69.40329465841396, -27.240844224793815, 9.466689560934771, 0.37330991839255895, 0.2916384365095244, -0.0011521733057594792]","[73.95357705999683, -24.880718067313627, 0, 0, 0, 0]","[-0.05236, 0.0]",31.53455812455641
24,8,"[73.95119848264375, -25.73175580619254, 6.877380865020845, 0.5647074956383269, 0.4661761017030869, 0.004596463892119167]","[73.95357705999683, -24.880718067313627, 0, 0, 0, 0]",[],31.53455812455641
25,0,"[0.0, 0.0, 4.257165346815115, 0.0, 0, 0]","[57.66520237956858, -13.595052040526225, 0, 0, 0, 0]","[-0.06981, 0.0]",31.53455812455641
25,1,"[4.683373927080971, -1.0494601169330304, 5.562963654525686, 0.696095021112443, -0.13999232467588907, -0.0003342984692560231]","[57.66520237956858, -13.595052040526225, 0, 0, 0, 0]","[-0.0, 0.0]",31.53455812455641
25,2,"[10.932787157180691, -4.012069593507873, 8.7474373030885, 0.26445009172775175, -0.5571567754962882, -0.008841913724938713]","[57.66520237956858, -13.595052040526225, 0, 0, 0, 0]","[-0.03491, 0.0]",31.53455812455641
25,3,"[20.12360546732516, -8.676505413574976, 11.374701246819988, 0.47567114983203973, -0.2751032230717335, 0.011115589035989477]","[57.66520237956858, -13.595052040526225, 0, 0, 0, 0]","[-0.0, 0.0]",31.53455812455641
25,4,"[31.172729927332266, -13.326491842471057, 12.850827865519008, 0.19374988614026947, -0.4725262271424288, -0.005395444820647565]","[57.66520237956858, -13.595052040526225, 0, 0, 0, 0]","[-0.06981, 0.0]",31.53455812455641
25,5,"[42.823894084934324, -13.501531949273927, 10.041433782100722, 0.6713314691586426, 0.544874900163415, 0.02469216429871501]","[57.66520237956858, -13.595052040526225, 0, 0, 0, 0]","[-0.05236, 0.0]",31.53455812455641
25,6,"[48.35942486742157, -9.717677915434384, 3.4535575430752274, 0.6380758335929335, 0.7055451585317061, -0.01090011944620885]","[57.66520237956858, -13.595052040526225, 0, 0, 0, 0]","[-0.0, 0.0]",31.53455812455641
25,7,"[51.333174977835775, -11.051718709889798, 5.8476438752551525, 0.3505337460589601, -0.7352395822124695, -0.013453651997849389]","[57.66520237956858, -13.595052040526225, 0, 0, 0, 0]","[-0.10472, 0.0]",31.53455812455641
25,8,"[57.661455417069035, -14.237371017501065, 8.635997488300957, 0.8621686162428639, 0.03170424313403496, 0.030465435500929037]","[57.66520237956858, -13.595052040526225, 0, 0, 0, 0]",[],31.53455812455641
26,0,"[0.0, 0.0, 4.257165346815115, 0.0, 0, 0]","[44.71975577398854, -14.228637375958987, 0, 0, 0, 0]","[-0.01745, 0.0]",31.53455812455641
26,1,"[4.825840764969672, -1.7019249877721245, 6.654846780400203, 0.4363682118768771, -0.4247275532176861, -0.00819497199749176]","[44.71975577398854, -14.228637375958987, 0, 0, 0, 0]","[-0.01745, 0.0]",31.53455812455641
26,2,"[12.176068856444656, -6.106568912679143, 10.400631152727946, 0.3401964494325467, -0.513254473698337, 0.0011537398070067056]","[44.71975577398854, -14.228637375958987, 0, 0, 0, 0]","[-0.01745, 0.0]",31.53455812455641
26,3,"[22.50448417793986, -11.72320974695366, 12.83415021034579, 0.3369579648551039, -0.41102429399836954, 0.004690058064980114]","[44.71975577398854, -14.228637375958987, 0, 0, 0, 0]","[-0.01745, 0.0]",31.53455812455641
26,4,"[34.915220553285025, -16.34713358282238, 13.41424963378788, 0.34618826931301727, -0.2495418143314997, 0.005166297741378007]","[44.71975577398854, -14.228637375958987, 0, 0, 0, 0]","[-0.06981, 0.0]",31.53455812455641
26,5,"[44.71610122366885, -15.131800507342728, 9.962238466143665, 0.6624028600072377, 0.602518027033481, 0.024674545177451074]","[44.71975577398854, -14.228637375958987, 0, 0, 0, 0]",[],31.53455812455641
27,0,"[0.0, 0.0, 4.257165346815115, 0.0, 0, 0]","[66.71399306867215, -19.25671016414199, 0, 0, 0, 0]","[-0.0, 0.0]",31.53455812455641
27,1,"[4.833593742993324, -1.9561447297269416, 7.023492212473488, 0.33250685111525674, -0.53210536563414, -0.011984719408558431]","[66.71399306867215, -19.25671016414199, 0, 0, 0, 0]","[-0.01745, 0.0]",31.53455812455641
27,2,"[12.372279371580719, -7.233444356472249, 11.197549274327457, 0.32787400882419043, -0.564533901982353, 0.002735608037242335]","[66.71399306867215, -19.25671016414199, 0, 0, 0, 0]","[-0.01745, 0.0]",31.53455812455641
27,3,"[23.22822619002, -13.511724361467497, 13.559370944272544, 0.3349177053291896, -0.4204654156306958, 0.005765728648799595]","[66.71399306867215, -19.25671016414199, 0, 0, 0, 0]","[-0.01745, 0.0]",31.53455812455641
27,4,"[36.20678576262511, -18.262881140713937, 13.836659346613116, 0.34627485883809783, -0.23296957107535798, 0.0057458034559548]","[66.71399306867215, -19.25671016414199, 0, 0, 0, 0]","[-0.0, 0.0]",31.53455812455641
27,5,"[49.23210001919003, -22.728474858874435, 13.997835837254701, 0.18570671133760194, -0.39676468785369706, -0.004909024525772911]","[66.71399306867215, -19.25671016414199, 0, 0, 0, 0]","[-0.06981, 0.0]",31.53455812455641
27,6,"[61.21571620872383, -21.593811846526744, 9.864789864764628, 0.6488314841398382, 0.6836196562983707, 0.024757050873482116]","[66.71399306867215, -19.25671016414199, 0, 0, 0, 0]","[-0.0, 0.0]",31.53455812455641
27,7,"[66.7137132414724, -18.437220625009196, 4.802873222900432, 0.48420654353183906, 0.36364526107018996, -0.01777825631265273]","[66.71399306867215, -19.25671016414199, 0, 0, 0, 0]",[],31.53455812455641
28,0,"[0.0, 0.0, 4.257165346815115, 0.0, 0, 0]","[42.194641539849506, -11.734715137270856, 0, 0, 0, 0]","[-0.0, 0.0]",31.53455812455641
28,1,"[4.833593742993324, -1.9561447297269416, 7.023492212473488, 0.33250685111525674, -0.53210536563414, -0.011984719408558431]","[42.194641539849506, -11.734715137270856, 0, 0, 0, 0]","[-0.03491, 0.0]",31.53455812455641
28,2,"[12.612464945325433, -6.414631886558411, 10.502988644505477, 0.46632836656949544, -0.36690981983098037, 0.009154565078148229]","[42.194641539849506, -11.734715137270856, 0, 0, 0, 0]","[-0.01745, 0.0]",31.53455812455641
28,3,"[23.163800039626032, -10.504768589291965, 11.950002754269239, 0.3486612672419303, -0.30021646170712946, 0.003042978393618585]","[42.194641539849506, -11.734715137270856, 0, 0, 0, 0]","[-0.01745, 0.0]",31.53455812455641
28,4,"[34.86181474827024, -13.835742351568372, 12.221626798110197, 0.35279329794456193, -0.19623489537210204, 0.0032834950518127464]","[42.194641539849506, -11.734715137270856, 0, 0, 0, 0]","[-0.10472, 0.0]",31.53455812455641
28,5,"[42.192446246930196, -12.096364490477043, 8.611880031690458, 0.7887835899374324, 0.8195951319831781, 0.03397203668910751]","[42.194641539849506, -11.734715137270856, 0, 0, 0, 0]",[],31.53455812455641
29,0,"[0.0, 0.0, 4.257165346815115, 0.0, 0, 0]","[69.16532175134819, -20.503193662173697, 0, 0, 0, 0]","[-0.03491, 0.0]",31.53455812455641
29,1,"[4.79506777490283, -1.4638811882184906, 6.2839991154031045, 0.5314843830004248, -0.32338538143675755, -0.00500913924473525]","[69.16532175134819, -20.503193662173697, 0, 0, 0, 0]","[-0.0, 0.0]",31.53455812455641
29,2,"[11.682399589586774, -5.75692616650064, 10.226589339878446, 0.2153004177941904, -0.6477487511927095, -0.006674155850325402]","[69.16532175134819, -20.503193662173697, 0, 0, 0, 0]","[-0.01745, 0.0]",31.53455812455641
29,3,"[21.520916039543003, -12.731322942382192, 13.53666545048299, 0.3265722579509114, -0.5154132877862123, 0.006037425140243687]","[69.16532175134819, -20.503193662173697, 0, 0, 0, 0]","[-0.0, 0.0]",31.53455812455641
29,4,"[33.58243411435848, -20.90543538313449, 15.655319450230833, 0.1490628335024221, -0.6420522405600821, -0.003303615608114485]","[69.16532175134819, -20.503193662173697, 0, 0, 0, 0]","[-0.03491, 0.0]",31.53455812455641
29,5,"[48.09835592154864, -26.019004647424264, 14.772965988660268, 0.5112566466628058, 0.018905390664313015, 0.018664377412513783]","[69.16532175134819, -20.503193662173697, 0, 0, 0, 0]","[-0.01745, 0.0]",31.53455812455641
29,6,"[61.06673094656621, -25.092156243716996, 11.287871367882829, 0.3605081616976138, 0.15785735571695048, 0.0017912260692397387]","[69.16532175134819, -20.503193662173697, 0, 0, 0, 0]","[-0.08727, 0.0]",31.53455812455641
29,7,"[68.30659504482554, -21.214707870066537, 4.79214029345459, 0.5893229336282321, 0.9425093001279933, 0.008108781412750597]","[69.16532175134819, -20.503193662173697, 0, 0, 0, 0]",[],31.53455812455641
30,0,"[0.0, 0.0, 4.257165346815115, 0.0, 0, 0]","[68.6650976252901, -10.947339430305828, 0, 0, 0, 0]","[-0.05236, 0.0]",31.53455812455641
30,1,"[4.745068697222255, -1.2437566999243914, 5.915146749566081, 0.6180499312841097, -0.22818002319939584, -0.00242293497127862]","[68.6650976252901, -10.947339430305828, 0, 0, 0, 0]","[-0.05236, 0.0]",31.53455812455641
30,2,"[11.413287187174008, -3.228620800329752, 7.716290207938161, 0.586344117624023, -0.1376232551983353, 0.006390388872632413]","[68.6650976252901, -10.947339430305828, 0, 0, 0, 0]","[-0.03491, 0.0]",31.53455812455641
30,3,"[19.344324435113993, -4.684804757056745, 8.286528193180896, 0.4970879229435268, -0.09170843850960007, 0.0021984412107310227]","[68.6650976252901, -10.947339430305828, 0, 0, 0, 0]","[-0.03491, 0.0]",31.53455812455641
30,4,"[27.571205797847743, -5.64889265703638, 8.165756444399603, 0.5001408896687107, -0.02343416838027371, 0.0018032925518784145]","[68.6650976252901, -10.947339430305828, 0, 0, 0, 0]","[-0.06981, 0.0]",31.53455812455641
30,5,"[34.910197260552664, -5.077418807471746, 6.134026864345381, 0.6660388474660296, 0.32297812626103295, 0.004913871376142603]","[68.6650976252901, -10.947339430305828, 0, 0, 0, 0]","[-0.06981, 0.0]",31.53455812455641
30,6,"[39.68267105336484, -4.334697004056586, 3.9170967547073348, 0.8612409811304098, 0.14857213116745394, -0.02084520201743755]","[68.6650976252901, -10.947339430305828, 0, 0, 0, 0]","[-0.05236, 0.0]",31.53455812455641
30,7,"[44.2419428437062, -5.695089142805377, 5.938612574176757, 0.6134090048068329, -0.2658478950339015, -0.0021958606056655034]","[68.6650976252901, -10.947339430305828, 0, 0, 0, 0]","[-0.06981, 0.0]",31.53455812455641
30,8,"[50.91497749726371, -7.415790556717306, 7.3459000219110555, 0.6718135215856514, -0.013319739468990696, 0.010490558640068263]","[68.6650976252901, -10.947339430305828, 0, 0, 0, 0]","[-0.03491, 0.0]",31.53455812455641
30,9,"[58.19261972547465, -8.168571448625382, 7.318990398262889, 0.5163582517016552, -0.050864338433658014, -0.0011481270913360133]","[68.6650976252901, -10.947339430305828, 0, 0, 0, 0]","[-0.01745, 0.0]",31.53455812455641
30,10,"[65.69102350241766, -9.755135504120396, 8.26487865863733, 0.40262226961165803, -0.23654433505254888, -0.004228469444716417]","[68.6650976252901, -10.947339430305828, 0, 0, 0, 0]","[-0.05236, 0.0]",31.53455812455641
30,11,"[68.65994013692149, -10.511280762625804, 8.637571453941435, 0.5830743950197365, -0.12718606650511313, 0.010158315935235746]","[68.6650976252901, -10.947339430305828, 0, 0, 0, 0]",[],31.53455812455641
31,0,"[0.0, 0.0, 4.257165346815115, 0.0, 0, 0]","[43.15559701913147, -21.81257571464566, 0, 0, 0, 0]","[-0.0, 0.0]",31.53455812455641
31,1,"[4.833593742993324, -1.9561447297269416, 7.023492212473488, 0.33250685111525674, -0.53210536563414, -0.011984719408558431]","[43.15559701913147, -21.81257571464566, 0, 0, 0, 0]","[-0.0, 0.0]",31.53455812455641
31,2,"[11.979867312536674, -8.052150652242632, 11.837087637947002, 0.17058715791727982, -0.77292302029129, -0.004711596121476739]","[43.15559701913147, -21.81257571464566, 0, 0, 0, 0]","[-0.01745, 0.0]",31.53455812455641
31,3,"[22.511835593727465, -16.768358878203404, 15.074550404138355, 0.32423317901361076, -0.5556242464104221, 0.008234261347403083]","[43.15559701913147, -21.81257571464566, 0, 0, 0, 0]","[-0.01745, 0.0]",31.53455812455641
31,4,"[36.4285619461068, -23.39468976142609, 15.450028627868225, 0.34380966000702257, -0.29194885431662515, 0.00804014794337876]","[43.15559701913147, -21.81257571464566, 0, 0, 0, 0]","[-0.10472, 0.0]",31.53455812455641
31,5,"[43.15355481558234, -22.553805892731692, 12.696262719796275, 1.0056378141223152, 0.6889445317748868, 0.05574484382003586]","[43.15559701913147, -21.81257571464566, 0, 0, 0, 0]",[],31.53455812455641
32,0,"[0.0, 0.0, 4.257165346815115, 0.0, 0, 0]","[44.96546815683425, -11.330249942354495, 0, 0, 0, 0]","[-0.0, 0.0]",31.53455812455641
32,1,"[4.833593742993324, -1.9561447297269416, 7.023492212473488, 0.33250685111525674, -0.53210536563414, -0.011984719408558431]","[44.96546815683425, -11.330249942354495, 0, 0, 0, 0]","[-0.01745, 0.0]",31.53455812455641
32,2,"[12.372279371580719, -7.233444356472249, 11.197549274327457, 0.32787400882419043, -0.564533901982353, 0.002735608037242335]","[44.96546815683425, -11.330249942354495, 0, 0, 0, 0]","[-0.01745, 0.0]",31.53455812455641
32,3,"[23.22822619002, -13.511724361467497, 13.559370944272544, 0.3349177053291896, -0.4204654156306958, 0.005765728648799595]","[44.96546815683425, -11.330249942354495, 0, 0, 0, 0]","[-0.03491, 0.0]",31.53455812455641
32,4,"[36.19967721980434, -16.199143540402037, 12.505681281495265, 0.4907745978294462, 0.07572517424742503, 0.013591502832485189]","[44.96546815683425, -11.330249942354495, 0, 0, 0, 0]","[-0.08727, 0.0]",31.53455812455641
32,5,"[44.23696135427251, -11.815761502144689, 5.5936510560996355, 0.559175366328828, 1.0432553449291213, 0.014195019125173599]","[44.96546815683425, -11.330249942354495, 0, 0, 0, 0]",[],31.53455812455641
