,path_id,initial_state,final_state,h_actions,h_path,h_cost,h_distance,h_time,end_message
0,1,"(0, 0, 1, 0, 0, 0, -0.05236, 0, 0)","(2183.59990998254, -664.2863278647993, 1, 0, 0, 0, 0, 0, 0)","[array([-0.01745,  0.     ])
 array([[0.01126172, 0.13302287]], dtype=float32)]",[[ 1.51006311 -4.13769346  0.04184333 -0.13066902 -0.07222236 -0.24103227]],0.0,2282.407696329439,1.2688543796539307,Error
1,2,"(0, 0, 1, 0, 0, 0, -0.05236, 0, 0)","(2044.2081375871876, 16.002588522432383, 1, 0, 0, 0, 0, 0, 0)","[array([-0.06981   ,  0.12684497])
 array([[-0.04235577,  0.15078247]], dtype=float32)
 array([[-0.05706218,  0.14923652]], dtype=float32)
 array([[-0.00385176, -0.00401743]], dtype=float32)]","[[ 1.29860541  0.63072757  0.04184333 -0.13066902 -0.07222236 -0.24103227]
 [ 0.15099606  0.55496485 -0.44250267 -1.22671086 -0.21338175  0.70080981]
 [-0.83955942  0.54044666 -1.38522076 -0.59331736  0.12078742 -1.67180674]]",6471.880235539046,634.7490974322316,1.8382558822631836,End
2,3,"(0, 0, 1, 0, 0, 0, -0.05236, 0, 0)","(2006.4311730426193, -152.1696010416172, 1, 0, 0, 0, 0, 0, 0)","[array([-0.08727,  0.     ])
 array([[-0.07399379,  0.00105283]], dtype=float32)
 array([[-0.05745095,  0.10445233]], dtype=float32)
 array([[-0.05292184,  0.11310591]], dtype=float32)
 array([[-0.00251447,  0.0005095 ]], dtype=float32)]","[[ 1.24129765 -0.54805954  0.04184333 -0.13066902 -0.07222236 -0.24103227]
 [ 0.46715047  0.1998673  -0.58468146 -1.43964988  0.1138067  -0.305271  ]
 [-0.49929285  0.4797313  -1.04971335 -1.06242715 -0.1854101  -0.98568072]
 [-1.51154026  0.61245327 -0.96233674 -2.11771713 -0.28792961  1.13157219]]",2613.351105937245,192.24253869828505,1.7279644012451172,End
3,4,"(0, 0, 1, 0, 0, 0, -0.05236, 0, 0)","(2020.5228830770452, -344.04994443246625, 1, 0, 0, 0, 0, 0, 0)","[array([-0.01745   ,  0.12684497])
 array([[-0.01991818,  0.00315078]], dtype=float32)
 array([[-0.05722175,  0.13212372]], dtype=float32)
 array([[-0.00247183, -0.00037146]], dtype=float32)]","[[ 1.26267481 -1.89302672  0.04184333 -0.13066902 -0.07222236 -0.24103227]
 [-0.14522372  0.14582345 -2.31281953 -0.79557934  0.43074481 -0.31646595]
 [-1.15375889  0.04325353 -0.76900716 -1.58549309 -1.52959296  0.78307805]]",2289.850480068046,432.9658441129752,1.2424900531768799,End
4,5,"(0, 0, 1, 0, 0, 0, -0.05236, 0, 0)","(2291.5815635831136, 118.14510667975344, 1, 0, 0, 0, 0, 0, 0)","[array([-0.03491   ,  0.15855621])
 array([[-0.03723837,  0.17372982]], dtype=float32)
 array([[-0.06613634,  0.14839819]], dtype=float32)
 array([[-0.07141858,  0.02705369]], dtype=float32)
 array([[-3.3874065e-05,  1.6517965e-03]], dtype=float32)]","[[ 1.67387157  1.34668592  0.04184333 -0.13066902 -0.07222236 -0.24103227]
 [ 0.40795181  1.0543485  -0.6396799  -2.07544835 -2.13161779  1.03818351]
 [-0.43016304  1.21457245 -1.38861819 -0.62289098  2.07789022 -1.17740463]
 [-1.2648068   1.8356281  -0.39061471 -1.19863671  0.27551418 -0.5402987 ]]",8206.003298791988,401.14897043236925,2.28547739982605,End
5,6,"(0, 0, 1, 0, 0, 0, -0.05236, 0, 0)","(2268.7553339765595, -198.85775115321374, 1, 0, 0, 0, 0, 0, 0)","[array([-0.10472,  0.     ])
 array([[-0.06978203,  0.00098862]], dtype=float32)
 array([[-0.07120794,  0.00085638]], dtype=float32)
 array([[-0.05884583,  0.13801317]], dtype=float32)
 array([[-0.00407298, -0.00184494]], dtype=float32)]","[[ 1.63924411 -0.87531573  0.04184333 -0.13066902 -0.07222236 -0.24103227]
 [ 0.84238544 -0.11027036 -0.68075393 -1.3964544   0.19583052 -0.3276274 ]
 [ 0.04267181  0.56658106 -0.52642021 -1.42522492  0.28811719 -0.23485854]
 [-0.94209468  0.64672897 -1.38027112 -0.35974876 -0.07369671 -1.55239988]]",2653.109544328212,567.4454197994498,1.255479097366333,End
6,7,"(0, 0, 1, 0, 0, 0, -0.05236, 0, 0)","(2041.6677895775872, -1.325823819294248, 1, 0, 0, 0, 0, 0, 0)","[array([-0.06981,  0.     ])
 array([[-0.04507374,  0.14139172]], dtype=float32)
 array([[-0.0547584 ,  0.12387938]], dtype=float32)
 array([[-0.00323906, -0.00197738]], dtype=float32)]","[[ 1.29475169  0.50926569  0.04184333 -0.13066902 -0.07222236 -0.24103227]
 [ 0.19657597  0.53593229 -0.60030524 -0.85059569  0.09661382 -0.70006203]
 [-0.80623806  0.66401163 -1.16227839 -2.1074691   0.05385082  1.26147929]]",4567.672469147922,657.0344500052984,1.6861674785614014,End
7,8,"(0, 0, 1, 0, 0, 0, -0.05236, 0, 0)","(2048.8044995165214, -376.08766225031184, 1, 0, 0, 0, 0, 0, 0)","[array([-0.08727,  0.     ])
 array([[-0.02011372,  0.00357828]], dtype=float32)
 array([[-0.06299691,  0.08848624]], dtype=float32)
 array([[-0.00255755, -0.00471372]], dtype=float32)]","[[ 1.3055781  -2.11759208  0.04184333 -0.13066902 -0.07222236 -0.24103227]
 [-0.09414366 -0.19635562 -1.9136959  -0.82114545  0.32347613 -0.22733709]
 [-1.00691376  0.01968837 -0.40054193 -1.06739962 -0.36551532 -0.6996737 ]]",771.8346407818685,529.2297978626683,1.6123466491699219,End
8,9,"(0, 0, 1, 0, 0, 0, -0.05236, 0, 0)","(2237.394749128388, -127.03880205995256, 1, 0, 0, 0, 0, 0, 0)","[array([-0.08727,  0.     ])
 array([[-0.07607846,  0.00117814]], dtype=float32)
 array([[-0.05069406,  0.12192483]], dtype=float32)
 array([[-0.06196958,  0.12212089]], dtype=float32)
 array([[-0.00257516,  0.00056551]], dtype=float32)]","[[ 1.59167002 -0.37190757  0.04184333 -0.13066902 -0.07222236 -0.24103227]
 [ 0.82882211  0.36832617 -0.54039433 -1.46290466  0.08727336 -0.2899645 ]
 [-0.20986672  0.51505752 -1.13476277 -0.75628711  0.3486789  -0.5980342 ]
 [-1.16627441  0.58538089 -0.78284636 -0.58432465 -0.44549138 -1.03384053]]",3598.50432216739,419.4809939285981,2.1426889896392822,End
9,10,"(0, 0, 1, 0, 0, 0, -0.05236, 0, 0)","(2137.8812328150416, -653.9287381828805, 1, 0, 0, 0, 0, 0, 0)","[array([-0.01745,  0.     ])
 array([[0.00959294, 0.12653627]], dtype=float32)]",[[ 1.44070775 -4.06509291  0.04184333 -0.13066902 -0.07222236 -0.24103227]],0.0,2235.6562705935403,1.3028814792633057,Error
10,11,"(0, 0, 1, 0, 0, 0, -0.05236, 0, 0)","(2267.2467158714785, -186.2983865678821, 1, 0, 0, 0, 0, 0, 0)","[array([-0.05236,  0.     ])
 array([[-0.07589304,  0.00096938]], dtype=float32)
 array([[-0.0706473 , -0.00011383]], dtype=float32)
 array([[-0.05815986,  0.14158468]], dtype=float32)
 array([[-0.00131703, -0.00272392]], dtype=float32)]","[[ 1.63695554 -0.78728204  0.04184333 -0.13066902 -0.07222236 -0.24103227]
 [ 0.87172985 -0.04593611 -0.53728771 -1.45817043  0.08624298 -0.29280949]
 [ 0.06328438  0.65612505 -0.58393172 -1.42244049  0.26988238 -0.25338332]
 [-0.92967101  0.69562147 -1.39295367 -1.32647245 -0.37943486 -0.92947809]]",2850.117846124932,575.8946161564626,1.4798920154571533,End
11,12,"(0, 0, 1, 0, 0, 0, -0.05236, 0, 0)","(1953.5653508267078, -219.34018049591972, 1, 0, 0, 0, 0, 0, 0)","[array([-0.03491,  0.     ])
 array([[-0.0421772 ,  0.00082652]], dtype=float32)
 array([[-0.06550021,  0.06573711]], dtype=float32)
 array([[-0.00171657, -0.00440142]], dtype=float32)]","[[ 1.16110006 -1.01888538  0.04184333 -0.13066902 -0.07222236 -0.24103227]
 [ 0.14466634 -0.04447219 -0.92957035 -1.15248395  0.38548341 -0.14961192]
 [-0.73373641  0.41211522 -0.65764942 -1.88140884  0.08410131  0.78531161]]",387.24778119581623,704.6630221236181,0.8667843341827393,End
12,13,"(0, 0, 1, 0, 0, 0, -0.05236, 0, 0)","(2099.94026062817, -647.8130329345549, 1, 0, 0, 0, 0, 0, 0)","[array([-0.01745,  0.     ])
 array([[0.00808503, 0.12067501]], dtype=float32)]",[[ 1.38315119 -4.02222545  0.04184333 -0.13066902 -0.07222236 -0.24103227]],0.0,2197.59205127953,1.494842290878296,Error
13,14,"(0, 0, 1, 0, 0, 0, -0.05236, 0, 0)","(2186.573521911233, -416.3634282652902, 1, 0, 0, 0, 0, 0, 0)","[array([-0.08727   ,  0.15855621])
 array([[-0.02029571,  0.00397617]], dtype=float32)
 array([[-0.06051264,  0.00045447]], dtype=float32)
 array([[-0.00874195,  0.05065838]], dtype=float32)]","[[ 1.51457408 -2.39990126  0.04184333 -0.13066902 -0.07222236 -0.24103227]
 [ 0.1324299  -0.55993503 -1.743262   -0.86836466  0.58840388 -0.12616161]
 [-0.75346508  0.0667892  -0.56111172 -1.35478435  0.11826321 -0.13865332]]",120.05922762552012,694.4915192701322,1.0656147003173828,End
14,15,"(0, 0, 1, 0, 0, 0, -0.05236, 0, 0)","(2223.6242393341045, -298.1800452205484, 1, 0, 0, 0, 0, 0, 0)","[array([-0.03491,  0.     ])
 array([[-0.02016263,  0.00187547]], dtype=float32)
 array([[-0.06069877,  0.10420562]], dtype=float32)
 array([[-0.00113848, -0.00326872]], dtype=float32)]","[[ 1.57078012 -1.57150598  0.04184333 -0.13066902 -0.07222236 -0.24103227]
 [ 0.21243179  0.43202173 -2.61481355 -0.83782023  0.98551151 -0.28837752]
 [-0.74595951  0.52918305 -0.33843326 -0.80136821 -1.20520248 -0.86396159]]",1184.5290139003969,696.443616600296,0.8208510875701904,End
15,16,"(0, 0, 1, 0, 0, 0, -0.05236, 0, 0)","(2253.6159965711845, 108.2262418748029, 1, 0, 0, 0, 0, 0, 0)","[array([-0.06981   ,  0.15855621])
 array([[-0.03721374,  0.17205872]], dtype=float32)
 array([[-0.05639301,  0.14880079]], dtype=float32)
 array([[-0.05075866,  0.02801006]], dtype=float32)
 array([[-0.00023709,  0.00082604]], dtype=float32)]","[[ 1.6162777   1.27716057  0.04184333 -0.13066902 -0.07222236 -0.24103227]
 [ 0.35064456  1.00502215 -0.67724968 -0.69827884 -1.81062933  0.07566574]
 [-0.5903796   0.94870727 -0.30333985 -0.38152471  1.02821812 -0.89084359]
 [-1.55317998  1.74562542 -0.94527891 -1.34329892  0.12703026 -0.09595757]]",8092.15561647475,240.10253540144527,2.379465341567993,End
16,17,"(0, 0, 1, 0, 0, 0, -0.05236, 0, 0)","(2002.934157145519, -108.90481605541444, 1, 0, 0, 0, 0, 0, 0)","[array([-0.06981,  0.     ])
 array([[-0.07480249,  0.00116511]], dtype=float32)
 array([[-0.05530765,  0.13033897]], dtype=float32)
 array([[-0.05096595,  0.11177903]], dtype=float32)
 array([[-0.00156588,  0.00019269]], dtype=float32)]","[[ 1.23599267 -0.24479911  0.04184333 -0.13066902 -0.07222236 -0.24103227]
 [ 0.46667459  0.50002334 -0.57042399 -1.4496548   0.10363015 -0.29914543]
 [-0.53714856  0.59596955 -1.24432073 -0.21790767  0.07420311 -1.73835558]
 [-1.57241814  0.72558349 -1.063116   -0.32324952 -0.24158278 -1.43653713]]",3576.974198324957,154.49435423329254,2.091379165649414,End
17,18,"(0, 0, 1, 0, 0, 0, -0.05236, 0, 0)","(2069.566384968555, -150.4456623276706, 1, 0, 0, 0, 0, 0, 0)","[array([-0.06981,  0.     ])
 array([[-0.07451716,  0.00105262]], dtype=float32)
 array([[-0.0559734 ,  0.10637014]], dtype=float32)
 array([[-0.06620415,  0.12066589]], dtype=float32)
 array([[-0.00078329,  0.00088523]], dtype=float32)]","[[ 1.33707394 -0.53597575  0.04184333 -0.13066902 -0.07222236 -0.24103227]
 [ 0.56559486  0.20998769 -0.57211518 -1.4449728   0.10574681 -0.3018102 ]
 [-0.41400854  0.48011747 -1.08389579 -0.4551325   0.1503875  -1.35297066]
 [-1.32842805  0.56246653 -0.59041914 -1.88047544 -0.47565902  0.15523936]]",2965.103256534184,312.5446287564799,1.5762028694152832,End
18,19,"(0, 0, 1, 0, 0, 0, -0.05236, 0, 0)","(2199.958161062372, -647.5805752447245, 1, 0, 0, 0, 0, 0, 0)","[array([-0.01745,  0.     ])
 array([[0.01049826, 0.13005528]], dtype=float32)]",[[ 1.53487862 -4.02059606  0.04184333 -0.13066902 -0.07222236 -0.24103227]],0.0,2293.289452262671,1.0662527084350586,Error
19,20,"(0, 0, 1, 0, 0, 0, -0.05236, 0, 0)","(2023.540585954998, 121.9351875230842, 1, 0, 0, 0, 0, 0, 0)","[array([-0.06981   ,  0.12684497])
 array([[-0.0379048 ,  0.17722775]], dtype=float32)
 array([[-0.06273446,  0.12555368]], dtype=float32)
 array([[-0.00701299, -0.00505719]], dtype=float32)]","[[ 1.26725268  1.37325213  0.04184333 -0.13066902 -0.07222236 -0.24103227]
 [ 0.01523723  1.03287283 -0.47306302 -1.01298525 -1.99453669  0.58256979]
 [-0.85947515  1.28335664 -1.12310847 -0.93815749  0.93340314 -1.2863859 ]]",7218.8868691681555,631.1163540948478,1.8249938488006592,End
20,21,"(0, 0, 1, 0, 0, 0, -0.05236, 0, 0)","(1946.4765674154019, -618.4600298830927, 1, 0, 0, 0, 0, 0, 0)","[array([-0.01745,  0.     ])
 array([[0.00145373, 0.09489898]], dtype=float32)
 array([[-0.03848217,  0.1953257 ]], dtype=float32)]","[[ 1.15034635 -3.81647834  0.04184333 -0.13066902 -0.07222236 -0.24103227]
 [ 0.1513675   8.79036711 -7.5101011  -0.91860816  5.51551881  1.21006349]]",864.0185861757136,1746.8449251516818,1.8236818313598633,Error
21,22,"(0, 0, 1, 0, 0, 0, -0.05236, 0, 0)","(2011.2653686138092, 11.262503467349179, 1, 0, 0, 0, 0, 0, 0)","[array([-0.03491   ,  0.15855621])
 array([[-0.04336369,  0.14665426]], dtype=float32)
 array([[-0.0589897 ,  0.12643984]], dtype=float32)
 array([[-0.00293562, -0.00162901]], dtype=float32)]","[[ 1.24863114  0.59750239  0.04184333 -0.13066902 -0.07222236 -0.24103227]
 [ 0.12057588  0.56532819 -0.49128549 -0.82101474 -0.20954412 -0.62661015]
 [-0.84107633  0.6990715  -1.12396301 -2.2201159   0.04381792  1.22909099]]",4988.990111128576,634.2645117191369,1.6693875789642334,End
22,23,"(0, 0, 1, 0, 0, 0, -0.05236, 0, 0)","(2008.7994366129517, -504.9205858541745, 1, 0, 0, 0, 0, 0, 0)","[array([-0.01745,  0.     ])
 array([[-0.01448738,  0.03065789]], dtype=float32)
 array([[-0.06074332,  0.13361606]], dtype=float32)
 array([[-1.1354275e-03, -5.8108941e-05]], dtype=float32)]","[[ 1.24489031 -3.02063431  0.04184333 -0.13066902 -0.07222236 -0.24103227]
 [-0.30872017 -0.29083535 -2.7082905  -0.88885501  0.73879957  0.00545868]
 [-1.27844279 -0.39667902 -0.12685027 -1.2862469  -2.39575173 -0.30375447]]",2391.287639337036,369.2863895051697,1.3049943447113037,End
23,24,"(0, 0, 1, 0, 0, 0, -0.05236, 0, 0)","(1926.9632393568038, -331.66578743007415, 1, 0, 0, 0, 0, 0, 0)","[array([-0.10472,  0.     ])
 array([[-0.01989291,  0.00309554]], dtype=float32)
 array([[-0.05933913,  0.13293646]], dtype=float32)
 array([[-0.00202011,  0.00068096]], dtype=float32)]","[[ 1.12074458 -1.80622114  0.04184333 -0.13066902 -0.07222236 -0.24103227]
 [-0.28709208  0.24647015 -2.36591624 -0.79554584  0.46685776 -0.32269092]
 [-1.27345237  0.13114104 -0.45071337 -0.36385843 -1.74312766 -1.14110356]]",2330.1377563686538,353.07449609742235,1.047994613647461,End
24,25,"(0, 0, 1, 0, 0, 0, -0.05236, 0, 0)","(2275.9627816039792, -362.1076673732817, 1, 0, 0, 0, 0, 0, 0)","[array([-0.01745   ,  0.12684497])
 array([[-0.01985339,  0.00300912]], dtype=float32)
 array([[-0.05973259,  0.11068028]], dtype=float32)
 array([[-0.00101807, -0.00149029]], dtype=float32)]","[[ 1.65017783 -2.01960062  0.04184333 -0.13066902 -0.07222236 -0.24103227]
 [ 0.24294385  0.05300556 -2.4454237  -0.7967419   0.52903159 -0.32980237]
 [-0.72091424  0.08918902 -0.39064925 -2.06034819 -1.09312413  1.31348069]]",1395.5603297040482,715.5783806755646,1.2307560443878174,End
25,26,"(0, 0, 1, 0, 0, 0, -0.05236, 0, 0)","(1928.6290005712253, -297.6592160313445, 1, 0, 0, 0, 0, 0, 0)","[array([-0.10472   ,  0.12684497])
 array([[-0.02233933,  0.00171668]], dtype=float32)
 array([[-0.05664444,  0.13023408]], dtype=float32)
 array([[-0.00244443,  0.00042156]], dtype=float32)]","[[ 1.12327155 -1.56785528  0.04184333 -0.13066902 -0.07222236 -0.24103227]
 [-0.18686418  0.24333194 -2.39954636 -0.87121776  0.80015678 -0.29156538]
 [-1.20793125  0.19102697 -0.95787217 -0.25931295 -1.6154416  -1.49111768]]",2198.0520147453108,394.68850390914525,1.238581895828247,End
26,27,"(0, 0, 1, 0, 0, 0, -0.05236, 0, 0)","(2275.4654471824833, -395.1011514864455, 1, 0, 0, 0, 0, 0, 0)","[array([-0.08727   ,  0.15855621])
 array([[-0.02009744,  0.00354269]], dtype=float32)
 array([[-0.06888932,  0.00171329]], dtype=float32)
 array([[-0.05184019,  0.1165065 ]], dtype=float32)
 array([[-0.001852  ,  0.00058127]], dtype=float32)]","[[ 1.64942337 -2.25086534  0.04184333 -0.13066902 -0.07222236 -0.24103227]
 [ 0.24848417 -0.32017105 -1.94200042 -0.81739097  0.31756181 -0.23687176]
 [-0.56199418  0.25420449 -0.45596358 -1.44297599  0.55252415 -0.1099319 ]
 [-1.58990858  0.48936694 -1.27990915 -1.03585595  0.42191186 -0.25437407]]",1667.803532419319,140.17717789052656,1.7678382396697998,End
27,28,"(0, 0, 1, 0, 0, 0, -0.05236, 0, 0)","(2124.2878205656684, -586.7343105781566, 1, 0, 0, 0, 0, 0, 0)","[array([-0.01745,  0.     ])
 array([[0.0014869 , 0.09502789]], dtype=float32)
 array([[-0.03834685,  0.19634835]], dtype=float32)]","[[ 1.42008651 -3.5940999   0.04184333 -0.13066902 -0.07222236 -0.24103227]
 [ 0.43110065  9.03489143 -7.51367466 -0.66819658  5.60406581  0.7903784 ]]",867.2997444661075,1908.930920909073,2.919757843017578,Error
28,29,"(0, 0, 1, 0, 0, 0, -0.05236, 0, 0)","(2141.2555535343777, 234.4823640456744, 1, 0, 0, 0, 0, 0, 0)","[array([-0.03491   ,  0.19026745])
 array([[-0.03800321,  0.18939257]], dtype=float32)
 array([[-0.056463  ,  0.15249789]], dtype=float32)]","[[ 1.4458266   2.16214096  0.04184333 -0.13066902 -0.07222236 -0.24103227]
 [ 0.19730175  1.73718178 -0.34110012 -1.69343781 -3.1885742   0.37244462]]",6451.02171913657,1329.64973940505,3.295520544052124,Error
29,30,"(0, 0, 1, 0, 0, 0, -0.05236, 0, 0)","(1990.6403077373477, -43.7823125804858, 1, 0, 0, 0, 0, 0, 0)","[array([-0.10472,  0.     ])
 array([[-0.0692345 ,  0.00864544]], dtype=float32)
 array([[-0.05381882,  0.14357857]], dtype=float32)
 array([[-0.0059263 , -0.00420578]], dtype=float32)]","[[ 1.21734287  0.21167094  0.04184333 -0.13066902 -0.07222236 -0.24103227]
 [ 0.41860478  1.06840259 -1.17263531 -1.27264678  0.0681611  -0.79822088]
 [-0.62017934  0.95414959 -1.21856651 -0.13829296 -0.47801021 -1.75428387]]",2905.1283646359666,781.8292442857407,1.901209831237793,End
30,31,"(0, 0, 1, 0, 0, 0, -0.05236, 0, 0)","(2287.2519222584106, -261.1350225967302, 1, 0, 0, 0, 0, 0, 0)","[array([-0.03491,  0.     ])
 array([[-0.03215078,  0.0011556 ]], dtype=float32)
 array([[-0.06441385,  0.05423976]], dtype=float32)
 array([[-0.06623273,  0.12460271]], dtype=float32)
 array([[-0.00248175,  0.00062514]], dtype=float32)]","[[ 1.66730349 -1.31184239  0.04184333 -0.13066902 -0.07222236 -0.24103227]
 [ 0.52168763 -0.06449023 -1.43731726 -1.01605517  0.23435622 -0.21870057]
 [-0.35007201  0.39524337 -0.53434827 -1.29252546 -0.06579936 -0.46532856]
 [-1.26625508  0.55251009 -0.98286061 -0.83228736 -0.15403891 -0.81254746]]",2150.088822684556,353.49912076356344,1.9692206382751465,End
31,32,"(0, 0, 1, 0, 0, 0, -0.05236, 0, 0)","(1937.668367421266, -103.80068030804794, 1, 0, 0, 0, 0, 0, 0)","[array([-0.05236,  0.     ])
 array([[-0.07441804,  0.00116276]], dtype=float32)
 array([[-0.05685925,  0.13156256]], dtype=float32)
 array([[-0.00314819,  0.00545559]], dtype=float32)]","[[ 1.13698429 -0.20902215  0.04184333 -0.13066902 -0.07222236 -0.24103227]
 [ 0.36570471  0.53722535 -0.57957408 -1.44569901  0.10921351 -0.30178034]
 [-0.62701567  0.62760833 -1.23991121 -2.2528172  -0.14741474  1.03373336]]",2262.2924574135727,775.0052731949323,2.2736456394195557,End
32,33,"(0, 0, 1, 0, 0, 0, -0.05236, 0, 0)","(2081.348865197631, -405.45769186720594, 1, 0, 0, 0, 0, 0, 0)","[array([-0.08727   ,  0.15855621])
 array([[-0.02022728,  0.00382657]], dtype=float32)
 array([[-0.06396066,  0.00132559]], dtype=float32)
 array([[-0.00199941, -0.00492834]], dtype=float32)]","[[ 1.35494799 -2.32345853  0.04184333 -0.13066902 -0.07222236 -0.24103227]
 [-0.03440716 -0.45936734 -1.77110694 -0.85112105  0.44885264 -0.16007863]
 [-0.88177109  0.13519442 -0.46806935 -1.39852784  0.28944736 -0.09998552]]",120.05490338086817,609.3750778212961,0.920830488204956,End
33,34,"(0, 0, 1, 0, 0, 0, -0.05236, 0, 0)","(2033.3426277805333, -258.7708079274749, 1, 0, 0, 0, 0, 0, 0)","[array([-0.10472,  0.     ])
 array([[-0.03197887,  0.00041721]], dtype=float32)
 array([[-0.06375942,  0.09517109]], dtype=float32)
 array([[-0.00254863, -0.00458125]], dtype=float32)]","[[ 1.2821224  -1.29527065  0.04184333 -0.13066902 -0.07222236 -0.24103227]
 [ 0.11881168 -0.00537786 -1.48720311 -1.01202881  0.23008154 -0.23085696]
 [-0.79466629  0.20673264 -0.53848727 -1.56367789 -0.04393262  0.54572961]]",930.9549421497867,665.8225792439098,1.2623279094696045,End
34,35,"(0, 0, 1, 0, 0, 0, -0.05236, 0, 0)","(2280.361989641859, -198.13920164474428, 1, 0, 0, 0, 0, 0, 0)","[array([-0.06981,  0.     ])
 array([[-0.07106287,  0.00097843]], dtype=float32)
 array([[-0.07125874,  0.00087614]], dtype=float32)
 array([[-0.05872066,  0.13713671]], dtype=float32)
 array([[-0.00287953,  0.00036102]], dtype=float32)]","[[ 1.65685144 -0.87027912  0.04184333 -0.13066902 -0.07222236 -0.24103227]
 [ 0.86678046 -0.11047172 -0.65168479 -1.40922953  0.16757657 -0.32225267]
 [ 0.06805443  0.56893348 -0.5314011  -1.42481613  0.28498111 -0.23906211]
 [-0.9170695   0.65137483 -1.39132974 -2.17380574 -0.16039658  1.22195966]]",2606.2915145793995,583.954683082602,1.7294204235076904,End
35,36,"(0, 0, 1, 0, 0, 0, -0.05236, 0, 0)","(2159.888170618543, -44.299792246513164, 1, 0, 0, 0, 0, 0, 0)","[array([-0.03491   ,  0.15855621])
 array([[-0.07114937,  0.00832302]], dtype=float32)
 array([[-0.0467804 ,  0.14098017]], dtype=float32)
 array([[-0.05976674,  0.11168093]], dtype=float32)
 array([[-0.00090343,  0.00088019]], dtype=float32)]","[[ 1.47409233  0.20804371  0.04184333 -0.13066902 -0.07222236 -0.24103227]
 [ 0.69150511  1.07279687 -1.31212813 -1.31214665  0.59317769 -0.85265569]
 [-0.42085051  0.97985618 -1.51712659 -0.05393149 -0.0371979  -1.8869833 ]
 [-1.37237014  1.06241147 -0.58628789 -0.5476995  -0.31039391 -1.03310576]]",4127.04859086643,293.9405804646848,3.33760666847229,End
36,37,"(0, 0, 1, 0, 0, 0, -0.05236, 0, 0)","(2291.8640551885487, -2.927844940749777, 1, 0, 0, 0, 0, 0, 0)","[array([-0.06981,  0.     ])
 array([[-0.04348432,  0.1506852 ]], dtype=float32)
 array([[-0.05779886,  0.140149  ]], dtype=float32)
 array([[-0.04341334,  0.1103197 ]], dtype=float32)
 array([[-0.00223286,  0.00044527]], dtype=float32)]","[[ 1.67430011  0.49803648  0.04184333 -0.13066902 -0.07222236 -0.24103227]
 [ 0.54683313  0.42396842 -0.43754273 -1.47070883  0.03124838  1.03532386]
 [-0.44078415  0.49526705 -1.42885566 -1.42122162  0.18406028  0.24681506]
 [-1.5642131   0.65048369 -1.33550109 -1.96143267 -0.27463126  0.87166797]]",7251.615938770101,158.17734281594343,3.6096675395965576,End
37,38,"(0, 0, 1, 0, 0, 0, -0.05236, 0, 0)","(2025.893049864061, -364.6829879890867, 1, 0, 0, 0, 0, 0, 0)","[array([-0.10472,  0.     ])
 array([[-0.02006282,  0.00346701]], dtype=float32)
 array([[-0.05956137,  0.1170587 ]], dtype=float32)
 array([[-0.00273648, -0.00181018]], dtype=float32)]","[[ 1.27082137 -2.03765209  0.04184333 -0.13066902 -0.07222236 -0.24103227]
 [-0.13241835 -0.08621194 -2.00693559 -0.81024512  0.31494888 -0.25629667]
 [-1.10280733 -0.07677757 -0.51656992 -0.48493747 -0.9027172  -1.09399607]]",1629.0509319447792,468.96509940211087,1.6412930488586426,End
38,39,"(0, 0, 1, 0, 0, 0, -0.05236, 0, 0)","(2283.7019371557535, -391.4381833745126, 1, 0, 0, 0, 0, 0, 0)","[array([-0.08727   ,  0.15855621])
 array([[-0.02006378,  0.0034691 ]], dtype=float32)
 array([[-0.06810604,  0.002171  ]], dtype=float32)
 array([[-0.04983093,  0.11601701]], dtype=float32)
 array([[-0.00215531,  0.00054768]], dtype=float32)]","[[ 1.66191815 -2.22519011  0.04184333 -0.13066902 -0.07222236 -0.24103227]
 [ 0.25873649 -0.27433294 -2.00506317 -0.81042596  0.31484275 -0.25577833]
 [-0.56323792  0.30503746 -0.47083531 -1.44571354  0.47693956 -0.09687044]
 [-1.60965286  0.52926435 -1.22446393 -1.94962348  0.31207477  1.19175513]]",1649.1326453076715,127.10914844356888,2.0215706825256348,End
39,40,"(0, 0, 1, 0, 0, 0, -0.05236, 0, 0)","(2227.0788639627876, -222.01527908619747, 1, 0, 0, 0, 0, 0, 0)","[array([-0.06981,  0.     ])
 array([[-0.05065881,  0.0008238 ]], dtype=float32)
 array([[-0.0710395 ,  0.00072601]], dtype=float32)
 array([[-0.0607552,  0.1400547]], dtype=float32)
 array([[-0.0032507,  0.000502 ]], dtype=float32)]","[[ 1.5760208  -1.03763624  0.04184333 -0.13066902 -0.07222236 -0.24103227]
 [ 0.6471899  -0.16864527 -0.86460741 -1.22345742  0.56202449 -0.22107036]
 [-0.16123127  0.49614662 -0.47707284 -1.43366372  0.27622821 -0.19506503]
 [-1.13322408  0.57940883 -1.42244267 -1.67965091 -0.18730195  0.55859029]]",2764.489318578967,441.2446585493914,1.3930439949035645,End
40,41,"(0, 0, 1, 0, 0, 0, -0.05236, 0, 0)","(2109.6362366908083, -237.86514197930205, 1, 0, 0, 0, 0, 0, 0)","[array([-0.03491,  0.     ])
 array([[-0.03897763,  0.00070248]], dtype=float32)
 array([[-0.06607067,  0.04198555]], dtype=float32)
 array([[-0.04424756,  0.11349517]], dtype=float32)
 array([[-0.00182505,  0.00048155]], dtype=float32)]","[[ 1.39786001 -1.14873436  0.04184333 -0.13066902 -0.07222236 -0.24103227]
 [ 0.33926385 -0.10256882 -1.03428516 -1.11508007  0.2827642  -0.15654441]
 [-0.5127247   0.4520407  -0.59559776 -1.72251532  0.34076158  0.48444874]
 [-1.62362801  0.67317254 -1.13034202 -1.71350513  0.21956222  1.06903648]]",1624.9792211504355,119.93352185683666,1.4305009841918945,End
41,42,"(0, 0, 1, 0, 0, 0, -0.05236, 0, 0)","(2250.875335236274, -416.50995519256577, 1, 0, 0, 0, 0, 0, 0)","[array([-0.08727   ,  0.15855621])
 array([[-0.02027401,  0.00392872]], dtype=float32)
 array([[-0.0618459 ,  0.00045947]], dtype=float32)
 array([[-0.02590973,  0.09280969]], dtype=float32)]","[[ 1.61212011 -2.40092833  0.04184333 -0.13066902 -0.07222236 -0.24103227]
 [ 0.22765234 -0.55429989 -1.74682674 -0.86323015  0.53977445 -0.13590664]
 [-0.64679702  0.06268759 -0.5171706  -1.37168474  0.16008267 -0.12245531]]",120.05713870985068,764.5804806646676,1.135474443435669,End
42,43,"(0, 0, 1, 0, 0, 0, -0.05236, 0, 0)","(1926.483715393486, -494.7464195108232, 1, 0, 0, 0, 0, 0, 0)","[array([-0.10472   ,  0.12684497])
 array([[-0.01649173,  0.01998732]], dtype=float32)
 array([[-0.07015403,  0.0558881 ]], dtype=float32)
 array([[-0.0035935, -0.006902 ]], dtype=float32)]","[[ 1.12001714 -2.94931945  0.04184333 -0.13066902 -0.07222236 -0.24103227]
 [-0.35662093 -0.51583133 -2.55770672 -0.83142855  0.67883546 -0.15297262]
 [-1.18475789 -0.13834662 -0.29450895 -1.19083138  0.83690211 -0.3038016 ]]",291.73693809293286,417.8342300377901,1.1915030479431152,End
43,44,"(0, 0, 1, 0, 0, 0, -0.05236, 0, 0)","(2110.8496965236636, -521.6211628503152, 1, 0, 0, 0, 0, 0, 0)","[array([-0.01745,  0.     ])
 array([[-0.01046178,  0.04858311]], dtype=float32)
 array([[-0.07202583,  0.06590819]], dtype=float32)
 array([[-0.00619914, -0.00651477]], dtype=float32)]","[[ 1.39970083 -3.13769543  0.04184333 -0.13066902 -0.07222236 -0.24103227]
 [-0.33053284  0.60147463 -3.30166599 -0.20013152  0.94643352 -1.03178014]
 [-0.92263058  1.04454586 -1.5392593  -1.77365873  1.22477696 -0.01079965]]",497.2183101393039,584.8156949908004,1.3268027305603027,End
44,45,"(0, 0, 1, 0, 0, 0, -0.05236, 0, 0)","(2153.6901723191613, 74.61109160463637, 1, 0, 0, 0, 0, 0, 0)","[array([-0.05236   ,  0.12684497])
 array([[-0.03800225,  0.16346091]], dtype=float32)
 array([[-0.05905353,  0.14320078]], dtype=float32)
 array([[-0.00762628, -0.00391123]], dtype=float32)]","[[ 1.46468995  1.04153834  0.04184333 -0.13066902 -0.07222236 -0.24103227]
 [ 0.22265263  0.85373181 -0.64395389 -2.15849869 -1.53302796  1.69745686]
 [-0.71740212  0.84313659 -0.7928208  -0.54583124  0.78315653 -0.87054725]]",6991.476017412919,716.7641946060235,1.860217571258545,End
45,46,"(0, 0, 1, 0, 0, 0, -0.05236, 0, 0)","(2036.3562662672443, -575.5528307717549, 1, 0, 0, 0, 0, 0, 0)","[array([-0.10472   ,  0.12684497])
 array([[-0.00183592,  0.08211205]], dtype=float32)
 array([[-0.04907429,  0.1715023 ]], dtype=float32)]","[[ 1.2866941  -3.51572437  0.04184333 -0.13066902 -0.07222236 -0.24103227]
 [-0.39888432  6.16394016 -6.38353171 -0.16957847  3.52385557 -0.4514508 ]]",580.837461169664,1226.672278371356,1.2899961471557617,Error
46,47,"(0, 0, 1, 0, 0, 0, -0.05236, 0, 0)","(2157.62301782054, -593.8895832390114, 1, 0, 0, 0, 0, 0, 0)","[array([-0.01745,  0.     ])
 array([[0.00304196, 0.10107248]], dtype=float32)]",[[ 1.47065609 -3.64425411  0.04184333 -0.13066902 -0.07222236 -0.24103227]],0.0,2237.8654839173914,1.0549604892730713,Error
47,48,"(0, 0, 1, 0, 0, 0, -0.05236, 0, 0)","(2265.8475775106926, -109.34639433977308, 1, 0, 0, 0, 0, 0, 0)","[array([-0.10472,  0.     ])
 array([[-0.07685658,  0.00140394]], dtype=float32)
 array([[-0.04845662,  0.13235015]], dtype=float32)
 array([[-0.06173658,  0.13111225]], dtype=float32)
 array([[-8.483920e-04,  2.238527e-05]], dtype=float32)]","[[ 1.63483304 -0.24789431  0.04184333 -0.13066902 -0.07222236 -0.24103227]
 [ 0.87623731  0.49114098 -0.54063443 -1.47637096  0.08560192 -0.28334444]
 [-0.19328391  0.53694553 -1.11041262 -1.03017448  0.37079306 -0.00593541]
 [-1.16190019  0.5489401  -0.85466018 -1.58879039 -0.92719522 -0.35907644]]",4481.366435851372,422.27836463683303,2.4422764778137207,End
48,49,"(0, 0, 1, 0, 0, 0, -0.05236, 0, 0)","(1940.8142456155995, 236.12897628940405, 1, 0, 0, 0, 0, 0, 0)","[array([-0.05236   ,  0.15855621])
 array([[-0.03808258,  0.18786101]], dtype=float32)
 array([[-0.05532657,  0.02529803]], dtype=float32)
 array([[-0.00077837,  0.00173754]], dtype=float32)]","[[ 1.1417566   2.17368273  0.04184333 -0.13066902 -0.07222236 -0.24103227]
 [-0.10595858  1.74991413 -0.32475208 -0.75717026 -2.778844    0.28245928]
 [-0.96603499  2.60557872 -0.71750921 -1.34675369  0.51219857 -0.11703184]]",6372.457262166025,626.6264177314397,1.5904545783996582,End
49,50,"(0, 0, 1, 0, 0, 0, -0.05236, 0, 0)","(1999.3276878673823, -236.01076724506746, 1, 0, 0, 0, 0, 0, 0)","[array([-0.03491,  0.     ])
 array([[-0.03753992,  0.00115677]], dtype=float32)
 array([[-0.06751818,  0.05723461]], dtype=float32)
 array([[-0.00750429,  0.05509074]], dtype=float32)]","[[ 1.23052165 -1.13573629  0.04184333 -0.13066902 -0.07222236 -0.24103227]
 [ 0.16109937 -0.06642612 -1.09819731 -1.09821347  0.27498323 -0.16082836]
 [-0.69333019  0.40871121 -0.54854267 -1.71719355 -0.05520306  0.18188997]]",296.38482542427244,731.3028716494339,1.5260159969329834,End
50,51,"(0, 0, 1, 0, 0, 0, -0.05236, 0, 0)","(2103.1930547232027, 134.08970555714754, 1, 0, 0, 0, 0, 0, 0)","[array([-0.06981   ,  0.15855621])
 array([[-0.03785187,  0.17887153]], dtype=float32)
 array([[-0.06290197,  0.14714992]], dtype=float32)
 array([[-0.06483711,  0.10085269]], dtype=float32)
 array([[0.00067704, 0.00110241]], dtype=float32)]","[[ 1.38808569  1.45844808  0.04184333 -0.13066902 -0.07222236 -0.24103227]
 [ 0.13443772  1.10131609 -0.43476895 -1.86513182 -2.33878608  0.60600558]
 [-0.70916058  1.33074634 -1.45043302 -1.96384747  2.16703603 -0.03310129]
 [-1.65620663  1.6345584  -0.60124891 -0.87939634 -0.95166861 -0.6367963 ]]",9526.554859247379,186.13045742906576,3.479346513748169,End
51,52,"(0, 0, 1, 0, 0, 0, -0.05236, 0, 0)","(2165.2191791558193, -658.4895446034093, 1, 0, 0, 0, 0, 0, 0)","[array([-0.01745,  0.     ])
 array([[0.0105058 , 0.13008457]], dtype=float32)]",[[ 1.48217949 -4.09706145  0.04184333 -0.13066902 -0.07222236 -0.24103227]],0.0,2263.1355624743746,1.5422801971435547,Error
52,53,"(0, 0, 1, 0, 0, 0, -0.05236, 0, 0)","(2165.2060119129223, -266.85272850680803, 1, 0, 0, 0, 0, 0, 0)","[array([-0.03491,  0.     ])
 array([[-0.02910127,  0.00044501]], dtype=float32)
 array([[-0.06167629,  0.10131178]], dtype=float32)
 array([[-0.01453257,  0.07906189]], dtype=float32)]","[[ 1.48215951 -1.35192011  0.04184333 -0.13066902 -0.07222236 -0.24103227]
 [ 0.27416445  0.06903705 -1.71703045 -0.96560342  0.31113651 -0.26304934]
 [-0.66357827  0.21747491 -0.51538895 -0.60188278 -0.43980814 -1.09809092]]",1098.2759681564562,751.9750562960156,1.4472312927246094,End
53,54,"(0, 0, 1, 0, 0, 0, -0.05236, 0, 0)","(2278.4039045531736, 99.58438693983493, 1, 0, 0, 0, 0, 0, 0)","[array([-0.06981   ,  0.15855621])
 array([[-0.03723306,  0.17069304]], dtype=float32)
 array([[-0.06190538,  0.14913657]], dtype=float32)
 array([[-0.06527099,  0.09304217]], dtype=float32)
 array([[-0.00028766,  0.00106399]], dtype=float32)]","[[ 1.65388102  1.2165863   0.04184333 -0.13066902 -0.07222236 -0.24103227]
 [ 0.3897329   0.95815514 -0.67703227 -1.23547521 -2.02230534 -0.26855993]
 [-0.478465    1.02286087 -0.8154645  -0.42403041  1.9894918  -1.43783823]
 [-1.40756821  1.40778415 -0.76345953 -0.75347525 -0.58191928 -1.00322584]]",8737.052146561535,289.58037744572584,4.076362371444702,End
54,55,"(0, 0, 1, 0, 0, 0, -0.05236, 0, 0)","(1980.703946362992, -449.60789053591856, 1, 0, 0, 0, 0, 0, 0)","[array([-0.08727   ,  0.15855621])
 array([[-0.02036531,  0.00412834]], dtype=float32)
 array([[-0.04466555,  0.0004942 ]], dtype=float32)
 array([[-0.00358723, -0.0018623 ]], dtype=float32)]","[[ 1.20226938 -2.63292519  0.04184333 -0.13066902 -0.07222236 -0.24103227]
 [-0.172406   -0.80761379 -1.76554937 -0.88160617  0.76484889 -0.10335635]
 [-1.20064117 -0.03086776 -1.17231625 -1.15237561  0.31783252 -0.28820736]]",120.06630567162102,404.3877729346436,0.6241748332977295,End
55,56,"(0, 0, 1, 0, 0, 0, -0.05236, 0, 0)","(1944.7249939284823, -59.22227975850407, 1, 0, 0, 0, 0, 0, 0)","[array([-0.06981,  0.     ])
 array([[-0.07564767,  0.00171137]], dtype=float32)
 array([[-0.05497   ,  0.14289679]], dtype=float32)
 array([[-0.00669646, -0.00687196]], dtype=float32)]","[[ 1.14768921  0.10344595  0.04184333 -0.13066902 -0.07222236 -0.24103227]
 [ 0.38146698  0.85169485 -0.60627539 -1.4734612   0.10747075 -0.29329931]
 [-0.63368314  0.84879267 -1.349542   -1.1299577   0.23271793 -0.08562411]]",2865.046059235698,771.8930751005038,1.3915143013000488,End
56,57,"(0, 0, 1, 0, 0, 0, -0.05236, 0, 0)","(2051.7708797798628, -648.1143032862788, 1, 0, 0, 0, 0, 0, 0)","[array([-0.01745,  0.     ])
 array([[0.00697189, 0.11634821]], dtype=float32)]",[[ 1.31007811 -4.02433717  0.04184333 -0.13066902 -0.07222236 -0.24103227]],0.0,2151.700697875262,1.2111737728118896,Error
57,58,"(0, 0, 1, 0, 0, 0, -0.05236, 0, 0)","(2056.551268550629, -554.5242985023224, 1, 0, 0, 0, 0, 0, 0)","[array([-0.01745,  0.     ])
 array([[-0.00431434,  0.07247836]], dtype=float32)
 array([[-0.09008079,  0.00090531]], dtype=float32)]","[[ 1.31732997 -3.36832686  0.04184333 -0.13066902 -0.07222236 -0.24103227]
 [-0.54982565  3.97585738 -5.30261303  0.06253441  1.91340877 -1.25589777]]",418.1843474365466,961.8298640898604,1.451174259185791,Error
58,59,"(0, 0, 1, 0, 0, 0, -0.05236, 0, 0)","(2292.599314963107, 142.2231755400402, 1, 0, 0, 0, 0, 0, 0)","[array([-0.06981   ,  0.12684497])
 array([[-0.03751431,  0.17869417]], dtype=float32)
 array([[-0.06176282,  0.15007916]], dtype=float32)
 array([[-0.06275574,  0.10985694]], dtype=float32)
 array([[-0.00036835,  0.00100957]], dtype=float32)]","[[ 1.67541550e+00  1.51545887e+00  4.18433258e-02 -1.30669025e-01
  -7.22223577e-02 -2.41032274e-01]
 [ 4.13687470e-01  1.16568021e+00 -5.23274650e-01 -1.43443113e+00
  -2.37738935e+00  9.01684771e-04]
 [-4.22291715e-01  1.36867397e+00 -1.29327156e+00 -2.21951570e+00
   2.94976591e+00  9.05918264e-01]
 [-1.39735186e+00  1.77240063e+00 -1.05405961e+00 -1.30362185e+00
  -1.70168483e+00 -8.19458731e-01]]",9975.396261765398,321.4225567296556,3.0353052616119385,End
59,60,"(0, 0, 1, 0, 0, 0, -0.05236, 0, 0)","(1955.6089072086882, -213.4695313542987, 1, 0, 0, 0, 0, 0, 0)","[array([-0.03491,  0.     ])
 array([[-0.04468084,  0.00086054]], dtype=float32)
 array([[-0.06539503,  0.05357544]], dtype=float32)
 array([[-0.0246606,  0.0931536]], dtype=float32)]","[[ 1.16420014 -0.97773562  0.04184333 -0.13066902 -0.07222236 -0.24103227]
 [ 0.17684425 -0.04436907 -0.88821772 -1.17636118  0.46250587 -0.16023589]
 [-0.69306385  0.4835778  -0.66956875 -0.8842841   0.18041573 -0.97512118]]",264.67072709640263,731.3275310030231,1.2016866207122803,End
60,61,"(0, 0, 1, 0, 0, 0, -0.05236, 0, 0)","(2201.831126961553, -55.65313203910465, 1, 0, 0, 0, 0, 0, 0)","[array([-0.03491   ,  0.12684497])
 array([[-0.07775311,  0.00267961]], dtype=float32)
 array([[-0.04975606,  0.14082776]], dtype=float32)
 array([[-0.0619909 ,  0.13126369]], dtype=float32)
 array([[-0.00151266,  0.001497  ]], dtype=float32)]","[[ 1.53771991  0.12846355  0.04184333 -0.13066902 -0.07222236 -0.24103227]
 [ 0.77259869  0.87257304 -0.51675595 -1.48242139  0.01747927 -0.28168133]
 [-0.28569869  0.85123233 -1.12694921 -0.14283388  0.34133262 -1.52687909]
 [-1.2475335   0.84827259 -0.77411283 -1.90871067 -0.82221104  0.18171045]]",4935.2639496190495,368.81903384912806,2.312498092651367,End
61,62,"(0, 0, 1, 0, 0, 0, -0.05236, 0, 0)","(2079.317544054522, -102.21653277300493, 1, 0, 0, 0, 0, 0, 0)","[array([-0.06981,  0.     ])
 array([[-0.07553825,  0.00132717]], dtype=float32)
 array([[-0.0533248 ,  0.13159564]], dtype=float32)
 array([[-0.03143056,  0.1054998 ]], dtype=float32)
 array([[-0.00108603,  0.00024777]], dtype=float32)]","[[ 1.35186647 -0.19791822  0.04184333 -0.13066902 -0.07222236 -0.24103227]
 [ 0.58673423  0.54503911 -0.56504692 -1.46087656  0.09831937 -0.29321083]
 [-0.43449697  0.62108731 -1.2235213  -2.22902049  0.04134766  1.15312202]
 [-1.74236036  1.01266754 -1.74211954 -1.65197299 -0.08370312  1.1346334 ]]",3428.5895086385053,80.8634076385945,1.654665470123291,End
62,63,"(0, 0, 1, 0, 0, 0, -0.05236, 0, 0)","(2165.7023851426816, -525.266123386689, 1, 0, 0, 0, 0, 0, 0)","[array([-0.08727   ,  0.15855621])
 array([[-0.00920803,  0.05345646]], dtype=float32)
 array([[-0.0786913, -0.0015936]], dtype=float32)
 array([[-0.00108824,  0.0016613 ]], dtype=float32)]","[[ 1.48291251 -3.16324444  0.04184333 -0.13066902 -0.07222236 -0.24103227]
 [-0.3013913   1.06244098 -3.5743305  -0.06087526  1.30825063 -1.12874017]
 [-0.95845183  1.53746864 -0.52690141 -1.48973716 -0.762212   -0.30079708]]",263.7045351278331,575.0443582703177,1.0669381618499756,End
63,64,"(0, 0, 1, 0, 0, 0, -0.05236, 0, 0)","(2129.3009072860946, 71.16563933669879, 1, 0, 0, 0, 0, 0, 0)","[array([-0.03491   ,  0.15855621])
 array([[-0.03810298,  0.16243015]], dtype=float32)
 array([[-0.05885515,  0.14367297]], dtype=float32)
 array([[-0.02352909, -0.00252253]], dtype=float32)]","[[ 1.42769137  1.01738777  0.04184333 -0.13066902 -0.07222236 -0.24103227]
 [ 0.18858335  0.83985429 -0.63752662 -0.46371109 -1.54042141 -0.92497598]
 [-0.73524311  0.84841016 -0.67034467 -0.32877692  1.01367913 -1.31173036]]",6941.65363244764,705.0783011342363,2.0769882202148438,End
64,65,"(0, 0, 1, 0, 0, 0, -0.05236, 0, 0)","(2094.5206588212263, 141.70145622562163, 1, 0, 0, 0, 0, 0, 0)","[array([-0.06981   ,  0.12684497])
 array([[-0.03795663,  0.18048498]], dtype=float32)
 array([[-0.05676286,  0.14518423]], dtype=float32)
 array([[-0.03046744, -0.00211039]], dtype=float32)]","[[ 1.37492964  1.51180193  0.04184333 -0.13066902 -0.07222236 -0.24103227]
 [ 0.12331969  1.13855161 -0.39981754  0.04745853 -2.26181494 -1.03848477]
 [-0.76401417  1.30404011 -0.57773747 -1.82225787  2.56367509  1.25761539]]",8530.001447327253,693.6521331483307,2.5246002674102783,End
65,66,"(0, 0, 1, 0, 0, 0, -0.05236, 0, 0)","(2288.3084836641824, -402.0308600642685, 1, 0, 0, 0, 0, 0, 0)","[array([-0.08727   ,  0.15855621])
 array([[-0.02013836,  0.00363215]], dtype=float32)
 array([[-0.06886178,  0.00131997]], dtype=float32)
 array([[-0.052775  ,  0.11219423]], dtype=float32)
 array([[-0.00170062,  0.00061899]], dtype=float32)]","[[ 1.66890629 -2.29943848  0.04184333 -0.13066902 -0.07222236 -0.24103227]
 [ 0.27117647 -0.3920346  -1.87408237 -0.82721959  0.33824339 -0.21260474]
 [-0.53842333  0.18160623 -0.41657718 -1.43429977  0.53365815 -0.11139875]
 [-1.55363674  0.45481952 -1.2629841  -0.62298577  0.08570456 -1.46716487]]",1508.6434712682164,164.27737017627965,1.3018264770507812,End
66,67,"(0, 0, 1, 0, 0, 0, -0.05236, 0, 0)","(1954.8718485158902, -165.95710061942944, 1, 0, 0, 0, 0, 0, 0)","[array([-0.08727,  0.     ])
 array([[-0.07306249,  0.00104938]], dtype=float32)
 array([[-0.0596282 ,  0.09600443]], dtype=float32)
 array([[-0.05152341,  0.11179533]], dtype=float32)
 array([[-0.00174621,  0.00017579]], dtype=float32)]","[[ 1.16308202 -0.64470172  0.04184333 -0.13066902 -0.07222236 -0.24103227]
 [ 0.38411475  0.10680703 -0.60681466 -1.43014966  0.12936476 -0.31112134]
 [-0.55848462  0.43933026 -0.97837305 -0.50109699 -0.01094718 -1.46243839]
 [-1.584007    0.59679186 -1.02964406 -0.33138224 -0.09472735 -1.42774777]]",2326.9209998031693,144.437456242307,1.5147175788879395,End
67,68,"(0, 0, 1, 0, 0, 0, -0.05236, 0, 0)","(2069.022913675629, -1.7794624585048022, 1, 0, 0, 0, 0, 0, 0)","[array([-0.03491   ,  0.15855621])
 array([[-0.04492669,  0.1424489 ]], dtype=float32)
 array([[-0.05627047,  0.15463342]], dtype=float32)
 array([[-0.00918297,  0.04223789]], dtype=float32)]","[[ 1.33624949  0.50608596  0.04184333 -0.13066902 -0.07222236 -0.24103227]
 [ 0.23541465  0.52207771 -0.60033742 -2.04388203  0.22402631  1.60439892]
 [-0.77890181  0.49062347 -1.69877628 -0.83862317 -0.17176361 -1.63037259]]",6317.807134225814,674.7383531595912,2.6164605617523193,End
68,69,"(0, 0, 1, 0, 0, 0, -0.05236, 0, 0)","(2100.0496904403476, 57.34865474007451, 1, 0, 0, 0, 0, 0, 0)","[array([-0.06981   ,  0.15855621])
 array([[-0.03837213,  0.1593331 ]], dtype=float32)
 array([[-0.05892004,  0.13527508]], dtype=float32)
 array([[-0.00585888, -0.00612436]], dtype=float32)]","[[ 1.3833172   0.92053892  0.04184333 -0.13066902 -0.07222236 -0.24103227]
 [ 0.1521725   0.77625181 -0.62359885 -0.0656218  -1.26974926 -1.0726282 ]
 [-0.7791087   0.8344904  -0.76186957 -0.57632876  0.82989728 -0.84535423]]",6254.20727399054,676.0942767506803,1.7841978073120117,End
69,70,"(0, 0, 1, 0, 0, 0, -0.05236, 0, 0)","(2044.971789592078, 21.6443657909525, 1, 0, 0, 0, 0, 0, 0)","[array([-0.03491   ,  0.15855621])
 array([[-0.04170027,  0.15194452]], dtype=float32)
 array([[-0.06030826,  0.13341247]], dtype=float32)
 array([[-0.00668761,  0.00412806]], dtype=float32)]","[[ 1.29976387  0.67027307  0.04184333 -0.13066902 -0.07222236 -0.24103227]
 [ 0.13957152  0.5816703  -0.43434955 -0.82625596 -0.60704948 -0.56389141]
 [-0.80464661  0.68470856 -1.12821071 -0.76874798  0.15164835 -1.41362389]]",5654.108320692838,658.1827252168406,1.766615390777588,End
70,71,"(0, 0, 1, 0, 0, 0, -0.05236, 0, 0)","(2055.865122889611, 86.87359890240116, 1, 0, 0, 0, 0, 0, 0)","[array([-0.03491   ,  0.15855621])
 array([[-0.03770896,  0.16586664]], dtype=float32)
 array([[-0.06354276,  0.13449498]], dtype=float32)
 array([[-0.00456711, -0.00131898]], dtype=float32)]","[[ 1.31628909  1.12749123  0.04184333 -0.13066902 -0.07222236 -0.24103227]
 [ 0.06614569  0.91608361 -0.64136283 -2.14782861 -1.73483636  1.25128422]
 [-0.82428359  1.03598509 -1.03552831 -2.15792042  0.88158435  1.22525714]]",6701.735058757611,649.0228412221386,2.4611997604370117,End
71,72,"(0, 0, 1, 0, 0, 0, -0.05236, 0, 0)","(1950.9393718192784, -443.76588294149826, 1, 0, 0, 0, 0, 0, 0)","[array([-0.08727   ,  0.15855621])
 array([[-0.02033665,  0.00406569]], dtype=float32)
 array([[-0.0450584 ,  0.00062596]], dtype=float32)
 array([[-0.0032712, -0.0008695]], dtype=float32)]","[[ 1.15711644 -2.59197619  0.04184333 -0.13066902 -0.07222236 -0.24103227]
 [-0.22062002 -0.76190298 -1.75017641 -0.87682482  0.68907051 -0.1110371 ]
 [-1.2409888   0.00304151 -1.14481979 -1.15629507  0.29341194 -0.28465238]]",120.06345497076684,377.35777349909444,0.6571953296661377,End
72,73,"(0, 0, 1, 0, 0, 0, -0.05236, 0, 0)","(2207.899107837185, -390.0319037015156, 1, 0, 0, 0, 0, 0, 0)","[array([-0.08727   ,  0.15855621])
 array([[-0.02011331,  0.00357739]], dtype=float32)
 array([[-0.06740748,  0.00913885]], dtype=float32)
 array([[-0.00904772,  0.06420582]], dtype=float32)]","[[ 1.54692505 -2.21533293  0.04184333 -0.13066902 -0.07222236 -0.24103227]
 [ 0.14717172 -0.29386177 -1.91438711 -0.82104836  0.32328991 -0.22757903]
 [-0.67122059  0.31419507 -0.43629171 -1.38678916 -0.19449747 -0.20420557]]",120.76112203763313,746.2792056284596,1.213648796081543,End
73,74,"(0, 0, 1, 0, 0, 0, -0.05236, 0, 0)","(2165.788450377313, -17.77056218119768, 1, 0, 0, 0, 0, 0, 0)","[array([-0.06981   ,  0.12684497])
 array([[-0.04785625,  0.13713592]], dtype=float32)
 array([[-0.05633875,  0.14772235]], dtype=float32)
 array([[-0.00072785,  0.00075679]], dtype=float32)]","[[ 1.48304307  0.39399785  0.04184333 -0.13066902 -0.07222236 -0.24103227]
 [ 0.42597188  0.47841979 -0.80768802 -2.0574432   0.58693128  1.50408417]
 [-0.59709686  0.48695224 -1.70163072 -2.21031083 -0.33486572  1.25105348]]",5578.88288986758,794.5842182814487,1.8165271282196045,End
74,75,"(0, 0, 1, 0, 0, 0, -0.05236, 0, 0)","(2041.7642677114993, -350.2004404448085, 1, 0, 0, 0, 0, 0, 0)","[array([-0.08727   ,  0.15855621])
 array([[-0.01994751,  0.0032149 ]], dtype=float32)
 array([[-0.05753696,  0.12912317]], dtype=float32)
 array([[-0.0017924 , -0.00108322]], dtype=float32)]","[[ 1.29489805e+00 -1.93613804e+00  4.18433258e-02 -1.30669025e-01
  -7.22223577e-02 -2.41032274e-01]
 [-1.12744591e-01  8.57915019e-02 -2.24983569e+00 -7.96501192e-01
   3.93498938e-01 -3.07564975e-01]
 [-1.11486327e+00  1.29800766e-03 -7.03655722e-01 -2.13437818e+00
  -1.51739834e+00  1.32269459e+00]]",2145.3529066029796,459.2305819466342,1.0764031410217285,End
75,76,"(0, 0, 1, 0, 0, 0, -0.05236, 0, 0)","(1929.0243184745632, -296.10250666166604, 1, 0, 0, 0, 0, 0, 0)","[array([-0.10472   ,  0.12684497])
 array([[-0.02275143,  0.00155881]], dtype=float32)
 array([[-0.05683605,  0.12851846]], dtype=float32)
 array([[-0.00038118,  0.00165821]], dtype=float32)]","[[ 1.12387124 -1.55694367  0.04184333 -0.13066902 -0.07222236 -0.24103227]
 [-0.17659016  0.20962595 -2.30884123 -0.87336942  0.74134494 -0.2902284 ]
 [-1.19353721  0.16179478 -0.89551233 -1.61059709 -1.75151458 -0.20849105]]",2117.0035641882673,404.61523957720243,1.3201181888580322,End
76,77,"(0, 0, 1, 0, 0, 0, -0.05236, 0, 0)","(1999.0374790177286, -87.57090018836608, 1, 0, 0, 0, 0, 0, 0)","[array([-0.08727,  0.     ])
 array([[-0.07528052,  0.00140975]], dtype=float32)
 array([[-0.0551089 ,  0.13445483]], dtype=float32)
 array([[-0.00384333, -0.00078609]], dtype=float32)]","[[ 1.2300814  -0.09526104  0.04184333 -0.13066902 -0.07222236 -0.24103227]
 [ 0.46363201  0.64947645 -0.57965427 -1.46059294  0.10448219 -0.29487983]
 [-0.5447573   0.7119203  -1.28523508 -2.16562989  0.06162347  1.30517204]]",2406.7108005822997,829.5321903005693,1.3882367610931396,End
77,78,"(0, 0, 1, 0, 0, 0, -0.05236, 0, 0)","(1968.3585134530924, -41.45044701809129, 1, 0, 0, 0, 0, 0, 0)","[array([-0.06981,  0.     ])
 array([[-0.06466315,  0.02315551]], dtype=float32)
 array([[-0.05399068,  0.15750223]], dtype=float32)
 array([[-0.00835741,  0.04136944]], dtype=float32)]","[[ 1.18354132  0.22801593  0.04184333 -0.13066902 -0.07222236 -0.24103227]
 [ 0.3491952   0.986793   -0.76450395 -1.60487275  0.28615091  0.14969713]
 [-0.68785772  0.86895203 -1.58754103 -1.46078954 -0.15467624 -0.76899917]]",3807.3935971166075,736.4409199190812,1.7315387725830078,End
78,79,"(0, 0, 1, 0, 0, 0, -0.05236, 0, 0)","(2206.0817387247143, -566.5323070694081, 1, 0, 0, 0, 0, 0, 0)","[array([-0.01745,  0.     ])
 array([[-0.00070539,  0.08650642]], dtype=float32)
 array([[-0.04250404,  0.18611822]], dtype=float32)]","[[ 1.5441681  -3.45249586  0.04184333 -0.13066902 -0.07222236 -0.24103227]
 [ 0.03076025  7.3357646  -6.83097923 -1.19410442  3.73016761  1.28651618]]",669.0129195795812,1551.2144156634756,1.4000766277313232,Error
79,80,"(0, 0, 1, 0, 0, 0, -0.05236, 0, 0)","(2025.8263474712533, 186.8450810421627, 1, 0, 0, 0, 0, 0, 0)","[array([-0.06981   ,  0.15855621])
 array([[-0.03817838,  0.18587336]], dtype=float32)
 array([[-0.06223059,  0.12910257]], dtype=float32)
 array([[-0.00569634, -0.00292772]], dtype=float32)]","[[ 1.27072018  1.82823191  0.04184333 -0.13066902 -0.07222236 -0.24103227]
 [ 0.02477273  1.41090749 -0.29404402  0.0639342  -2.67888323 -1.04116232]
 [-0.81224754  1.86687828 -1.72091296 -2.24921268  1.82564799  1.00778453]]",8185.688195487043,680.4984919475553,2.468261241912842,End
80,81,"(0, 0, 1, 0, 0, 0, -0.05236, 0, 0)","(2279.871956598801, 14.526855584691976, 1, 0, 0, 0, 0, 0, 0)","[array([-0.05236   ,  0.12684497])
 array([[-0.04153804,  0.15389366]], dtype=float32)
 array([[-0.0520891 ,  0.11813488]], dtype=float32)
 array([[-0.02840545,  0.1011538 ]], dtype=float32)]","[[ 1.65610806  0.62038356  0.04184333 -0.13066902 -0.07222236 -0.24103227]
 [ 0.49189794  0.51147009 -0.3917229  -0.34310622 -0.47896419 -0.66684662]
 [-0.51401721  0.69211808 -0.9024101  -1.93650118  0.08402384  0.54166091]]",5099.827154692491,849.6979393177255,2.3677384853363037,End
81,82,"(0, 0, 1, 0, 0, 0, -0.05236, 0, 0)","(2218.1212971906693, 249.23304081064015, 1, 0, 0, 0, 0, 0, 0)","[array([-0.03491   ,  0.19026745])
 array([[-0.03793757,  0.19072649]], dtype=float32)
 array([[-0.05556456,  0.14215906]], dtype=float32)]","[[ 1.56243214  2.26553443  0.04184333 -0.13066902 -0.07222236 -0.24103227]
 [ 0.31337635  1.84719877 -0.39655053 -0.15421562 -3.14106858 -0.58403856]]",6587.014018465292,1407.5718150487508,1.3969204425811768,Error
82,83,"(0, 0, 1, 0, 0, 0, -0.05236, 0, 0)","(2153.0758986128276, 3.704101167649351, 1, 0, 0, 0, 0, 0, 0)","[array([-0.06981,  0.     ])
 array([[-0.04338056,  0.14946365]], dtype=float32)
 array([[-0.05952615,  0.12907386]], dtype=float32)
 array([[-0.00221728, -0.00057875]], dtype=float32)]","[[ 1.4637581   0.54452248  0.04184333 -0.13066902 -0.07222236 -0.24103227]
 [ 0.33490144  0.48201213 -0.43227387 -1.21891097 -0.23970968 -0.24207905]
 [-0.62445205  0.61532815 -1.18971797 -2.24790562  0.03920053  1.21859136]]",5284.14950521092,776.6617413230524,3.2635738849639893,End
83,84,"(0, 0, 1, 0, 0, 0, -0.05236, 0, 0)","(2069.1823378460017, -341.8662268548148, 1, 0, 0, 0, 0, 0, 0)","[array([-0.08727   ,  0.15855621])
 array([[-0.0198673 ,  0.00303954]], dtype=float32)
 array([[-0.05743294,  0.1285021 ]], dtype=float32)
 array([[4.5891851e-05, 1.7360933e-03]], dtype=float32)]","[[ 1.33649134 -1.87772015  0.04184333 -0.13066902 -0.07222236 -0.24103227]
 [-0.07102334  0.18814418 -2.41803076 -0.79616121  0.50649171 -0.32765703]
 [-1.07467117  0.11024054 -0.67575282 -1.58145963 -1.82718222 -0.17082207]]",2116.2638119164326,483.28066159830416,1.2502179145812988,End
84,85,"(0, 0, 1, 0, 0, 0, -0.05236, 0, 0)","(2094.586619843979, -557.4920804151207, 1, 0, 0, 0, 0, 0, 0)","[array([-0.01745,  0.     ])
 array([[-0.00341194,  0.07598599]], dtype=float32)
 array([[-0.08091483, -0.00080544]], dtype=float32)]","[[ 1.3750297  -3.38912925  0.04184333 -0.13066902 -0.07222236 -0.24103227]
 [-0.45428295  4.75659655 -5.66763198 -1.2410051   2.37325515  1.15563617]]",472.7452563781399,1074.8855892632293,1.1987664699554443,Error
85,86,"(0, 0, 1, 0, 0, 0, -0.05236, 0, 0)","(2183.3959084972344, 136.35795402382064, 1, 0, 0, 0, 0, 0, 0)","[array([-0.06981   ,  0.15855621])
 array([[-0.03769321,  0.17854786]], dtype=float32)
 array([[-0.06110652,  0.15143585]], dtype=float32)]","[[ 1.50975363  1.47434715  0.04184333 -0.13066902 -0.07222236 -0.24103227]
 [ 0.25238073  1.12293718 -0.49165814 -1.05856203 -2.33553505 -0.36935067]]",5414.827021467062,1357.2840062647101,2.0077550411224365,Error
86,87,"(0, 0, 1, 0, 0, 0, -0.05236, 0, 0)","(2239.0570041343694, -336.4028775781718, 1, 0, 0, 0, 0, 0, 0)","[array([-0.05236,  0.     ])
 array([[-0.01969606,  0.00266516]], dtype=float32)
 array([[-0.05977362,  0.11423966]], dtype=float32)
 array([[-0.00183349, -0.00221538]], dtype=float32)]","[[ 1.59419167 -1.83942532  0.04184333 -0.13066902 -0.07222236 -0.24103227]
 [ 0.19438392  0.28351611 -2.68706052 -0.81058948  0.79460746 -0.33130855]
 [-0.77566111  0.30372202 -0.34245247 -0.63060505 -1.33637298 -0.75653853]]",1522.6123944946878,677.556424115196,1.2906455993652344,End
87,88,"(0, 0, 1, 0, 0, 0, -0.05236, 0, 0)","(2243.6410839843434, -526.6466137429171, 1, 0, 0, 0, 0, 0, 0)","[array([-0.08727   ,  0.15855621])
 array([[-0.00822795,  0.05726607]], dtype=float32)
 array([[-0.05845021,  0.13749062]], dtype=float32)]","[[ 1.60114573 -3.17292086  0.04184333 -0.13066902 -0.07222236 -0.24103227]
 [-0.22247879  1.50034018 -3.79114149 -1.05720792  1.02686363  0.51082963]]",236.6744208787257,1050.8936863867411,1.1762380599975586,Error
88,89,"(0, 0, 1, 0, 0, 0, -0.05236, 0, 0)","(2033.0106400584814, -26.053353725759546, 1, 0, 0, 0, 0, 0, 0)","[array([-0.10472,  0.     ])
 array([[-0.05094459,  0.12165403]], dtype=float32)
 array([[-0.05581575,  0.13138832]], dtype=float32)
 array([[-0.00060059, -0.00196365]], dtype=float32)]","[[ 1.28161878  0.33594041  0.04184333 -0.13066902 -0.07222236 -0.24103227]
 [ 0.26685724  0.57449413 -1.0431615  -1.32914884  0.75072583  0.39990879]
 [-0.75544934  0.64172109 -1.3643712  -2.09250424 -0.65800315  0.51584086]]",3947.586062107872,690.4099538599238,1.5807905197143555,End
89,90,"(0, 0, 1, 0, 0, 0, -0.05236, 0, 0)","(1980.8719968294608, -24.96415228211188, 1, 0, 0, 0, 0, 0, 0)","[array([-0.08727,  0.     ])
 array([[-0.05043413,  0.12229514]], dtype=float32)
 array([[-0.05451308,  0.107322  ]], dtype=float32)
 array([[-0.00156465, -0.00309766]], dtype=float32)]","[[ 1.20252431  0.34357506  0.04184333 -0.13066902 -0.07222236 -0.24103227]
 [ 0.18202358  0.57422598 -0.99970085 -0.28142945  0.65286667 -1.35192209]
 [-0.82434338  0.79128423 -1.10415781 -1.50219692 -0.42392593 -0.34345744]]",3003.630141174909,645.9446400765681,1.6338365077972412,End
90,91,"(0, 0, 1, 0, 0, 0, -0.05236, 0, 0)","(2169.595036105533, -516.732889541524, 1, 0, 0, 0, 0, 0, 0)","[array([-0.08727   ,  0.15855621])
 array([[-0.01101703,  0.04642485]], dtype=float32)
 array([[-0.05673331,  0.15244186]], dtype=float32)]","[[ 1.48881767 -3.10343154  0.04184333 -0.13066902 -0.07222236 -0.24103227]
 [-0.21710429  0.44563102 -3.15685458 -0.76618065  0.76856448 -0.12896197]]",154.1311055637123,1045.112270376913,0.8732433319091797,Error
91,92,"(0, 0, 1, 0, 0, 0, -0.05236, 0, 0)","(2092.321670774422, -229.71532321872988, 1, 0, 0, 0, 0, 0, 0)","[array([-0.03491,  0.     ])
 array([[-0.04145372,  0.0007144 ]], dtype=float32)
 array([[-0.06633832,  0.02866122]], dtype=float32)
 array([[-0.04849913,  0.11587976]], dtype=float32)
 array([[-0.00225817,  0.00041313]], dtype=float32)]","[[ 1.37159377 -1.09160897  0.04184333 -0.13066902 -0.07222236 -0.24103227]
 [ 0.34428013 -0.09981071 -0.95138229 -1.14496205  0.35706335 -0.14970148]
 [-0.49772886  0.51202366 -0.56945089 -1.67041544  0.34915317  0.34856971]
 [-1.55939839  0.71549553 -1.18117758 -2.06654574  0.18401377  1.28153688]]",1666.02579884531,162.67213457919735,1.6776702404022217,End
92,93,"(0, 0, 1, 0, 0, 0, -0.05236, 0, 0)","(2090.8962178492948, -3.1963755132782925, 1, 0, 0, 0, 0, 0, 0)","[array([-0.03491   ,  0.15855621])
 array([[-0.04497   ,  0.14273508]], dtype=float32)
 array([[-0.05533039,  0.14583652]], dtype=float32)
 array([[-0.00537219, -0.00650245]], dtype=float32)]","[[ 1.36943135  0.49615424  0.04184333 -0.13066902 -0.07222236 -0.24103227]
 [ 0.26916201  0.50991826 -0.5980279  -1.49520276  0.32433471  0.99547195]
 [-0.74903319  0.52103898 -1.52956052 -0.44588112  0.1674879  -1.32183412]]",5773.699579633494,694.4159085404882,1.8782296180725098,End
93,94,"(0, 0, 1, 0, 0, 0, -0.05236, 0, 0)","(1999.7557481416638, -403.59819078546326, 1, 0, 0, 0, 0, 0, 0)","[array([-0.08727   ,  0.15855621])
 array([[-0.02019178,  0.00374896]], dtype=float32)
 array([[-0.06918859,  0.00127159]], dtype=float32)
 array([[-0.00262892, -0.00655203]], dtype=float32)]","[[ 1.23117101 -2.31042454  0.04184333 -0.13066902 -0.07222236 -0.24103227]
 [-0.16171295 -0.43046862 -1.80392025 -0.84144863  0.39423633 -0.18048919]
 [-0.97088907  0.1488496  -0.41511904 -1.43540365  0.5154078  -0.11674526]]",120.05150378873279,550.7013137821868,0.4821324348449707,End
94,95,"(0, 0, 1, 0, 0, 0, -0.05236, 0, 0)","(2172.367671031429, -612.0658804625956, 1, 0, 0, 0, 0, 0, 0)","[array([-0.01745,  0.     ])
 array([[0.00571096, 0.11144693]], dtype=float32)]",[[ 1.49302377 -3.77165915  0.04184333 -0.13066902 -0.07222236 -0.24103227]],0.0,2256.9461535820847,1.0689725875854492,Error
95,96,"(0, 0, 1, 0, 0, 0, -0.05236, 0, 0)","(2173.1157329150315, 159.08190769534582, 1, 0, 0, 0, 0, 0, 0)","[array([-0.06981   ,  0.15855621])
 array([[-0.03797569,  0.18322057]], dtype=float32)
 array([[-0.05396813,  0.15575975]], dtype=float32)]","[[ 1.49415858  1.63362857  0.04184333 -0.13066902 -0.07222236 -0.24103227]
 [ 0.24274455  1.23665113 -0.37055464  0.06271102 -2.4752374  -1.07029058]]",5846.342823182689,1352.077144582363,1.7442128658294678,Error
96,97,"(0, 0, 1, 0, 0, 0, -0.05236, 0, 0)","(2044.1596420687388, -201.10425185352682, 1, 0, 0, 0, 0, 0, 0)","[array([-0.03491   ,  0.12684497])
 array([[-0.05699098,  0.00114017]], dtype=float32)
 array([[-0.06746925, -0.00025923]], dtype=float32)
 array([[-0.0652638 ,  0.12529604]], dtype=float32)
 array([[-0.00175433,  0.00061554]], dtype=float32)]","[[ 1.29853184 -0.89106236  0.04184333 -0.13066902 -0.07222236 -0.24103227]
 [ 0.42425817 -0.06667442 -0.87265461 -1.27614301  0.52308352 -0.29545246]
 [-0.41108266  0.61481859 -0.55755814 -1.40398819  0.24037488 -0.20342648]
 [-1.34245594  0.76534761 -1.01543232 -0.53461164 -0.56440683 -1.62738125]]",2030.5204027639447,305.2718924555719,1.8120300769805908,End
97,98,"(0, 0, 1, 0, 0, 0, -0.05236, 0, 0)","(2251.0620933589344, -212.44196128399557, 1, 0, 0, 0, 0, 0, 0)","[array([-0.03491,  0.     ])
 array([[-0.05844967,  0.00102525]], dtype=float32)
 array([[-0.07159152,  0.00073853]], dtype=float32)
 array([[-0.05975267,  0.13817155]], dtype=float32)
 array([[-0.00346677, -0.00012825]], dtype=float32)]","[[ 1.61240342 -0.97053297  0.04184333 -0.13066902 -0.07222236 -0.24103227]
 [ 0.74733548 -0.15357809 -0.85615178 -1.28774344  0.48900685 -0.30719545]
 [-0.05639444  0.50923065 -0.47711418 -1.4367824   0.29256732 -0.20092391]
 [-1.03398219  0.60291403 -1.40272511 -0.21857406 -0.16743291 -1.86777939]]",2661.633657054819,506.72190197932025,1.3844752311706543,End
98,99,"(0, 0, 1, 0, 0, 0, -0.05236, 0, 0)","(2128.3832489642123, -133.3968437519782, 1, 0, 0, 0, 0, 0, 0)","[array([-0.08727,  0.     ])
 array([[-0.07505675,  0.00107449]], dtype=float32)
 array([[-0.05336903,  0.11730111]], dtype=float32)
 array([[-0.06462169,  0.11763246]], dtype=float32)
 array([[-0.00150008,  0.00126599]], dtype=float32)]","[[ 1.42629928 -0.41647367  0.04184333 -0.13066902 -0.07222236 -0.24103227]
 [ 0.6577148   0.32744091 -0.5599104  -1.45075702  0.09829337 -0.29796398]
 [-0.35283628  0.51541776 -1.15772697 -0.37678353  0.06315996 -1.60107995]
 [-1.2736203   0.60577734 -0.61371253 -1.07894188 -0.39184497 -0.85745612]]",3229.716754499388,348.83281888532656,1.9093670845031738,End
99,100,"(0, 0, 1, 0, 0, 0, -0.05236, 0, 0)","(1952.5001994097288, -235.55011933999745, 1, 0, 0, 0, 0, 0, 0)","[array([-0.01745   ,  0.12684497])
 array([[-0.03683989,  0.0013686 ]], dtype=float32)
 array([[-0.06538821,  0.08276491]], dtype=float32)
 array([[-0.00464382, -0.00289971]], dtype=float32)]","[[ 1.15948422 -1.13250742  0.04184333 -0.13066902 -0.07222236 -0.24103227]
 [ 0.08199817 -0.042597   -1.16348272 -1.09213215  0.28175716 -0.16595637]
 [-0.81017447  0.28800853 -0.61121924 -0.70013022 -0.01858654 -1.14113165]]",653.3621447144309,654.9382599988836,0.8280258178710938,End
