path ID,path,end_message,time,sqrt(trajectory MSE),distance_to_target,mean_distance_in_trajectory,k_value
0,"[[  0.           0.        ]
 [  5.34455689  -1.27365281]
 [ 12.44678369  -2.90045741]
 [ 19.44827348  -3.17255674]
 [ 25.92974648  -3.19225244]
 [ 32.30937008  -3.87158469]
 [ 38.87235245  -4.95255487]
 [ 45.49497535  -5.97045301]
 [ 52.00954677  -6.88346166]
 [ 58.53739547  -7.76532832]
 [ 65.4248197   -8.67337791]
 [ 72.85053754  -9.53975217]
 [ 80.18996824 -10.07825734]
 [ 85.59111638 -10.08999444]]",End,4.01275754,2.846775643,0.839921852,0.791642863,0.108072812
1,"[[  0.           0.        ]
 [  7.07501694  -1.58013924]
 [ 15.61416001  -6.95545035]
 [ 26.68853867 -14.30050467]
 [ 39.53552215 -21.39956163]
 [ 54.37604828 -28.65039157]
 [ 68.77145787 -35.56821892]
 [ 83.26746465 -40.5261004 ]
 [ 96.36311428 -39.53715852]
 [ 98.04349983 -37.85339042]]",End,0.727218866,4.014977334,0.074032366,0.934468467,0.385332614
2,"[[  0.           0.        ]
 [  5.69775965  -1.35650813]
 [ 13.62169847  -6.57326227]
 [ 24.58851038 -13.92264098]
 [ 37.66206825 -21.17247703]
 [ 52.08096554 -28.67023295]
 [ 66.31738651 -35.73701476]
 [ 81.42045499 -39.42958271]
 [ 91.27292194 -37.61696339]]",End,0.580967188,1.913180686,0.764679759,1.554225629,0.403759218
3,"[[ 0.          0.        ]
 [ 7.60572065 -1.11578414]
 [14.4350564  -1.9121298 ]
 [20.10795484 -1.36950918]
 [26.01896799 -1.79672141]
 [32.44229815 -3.0112738 ]
 [39.17714246 -4.16623462]
 [45.81509964 -5.00774612]
 [51.97985696 -5.67790346]
 [57.55169834 -6.24468127]
 [62.64625693 -6.73562343]
 [67.54490657 -7.19360775]
 [72.62863951 -7.68170379]
 [78.28414668 -8.24237085]
 [84.63934108 -8.81692122]
 [91.05615301 -9.17566093]
 [94.83943307 -9.15678468]]",End,1.605241537,5.160975701,1.148985601,0.437338914,0.084435333
4,"[[  0.           0.        ]
 [  4.57171221  -1.03606396]
 [ 11.72583629  -5.89413423]
 [ 22.14177644 -13.44629521]
 [ 34.85343301 -21.44897634]
 [ 48.7445454  -29.23963662]
 [ 64.20647201 -32.61462851]
 [ 69.79178292 -31.61351972]]",End,1.421637058,2.131878996,0.307913944,3.114095593,0.448557186
5,"[[  0.           0.        ]
 [  4.50845826  -1.0320688 ]
 [ 11.68144955  -5.871564  ]
 [ 22.25075109 -13.27749742]
 [ 35.1333219  -21.00937178]
 [ 48.73367656 -28.91038759]
 [ 64.1986813  -33.91484385]
 [ 74.50773286 -33.1137076 ]]",End,1.29617238,1.363052734,0.609506002,1.282921764,0.436252726
6,"[[  0.           0.        ]
 [  5.1928885   -2.77721273]
 [ 12.70895737  -8.72634825]
 [ 23.16025802 -16.98164384]
 [ 35.54184395 -26.16988566]
 [ 48.59600947 -35.9047845 ]
 [ 64.12175083 -43.12390618]
 [ 75.58792719 -43.9298346 ]]",End,0.532880068,1.000536341,0.278169609,1.18862256,0.577495198
7,"[[  0.           0.        ]
 [  4.73645589  -1.58316061]
 [ 12.03256881  -7.00781701]
 [ 22.25967834 -15.10794135]
 [ 34.46948621 -24.08805754]
 [ 47.78058395 -33.36918602]
 [ 63.70783859 -39.06170363]
 [ 71.28862292 -38.99897229]]",End,0.556159735,1.201012362,0.232744009,0.966277931,0.543792637
8,"[[  0.           0.        ]
 [  4.59120085  -1.09182726]
 [ 11.87500907  -6.06138561]
 [ 22.57531844 -13.4817843 ]
 [ 35.58853353 -21.11963882]
 [ 49.20387135 -29.08468919]
 [ 64.12535064 -35.47608981]
 [ 77.83383213 -35.87255629]
 [ 79.70094315 -34.91260454]]",End,0.546057463,1.832559193,0.19157692,1.477410011,0.435641364
9,"[[ 0.00000000e+00 -1.77635684e-15]
 [ 5.74603129e+00 -1.54829630e+00]
 [ 1.36049727e+01 -4.73860320e+00]
 [ 2.30307444e+01 -7.50749112e+00]
 [ 3.24554535e+01 -8.72789419e+00]
 [ 4.10425383e+01 -9.23816216e+00]
 [ 4.89898716e+01 -1.00664768e+01]
 [ 5.69494536e+01 -1.13658487e+01]
 [ 6.53671204e+01 -1.28448057e+01]
 [ 7.39023498e+01 -1.40904398e+01]
 [ 8.14785448e+01 -1.46712838e+01]
 [ 8.69744131e+01 -1.47690812e+01]]",End,0.801210642,13.50374957,0.129687308,3.853452804,0.171300593
10,"[[  0.           0.        ]
 [  4.62284258  -1.20271866]
 [ 11.96930537  -6.36681456]
 [ 22.69230388 -13.96060568]
 [ 35.66644531 -21.83530304]
 [ 49.289486   -30.06746324]
 [ 64.17239811 -36.85719387]
 [ 78.33002003 -37.72722994]
 [ 80.53278852 -36.84945175]]",End,0.703918457,1.276382975,0.204333635,1.427339068,0.455033518
11,"[[ 7.10542736e-15  0.00000000e+00]
 [ 5.39862011e+00 -1.70087348e+00]
 [ 1.30832541e+01 -7.13380597e+00]
 [ 2.37808447e+01 -1.45621896e+01]
 [ 3.73890638e+01 -2.11637833e+01]
 [ 5.05293506e+01 -2.28649058e+01]
 [ 5.30912767e+01 -2.17800786e+01]]",End,0.715055943,2.241525074,0.209122345,2.408247672,0.406299446
12,"[[-7.10542736e-15  0.00000000e+00]
 [ 5.10416022e+00 -1.81144903e+00]
 [ 1.30614181e+01 -6.54861506e+00]
 [ 2.40795835e+01 -1.22933363e+01]
 [ 3.69110245e+01 -1.73388536e+01]
 [ 4.99750664e+01 -1.90099632e+01]
 [ 5.65461882e+01 -1.69233246e+01]]",End,0.43487978,0.998493564,0.730314872,0.174581107,0.286367838
13,"[[  0.           0.        ]
 [  4.72668406  -1.59166696]
 [ 12.47605141  -5.91924964]
 [ 23.52677148 -11.34248173]
 [ 36.26561026 -16.58089486]
 [ 49.05635564 -21.1426305 ]
 [ 61.68643449 -23.7752206 ]
 [ 72.93417279 -23.23495104]
 [ 76.97569399 -21.34833888]]",End,0.982596397,2.169087976,0.225381493,1.514000334,0.274410743
14,"[[ 0.          0.        ]
 [ 4.05345819 -1.44850049]
 [11.65685941 -4.03582687]
 [20.64996224 -6.04332226]
 [29.37522642 -7.06145255]
 [37.5893388  -7.77932193]
 [45.40927489 -8.67693449]
 [52.87497526 -9.50601617]
 [59.5198414  -9.86601643]
 [64.3554069  -9.78614939]
 [65.74579444 -9.62554818]]",End,1.745721102,5.115313147,0.429781952,1.661732353,0.139868509
15,"[[ 0.00000000e+00  8.88178420e-16]
 [ 4.80481769e+00 -1.23010768e+00]
 [ 1.23594941e+01 -3.39124271e+00]
 [ 2.08293393e+01 -5.08014304e+00]
 [ 2.91738101e+01 -6.02902811e+00]
 [ 3.73048409e+01 -6.67305869e+00]
 [ 4.48257050e+01 -7.07327670e+00]
 [ 5.11305993e+01 -7.00195680e+00]
 [ 5.53796187e+01 -6.64420847e+00]]",End,0.934240103,5.208158719,0.58023351,1.414716684,0.109498315
16,"[[  0.           0.        ]
 [  5.05049205  -1.36217923]
 [ 12.57978538  -5.87718667]
 [ 23.48528506 -12.20848654]
 [ 36.67765481 -18.50886812]
 [ 50.10827909 -24.92613762]
 [ 63.93129612 -30.09301219]
 [ 77.90680916 -30.4376744 ]
 [ 82.26182227 -27.92849677]]",End,0.772448778,1.1520022,0.280429689,1.58905079,0.336098403
17,"[[ 0.00000000e+00  3.55271368e-15]
 [ 4.93553487e+00 -1.28870770e+00]
 [ 1.23896390e+01 -5.85012396e+00]
 [ 2.32626928e+01 -1.23771033e+01]
 [ 3.64885462e+01 -1.89044404e+01]
 [ 4.99992257e+01 -2.56097559e+01]
 [ 6.40889441e+01 -3.09962403e+01]
 [ 7.80605405e+01 -3.11123170e+01]
 [ 8.15371110e+01 -2.88618369e+01]]",End,0.535495281,0.821068983,0.201399045,1.152800509,0.351501759
18,"[[  0.           0.        ]
 [  5.31349553  -1.58527362]
 [ 13.19551756  -5.08750168]
 [ 23.16580983  -8.52448482]
 [ 33.49657097 -10.54549081]
 [ 43.26288477 -11.53265198]
 [ 52.3365244  -12.46708966]
 [ 60.95147346 -13.70343345]
 [ 69.16662833 -14.85950423]
 [ 76.51687264 -15.51489418]
 [ 82.1535289  -15.78050159]
 [ 84.24260626 -16.0874593 ]]",End,1.40738821,12.64984148,0.006226828,4.788869336,0.190891915
19,"[[  0.           0.        ]
 [  4.61688255  -1.33844202]
 [ 11.96451988  -6.64688438]
 [ 22.63972269 -14.40165946]
 [ 35.50455731 -22.56918087]
 [ 49.01201455 -31.11968985]
 [ 64.07850294 -37.97288687]
 [ 77.71212769 -38.737822  ]
 [ 79.2256928  -38.13662942]]",End,0.64331913,0.45020153,0.202288771,0.491630746,0.478813618
20,"[[ 0.00000000e+00 -7.10542736e-15]
 [ 5.70944060e+00 -2.46182254e+00]
 [ 1.38906410e+01 -8.62338802e+00]
 [ 2.51411075e+01 -1.66753668e+01]
 [ 3.83002141e+01 -2.49694451e+01]
 [ 5.28642199e+01 -3.35449806e+01]
 [ 6.71469281e+01 -4.13113570e+01]
 [ 8.27163239e+01 -4.51972709e+01]
 [ 9.10346682e+01 -4.40512849e+01]]",End,0.76257658,2.359805225,0.383422076,0.606567465,0.479683879
21,"[[ 0.00000000e+00  1.77635684e-15]
 [ 5.36267399e+00 -1.87779497e+00]
 [ 1.33740135e+01 -6.60674830e+00]
 [ 2.43049584e+01 -1.21348203e+01]
 [ 3.70739034e+01 -1.64471885e+01]
 [ 4.91031117e+01 -1.68183957e+01]
 [ 5.24098555e+01 -1.49353751e+01]]",End,0.530483007,1.456443186,0.302191587,0.427256363,0.279206713
22,"[[  0.           0.        ]
 [  4.95849365  -1.15333103]
 [ 12.43066331  -6.0526073 ]
 [ 23.24773067 -13.22766244]
 [ 36.40040532 -20.4094426 ]
 [ 50.28303802 -27.89945702]
 [ 64.64525287 -34.58457957]
 [ 79.65919147 -36.27185167]
 [ 84.74930669 -34.43701617]]",End,0.522029161,1.67385077,0.310952064,1.495417425,0.402670717
23,"[[  0.           0.        ]
 [  5.67487106  -3.42730475]
 [ 13.61062985  -9.82960577]
 [ 24.72446436 -18.10214875]
 [ 37.82624537 -26.9071583 ]
 [ 51.85644444 -36.14242259]
 [ 66.19289088 -44.21090863]
 [ 81.80267323 -47.19321852]
 [ 86.50167202 -46.50669756]]",End,3.536517143,1.627405635,0.206204068,1.46781429,0.535255474
24,"[[ 0.00000000e+00  3.55271368e-15]
 [ 5.03049867e+00 -1.29268924e+00]
 [ 1.25131646e+01 -5.85632166e+00]
 [ 2.33786926e+01 -1.23814099e+01]
 [ 3.65969085e+01 -1.88760153e+01]
 [ 5.01466927e+01 -2.55655482e+01]
 [ 6.41480984e+01 -3.11272871e+01]
 [ 7.83998482e+01 -3.16773455e+01]
 [ 8.27292693e+01 -2.92753479e+01]]",End,0.515654325,1.056709319,0.273434861,1.30394364,0.350564114
25,"[[  0.           0.        ]
 [  5.78839352  -2.37006856]
 [ 14.02791699  -8.50241738]
 [ 25.29474002 -16.52141226]
 [ 38.44360517 -24.73827017]
 [ 53.0879396  -33.2158442 ]
 [ 67.38375564 -40.93080529]
 [ 82.87966741 -44.98416723]
 [ 91.87427571 -43.79379901]]",End,1.117835999,3.126129837,0.444358277,1.89861899,0.471834367
26,"[[  0.           0.        ]
 [  4.92944486  -1.52270943]
 [ 12.27031771  -7.05813109]
 [ 21.64698869 -15.96993412]
 [ 33.56910259 -26.24182911]
 [ 48.59693835 -34.20220904]
 [ 55.95618281 -35.41863218]]",End,0.965945721,1.367729144,0.199665397,1.97731385,0.629402597
27,"[[  0.           0.        ]
 [  4.58101904  -1.16478469]
 [ 11.84210084  -5.85440936]
 [ 22.57146611 -12.84838327]
 [ 35.65827017 -20.07793131]
 [ 49.31212079 -27.23951381]
 [ 64.46687603 -30.99117546]
 [ 73.3343924  -29.41756806]]",End,1.113032341,1.698024984,0.66578463,2.090043845,0.392064112
28,"[[  0.           0.        ]
 [  5.13070914  -1.30471316]
 [ 12.44952985  -6.67754459]
 [ 22.44748286 -15.10206634]
 [ 35.5564385  -23.72401944]
 [ 50.2780137  -28.24788368]
 [ 54.84089945 -27.92766008]]",End,0.696687698,0.908481097,0.235263853,1.198885405,0.504958826
29,"[[ 7.10542736e-15  0.00000000e+00]
 [ 5.16646084e+00 -1.49970006e+00]
 [ 1.26887815e+01 -6.72040589e+00]
 [ 2.32402505e+01 -1.42366327e+01]
 [ 3.65270403e+01 -2.16295616e+01]
 [ 5.11230461e+01 -2.53032291e+01]
 [ 5.74932252e+01 -2.42631280e+01]]",End,0.616080761,1.179336889,0.417528454,0.735835431,0.414754947
30,"[[  0.           0.        ]
 [  7.24821063  -2.44063891]
 [ 16.29880068  -8.72663805]
 [ 27.79121621 -16.70924576]
 [ 40.72882571 -24.66116482]
 [ 55.96476171 -32.72391439]
 [ 70.61611852 -40.14941394]
 [ 85.40150341 -45.49972049]
 [ 98.39408093 -44.79771591]
 [ 99.86737609 -43.64043258]]",End,0.849779367,4.214116549,0.123324637,1.272405347,0.435748987
31,"[[ 0.00000000e+00  3.55271368e-15]
 [ 8.51600489e+00 -1.77872243e+00]
 [ 1.70301595e+01 -6.22770943e+00]
 [ 2.76512526e+01 -1.20612094e+01]
 [ 3.99213380e+01 -1.74017271e+01]
 [ 5.32176142e+01 -2.24317347e+01]
 [ 6.62110485e+01 -2.65081292e+01]
 [ 7.81890960e+01 -2.91623293e+01]
 [ 8.96025128e+01 -2.98776886e+01]
 [ 9.77038399e+01 -2.87381753e+01]
 [ 9.90835470e+01 -2.81159719e+01]]",End,1.1002388,3.801593903,0.192026803,0.683245014,0.285698277
32,"[[  0.           0.        ]
 [  5.42000854  -1.23971741]
 [ 13.05550143  -6.01923579]
 [ 23.8939591  -12.92448807]
 [ 37.04542502 -19.70478967]
 [ 51.0357208  -26.75350495]
 [ 65.09763867 -33.27915884]
 [ 80.04212636 -35.78533411]
 [ 87.85748314 -33.48042581]]",End,0.762797356,1.06798788,0.621219892,0.957609343,0.374005773
33,"[[  0.           0.        ]
 [  4.85659663  -1.27910941]
 [ 12.37804104  -6.5193729 ]
 [ 23.22974802 -14.06531207]
 [ 36.31519112 -21.76243063]
 [ 50.22261967 -29.79419979]
 [ 64.72843604 -36.90968971]
 [ 79.91323371 -38.86068561]
 [ 84.50727895 -37.51891712]]",End,1.834472895,0.939497806,0.26472207,1.431035037,0.440840073
34,"[[  0.           0.        ]
 [  4.91005652  -1.72312597]
 [ 12.879414    -5.54665873]
 [ 23.34717685  -9.69846842]
 [ 34.92100542 -12.9290875 ]
 [ 46.21967697 -14.1092885 ]
 [ 54.49534396 -12.89670411]
 [ 56.10859428 -11.74640368]]",End,1.204238653,2.032187358,0.183031659,0.672066162,0.206089141
35,"[[ 0.00000000e+00  1.77635684e-15]
 [ 4.24605282e+00 -1.62063963e+00]
 [ 1.20931680e+01 -5.11452322e+00]
 [ 2.23627257e+01 -8.69714223e+00]
 [ 3.33596220e+01 -1.13648197e+01]
 [ 4.40494055e+01 -1.29928670e+01]
 [ 5.35247084e+01 -1.36558836e+01]
 [ 6.10368971e+01 -1.33614081e+01]
 [ 6.55658113e+01 -1.27585126e+01]]",End,1.304516792,1.057519388,0.338801496,0.990190242,0.189423587
36,"[[ 0.00000000e+00  7.10542736e-15]
 [ 5.14652768e+00 -4.59068840e+00]
 [ 1.30639444e+01 -1.10709063e+01]
 [ 2.18882770e+01 -2.05598793e+01]
 [ 3.31466638e+01 -3.25309385e+01]
 [ 4.70750469e+01 -4.24248856e+01]
 [ 5.06449879e+01 -4.41851187e+01]]",End,1.03913784,2.662861287,0.098624384,4.592031278,0.870500639
37,"[[  0.           0.        ]
 [  5.03089599  -2.00867738]
 [ 12.4907423   -7.68455028]
 [ 21.82250732 -16.52566715]
 [ 33.3099295  -26.9930578 ]
 [ 47.99551498 -36.20793149]
 [ 58.08882092 -38.56990713]]",End,0.822970867,1.146268928,0.216883919,1.25132021,0.66024792
38,"[[  0.           0.        ]
 [  4.71634324  -1.54042065]
 [ 12.37983866  -5.97975871]
 [ 23.45782795 -11.76456219]
 [ 36.44360292 -17.53218166]
 [ 49.46767474 -22.8527787 ]
 [ 62.83764241 -25.91213334]
 [ 74.28550776 -24.63671408]
 [ 76.26812998 -22.71867946]]",End,0.800496817,1.118823262,0.067527577,1.26739784,0.296993671
39,"[[  0.           0.        ]
 [  5.80486946  -1.45064834]
 [ 13.84378272  -6.82336432]
 [ 24.87214924 -14.29166766]
 [ 37.93051265 -21.68060342]
 [ 52.46755998 -29.30401339]
 [ 66.74410797 -36.47862523]
 [ 81.85454918 -40.44514037]
 [ 92.22788817 -38.77730044]]",End,0.753308296,6.096208009,0.793990525,1.844293211,0.411841913
40,"[[  0.           0.        ]
 [  4.57939113  -1.6842503 ]
 [ 12.43552356  -6.11723228]
 [ 23.54072613 -11.5470959 ]
 [ 36.2366538  -16.74069614]
 [ 49.0908057  -20.37495315]
 [ 61.17074533 -20.35427612]
 [ 65.75562574 -18.14297039]]",End,0.647477627,1.509452361,0.443264629,0.712565136,0.269174015
41,"[[ 0.          0.        ]
 [ 3.97648237 -1.0483283 ]
 [11.07406694 -2.42469728]
 [18.10487362 -2.64444458]
 [23.88423884 -2.44514592]
 [29.21716072 -2.75715869]
 [34.81079634 -3.65500843]
 [41.19068406 -4.76619197]
 [48.27815453 -5.82824135]
 [55.42418111 -6.53727715]
 [61.53829804 -6.657025  ]
 [65.14190375 -6.42046451]]",End,1.26017499,2.384070483,0.8607432,0.583742941,0.085347848
42,"[[ 0.00000000e+00  3.55271368e-15]
 [ 4.77814610e+00 -1.47837917e+00]
 [ 1.23686398e+01 -5.95747380e+00]
 [ 2.34027423e+01 -1.19703195e+01]
 [ 3.65061204e+01 -1.80135790e+01]
 [ 4.96706026e+01 -2.38365369e+01]
 [ 6.33790709e+01 -2.75395487e+01]
 [ 7.55188593e+01 -2.63808637e+01]
 [ 7.75168336e+01 -2.43559851e+01]]",End,1.165452003,1.093684441,0.075865466,1.42430961,0.313223831
43,"[[ 0.          0.        ]
 [ 6.62040054 -1.07943694]
 [13.30336    -1.8237217 ]
 [18.90835883 -1.16790382]
 [24.58883274 -1.46962388]
 [30.79709155 -2.631236  ]
 [37.35290238 -3.78338866]
 [43.83681769 -4.62358157]
 [49.87476196 -5.28656495]
 [55.3716596  -5.85004268]
 [60.47825567 -6.35243049]
 [65.5110204  -6.84262848]
 [70.86961749 -7.38042432]
 [76.88898041 -7.9808671 ]
 [83.46039119 -8.51614528]
 [89.54954448 -8.72365162]
 [91.26297795 -8.60458832]]",End,1.622388124,5.27698023,1.08731842,0.528103443,0.082369325
44,"[[ 7.10542736e-15  0.00000000e+00]
 [ 5.23271310e+00 -1.63495698e+00]
 [ 1.28936264e+01 -6.86724682e+00]
 [ 2.36373751e+01 -1.40539914e+01]
 [ 3.70038875e+01 -2.08594557e+01]
 [ 5.11731616e+01 -2.36190062e+01]
 [ 5.65426085e+01 -2.22283266e+01]]",End,0.551043987,0.800582977,0.389289375,0.682992337,0.386240356
45,"[[  0.           0.        ]
 [  5.2389224   -1.42509066]
 [ 12.64640535  -6.88044198]
 [ 22.82888545 -15.16830858]
 [ 36.24272593 -23.26566335]
 [ 50.31427938 -26.66684569]
 [ 53.50307045 -26.11528514]]",End,0.617867947,0.634580985,0.21018211,0.927032872,0.484179745
46,"[[  0.           0.        ]
 [  4.63011951  -1.10936014]
 [ 11.94661599  -6.10194847]
 [ 22.6738155  -13.51847954]
 [ 35.71248206 -21.12729687]
 [ 49.3692333  -29.06940887]
 [ 64.18486415 -35.61202967]
 [ 78.30478659 -36.27427642]
 [ 80.6518767  -35.19777306]]",End,0.742051601,1.89696413,0.199605789,1.477976945,0.433941139
47,"[[  0.           0.        ]
 [  5.86050858  -4.26525033]
 [ 13.56238474 -10.68416376]
 [ 24.24181962 -19.08964361]
 [ 36.85359988 -28.40114827]
 [ 50.02855971 -38.34094701]
 [ 65.01035692 -46.35620385]
 [ 78.54268846 -48.04164944]
 [ 79.51979323 -47.88291238]]",End,0.867142439,1.506353133,0.185203269,0.812020523,0.599821845
48,"[[ 0.00000000e+00  1.77635684e-15]
 [ 6.96688553e+00 -1.42501394e+00]
 [ 1.46145961e+01 -3.73290829e+00]
 [ 2.25381559e+01 -4.93590836e+00]
 [ 3.02002965e+01 -5.20627467e+00]
 [ 3.75082170e+01 -5.76680087e+00]
 [ 4.47796149e+01 -6.81416789e+00]
 [ 5.20346810e+01 -7.94948163e+00]
 [ 5.92231495e+01 -9.04507269e+00]
 [ 6.65292460e+01 -1.01388582e+01]
 [ 7.42936742e+01 -1.12496863e+01]
 [ 8.24412744e+01 -1.22002834e+01]
 [ 8.98105926e+01 -1.26132995e+01]
 [ 9.25900859e+01 -1.25567480e+01]]",End,1.71998477,9.899119212,0.456306834,1.159054915,0.130688302
49,"[[  0.           0.        ]
 [  5.17684634  -2.42792155]
 [ 12.67510136  -8.17838838]
 [ 22.31658454 -16.73404246]
 [ 33.75784542 -26.77689822]
 [ 47.46847946 -36.78323443]
 [ 62.08984355 -41.23436512]
 [ 64.05222515 -41.17507473]]",End,1.265100718,1.388306792,0.129997583,1.518554576,0.640806421
50,"[[  0.           0.        ]
 [  5.27976091  -2.96993839]
 [ 12.92801838  -8.92868395]
 [ 22.14232006 -17.85050865]
 [ 33.3165191  -28.67592308]
 [ 47.68523276 -38.70094103]
 [ 58.112373   -41.79519546]]",End,0.763708115,0.781700185,0.187036682,0.506597142,0.715994833
51,"[[  0.           0.        ]
 [  5.45556147  -1.33850831]
 [ 13.08083151  -5.91026497]
 [ 23.92541046 -12.39444715]
 [ 37.07973816 -18.74721464]
 [ 50.76718901 -25.29965945]
 [ 64.52422981 -31.14611067]
 [ 79.04163467 -33.02305694]
 [ 86.55460095 -30.42708145]]",End,0.585958481,1.123675977,0.671039536,1.825772703,0.34378348
52,"[[-7.10542736e-15  0.00000000e+00]
 [ 5.04120693e+00 -3.25726645e+00]
 [ 1.27650948e+01 -9.41718048e+00]
 [ 2.17252422e+01 -1.87652655e+01]
 [ 3.31519130e+01 -3.02937293e+01]
 [ 4.75115263e+01 -3.96363662e+01]
 [ 5.21544330e+01 -4.12758350e+01]]",End,0.428980827,0.807609131,0.118808241,0.870435459,0.78913765
53,"[[  0.           0.        ]
 [  5.50312905  -1.7908658 ]
 [ 13.25089928  -7.33603303]
 [ 24.02538801 -14.73002291]
 [ 37.77339915 -20.82990019]
 [ 49.53530949 -21.70844764]
 [ 50.74121733 -20.82222081]]",End,0.514208555,2.132701588,0.155465209,2.285084998,0.407297197
54,"[[  0.           0.        ]
 [  6.281027    -4.98722522]
 [ 14.1855393  -11.70428599]
 [ 25.20483265 -20.17315852]
 [ 38.18371264 -29.36916568]
 [ 51.91111339 -39.12468508]
 [ 66.3170752  -47.47544176]
 [ 81.62956606 -50.21847022]
 [ 84.82845568 -49.82941583]]",End,0.615237713,2.842543525,0.177377067,2.790277439,0.585322913
55,"[[  0.           0.        ]
 [  7.66437795  -1.75010605]
 [ 16.00931174  -5.76331172]
 [ 26.31137743 -10.31136703]
 [ 37.45606692 -13.71292176]
 [ 48.68974803 -15.74513215]
 [ 59.29318271 -16.90362897]
 [ 68.77545976 -18.02071557]
 [ 77.19627257 -19.04850548]
 [ 84.63740392 -19.73364071]
 [ 90.80612298 -20.24426695]
 [ 94.77725567 -20.91786649]]",End,2.083998442,14.39502478,0.395275261,2.151865662,0.224876122
56,"[[  0.           0.        ]
 [  4.09038198  -1.45766422]
 [ 11.6289287   -4.08721589]
 [ 20.53007871  -5.99371388]
 [ 28.98632969  -6.74439676]
 [ 36.63693624  -7.24987571]
 [ 43.96536766  -8.18333284]
 [ 51.5818069   -9.43347005]
 [ 59.42661496 -10.59263291]
 [ 66.70707124 -11.21045954]
 [ 72.2900622  -11.24630835]
 [ 74.06906173 -11.19452792]]",End,0.977881193,4.343084438,0.408266643,1.488178987,0.145624381
57,"[[ 0.00000000e+00  3.55271368e-15]
 [ 4.68109454e+00 -1.43054586e+00]
 [ 1.22010661e+01 -5.97803144e+00]
 [ 2.32160870e+01 -1.22183207e+01]
 [ 3.63843756e+01 -1.85679698e+01]
 [ 4.96797227e+01 -2.46878907e+01]
 [ 6.38735883e+01 -2.80810912e+01]
 [ 7.46345737e+01 -2.61975529e+01]
 [ 7.52323409e+01 -2.48069531e+01]]",End,1.011349201,1.065650439,0.036469046,1.374839781,0.329253134
58,"[[-7.10542736e-15  0.00000000e+00]
 [ 5.22310120e+00 -1.71421364e+00]
 [ 1.29870975e+01 -6.87015267e+00]
 [ 2.38765513e+01 -1.36896418e+01]
 [ 3.71811223e+01 -2.00200287e+01]
 [ 5.10913279e+01 -2.23766619e+01]
 [ 5.65770325e+01 -2.06959510e+01]]",End,0.859758854,1.43721343,0.439877646,2.552489342,0.358026438
59,"[[  0.           0.        ]
 [  5.42187234  -3.20817446]
 [ 13.13270981  -9.43036931]
 [ 24.00028861 -17.68213612]
 [ 36.8847828  -26.61598905]
 [ 50.42512095 -36.05846666]
 [ 65.11085791 -43.98505206]
 [ 79.86239787 -46.03330889]
 [ 82.19276243 -45.62164679]]",End,0.83099556,2.828277586,0.191558097,2.100582676,0.552726145
60,"[[ 7.10542736e-15  0.00000000e+00]
 [ 5.33170553e+00 -2.89869829e+00]
 [ 1.29342958e+01 -8.79818483e+00]
 [ 2.23721764e+01 -1.75157415e+01]
 [ 3.35995157e+01 -2.79424406e+01]
 [ 4.75116952e+01 -3.81584451e+01]
 [ 6.09135300e+01 -4.22434569e+01]
 [ 6.17026851e+01 -4.21836344e+01]]",End,0.793135166,0.970951992,0.113148629,0.833281577,0.681825852
61,"[[  0.           0.        ]
 [  4.52776366  -1.11300091]
 [ 11.70970383  -6.19014209]
 [ 22.11520363 -13.95835466]
 [ 34.69034942 -22.28097328]
 [ 48.19009446 -30.82304178]
 [ 63.96004618 -36.14863773]
 [ 72.98756413 -35.73183743]]",End,0.887650728,1.447132544,0.378084347,1.750951355,0.484380504
62,"[[ 0.00000000e+00 -1.77635684e-15]
 [ 4.65068387e+00 -1.53327519e+00]
 [ 1.23769271e+01 -4.68863806e+00]
 [ 2.19604787e+01 -7.46841102e+00]
 [ 3.15643486e+01 -8.86195271e+00]
 [ 4.04076261e+01 -9.56113627e+00]
 [ 4.86814008e+01 -1.04879871e+01]
 [ 5.68734238e+01 -1.17623821e+01]
 [ 6.50032675e+01 -1.29628134e+01]
 [ 7.24023842e+01 -1.36230272e+01]
 [ 7.80443958e+01 -1.37697021e+01]
 [ 7.99052675e+01 -1.39038832e+01]]",End,0.83588624,9.837801761,0.173948673,1.386152795,0.171827652
63,"[[ 0.00000000e+00  8.88178420e-16]
 [ 4.59578521e+00 -1.36220082e+00]
 [ 1.22327820e+01 -3.79449682e+00]
 [ 2.10749067e+01 -5.79169008e+00]
 [ 2.98858750e+01 -6.96102393e+00]
 [ 3.84011125e+01 -7.71489647e+00]
 [ 4.61929800e+01 -8.18327202e+00]
 [ 5.27500811e+01 -8.15635372e+00]
 [ 5.68546733e+01 -7.80826250e+00]
 [ 5.75672043e+01 -7.56956366e+00]]",End,0.895572901,1.020949879,0.342314596,0.55351018,0.125544555
64,"[[  0.           0.        ]
 [  5.61977286  -1.9439697 ]
 [ 13.55513393  -7.32577744]
 [ 24.55008199 -13.89130556]
 [ 38.0504982  -18.6025682 ]
 [ 48.26830617 -18.39868476]
 [ 48.8112156  -17.46163437]]",End,0.753910303,0.871056853,0.115057337,0.461770077,0.355380968
65,"[[ 0.00000000e+00 -8.88178420e-16]
 [ 3.96088666e+00 -1.02435113e+00]
 [ 1.10191956e+01 -2.33365496e+00]
 [ 1.79285151e+01 -2.45299842e+00]
 [ 2.35474064e+01 -2.20394318e+00]
 [ 2.87419345e+01 -2.51416301e+00]
 [ 3.42183989e+01 -3.41356287e+00]
 [ 4.04794902e+01 -4.51306922e+00]
 [ 4.74892282e+01 -5.58228880e+00]
 [ 5.47022844e+01 -6.35753264e+00]
 [ 6.10739006e+01 -6.56632715e+00]
 [ 6.54565092e+01 -6.34891272e+00]]",End,1.598287106,2.024817931,0.918420417,0.606085015,0.082963366
66,"[[  0.           0.        ]
 [  5.18145135  -1.75443432]
 [ 13.16824982  -5.65319787]
 [ 23.6141594   -9.87771664]
 [ 35.25782183 -13.00562569]
 [ 46.45646715 -13.60045027]
 [ 53.04666591 -11.95986306]]",End,0.992982864,1.406077308,0.803591159,1.111871373,0.21031052
67,"[[  0.           0.        ]
 [  5.59293122  -1.88293738]
 [ 13.3991488   -7.5438443 ]
 [ 24.27455477 -14.87916779]
 [ 38.08551023 -20.35970941]
 [ 48.21493949 -20.56021465]]",End,0.344592571,1.025838428,0.75872399,0.790770272,0.410692015
68,"[[  0.           0.        ]
 [  5.33215697  -1.5406923 ]
 [ 13.16453759  -4.6236774 ]
 [ 22.76140378  -7.66814764]
 [ 33.08863508  -9.65728129]
 [ 42.91759646 -10.00039118]
 [ 49.51966025  -8.91939214]
 [ 50.75547769  -8.20017092]]",End,0.578464031,4.359885317,0.20256736,2.320322537,0.15757124
69,"[[ 0.          0.        ]
 [ 4.53056083 -1.48108674]
 [12.2705474  -4.26680166]
 [21.60047604 -6.76473535]
 [31.15979112 -8.3634019 ]
 [40.36906838 -9.29060915]
 [48.56906453 -9.65414384]
 [55.03657978 -9.38636326]
 [58.66248155 -8.94143431]]",End,0.664438963,3.325517792,0.44233851,1.295906325,0.144881287
70,"[[  0.           0.        ]
 [  5.7070856   -1.99714943]
 [ 13.71700821  -7.1845746 ]
 [ 24.73150397 -13.16143407]
 [ 37.89005442 -16.93315533]
 [ 46.95093258 -16.20699952]]",End,0.664288282,0.892726713,0.915185905,0.971398905,0.325697761
71,"[[ 0.00000000e+00 -8.88178420e-16]
 [ 3.89613547e+00 -1.23122742e+00]
 [ 1.10519747e+01 -2.92033137e+00]
 [ 1.84584323e+01 -3.41174223e+00]
 [ 2.47717876e+01 -3.33404837e+00]
 [ 3.05026922e+01 -3.69081631e+00]
 [ 3.63208731e+01 -4.61727218e+00]
 [ 4.27203179e+01 -5.74348381e+00]
 [ 4.98212256e+01 -6.88859427e+00]
 [ 5.73893767e+01 -7.87519418e+00]
 [ 6.45620821e+01 -8.38387345e+00]
 [ 7.00540998e+01 -8.31330085e+00]
 [ 7.11705266e+01 -8.12342715e+00]]",End,1.671450377,1.865895515,0.69617775,0.548946688,0.1043585
72,"[[  0.           0.        ]
 [  5.96350883  -2.05067638]
 [ 13.97966459  -6.81514219]
 [ 24.81564267 -11.53428531]
 [ 36.31811404 -13.17487722]
 [ 40.09831481 -12.1002054 ]]",End,0.758007526,1.020416081,0.273193292,1.557559776,0.294950353
73,"[[  0.           0.        ]
 [  5.48190258  -1.7701204 ]
 [ 13.21409306  -7.29493939]
 [ 23.96656072 -14.71058575]
 [ 37.69257564 -20.93841669]
 [ 49.77944287 -21.98644943]
 [ 51.22513323 -21.05964971]]",End,0.803462505,1.57983736,0.163908822,0.907253235,0.407919698
74,"[[ 0.          0.        ]
 [ 6.02180022 -1.48619321]
 [13.76007469 -4.50181167]
 [23.16690308 -7.38585575]
 [33.43239179 -8.73748024]
 [41.62334196 -7.98019594]
 [43.60367026 -7.0197893 ]]",End,1.2369771,2.872005573,0.198027121,0.74767975,0.156449265
75,"[[  0.           0.        ]
 [  4.11312955  -1.40927502]
 [ 11.54331406  -3.78126855]
 [ 19.99709478  -5.23840088]
 [ 27.7842121   -5.65271207]
 [ 34.74885302  -6.05257808]
 [ 41.48618624  -6.97157983]
 [ 48.65850636  -8.2121997 ]
 [ 56.43710982  -9.48998257]
 [ 64.28706504 -10.43797257]
 [ 71.07373438 -10.72829435]
 [ 75.17393365 -10.60790524]]",End,1.999338627,3.498708562,0.502001612,0.958039461,0.134433615
76,"[[  0.           0.        ]
 [  4.80731241  -1.5280233 ]
 [ 12.46489163  -5.95589908]
 [ 23.51511454 -11.75671136]
 [ 36.50833137 -17.52253004]
 [ 49.54944334 -22.93896118]
 [ 62.86794876 -26.37477633]
 [ 75.00373264 -25.57515035]
 [ 77.96030811 -23.41678458]]",End,0.920227289,1.255383203,0.14149814,1.96225648,0.298553033
77,"[[  0.           0.        ]
 [  4.49701881  -1.69156052]
 [ 12.39009022  -5.92705216]
 [ 23.38900623 -10.92927658]
 [ 35.79738596 -15.50528799]
 [ 48.20806661 -18.55875274]
 [ 59.63856904 -18.71703552]
 [ 65.56259185 -16.81879919]]",End,0.82590127,0.799159147,0.634814882,0.846888924,0.246847842
78,"[[  0.           0.        ]
 [  4.5815082   -1.59112708]
 [ 12.29924376  -6.07258093]
 [ 23.43095117 -11.81251035]
 [ 36.36376308 -17.53882594]
 [ 49.39076659 -22.41986376]
 [ 62.72411922 -24.13667879]
 [ 71.45203777 -21.90119987]]",End,0.724518538,3.172499149,1.077613628,2.131043358,0.291434463
79,"[[  0.           0.        ]
 [  5.66969002  -1.97198594]
 [ 13.58003463  -7.5456357 ]
 [ 24.59075508 -14.38830315]
 [ 38.20271687 -19.01274816]
 [ 46.98926998 -18.67102494]]",End,0.579963684,1.31371104,0.716846,1.222751183,0.382091038
80,"[[ 0.00000000e+00 -3.55271368e-15]
 [ 4.60697594e+00 -1.56573845e+00]
 [ 1.22820987e+01 -6.11896522e+00]
 [ 2.34030954e+01 -1.20675166e+01]
 [ 3.64249673e+01 -1.80749395e+01]
 [ 4.96156156e+01 -2.32516566e+01]
 [ 6.32871030e+01 -2.48187009e+01]
 [ 7.07085608e+01 -2.23666859e+01]]",End,0.911231756,1.438277989,0.812096891,0.515591897,0.30483705
81,"[[  0.           0.        ]
 [  5.24514355  -1.75575834]
 [ 13.06031312  -6.88799227]
 [ 23.99673614 -13.54903919]
 [ 37.27645376 -19.60826828]
 [ 50.95686553 -21.60786123]
 [ 56.00783059 -19.83391174]]",End,0.59769392,1.340067632,0.414690491,1.026677621,0.346723325
82,"[[  0.           0.        ]
 [  5.26428128  -1.72958504]
 [ 13.03724508  -6.9209776 ]
 [ 23.91929124 -13.77040929]
 [ 37.26157955 -20.04258127]
 [ 51.03415349 -22.15162591]
 [ 55.85699558 -20.51007117]]",End,0.471207619,0.714186767,0.376467405,0.795708986,0.3604491
83,"[[  0.           0.        ]
 [  4.01644845  -1.40727413]
 [ 11.45640215  -3.77336146]
 [ 19.94674898  -5.25488784]
 [ 27.77038269  -5.71214809]
 [ 34.79517374  -6.13308517]
 [ 41.6110085   -7.05678716]
 [ 48.87660979  -8.29533424]
 [ 56.63807211  -9.5119475 ]
 [ 64.18705452 -10.28792326]
 [ 70.36753919 -10.41176963]
 [ 73.22663714 -10.2859355 ]]",End,0.771601915,3.063204197,0.506642242,0.916658691,0.133548305
84,"[[  0.           0.        ]
 [  4.58778498  -1.60119325]
 [ 12.31391011  -6.1260316 ]
 [ 23.45129757 -11.93311588]
 [ 36.39930393 -17.74083327]
 [ 49.50650399 -22.55391559]
 [ 62.85296144 -23.76438421]
 [ 69.81911015 -21.33364303]]",End,0.515405178,2.067204956,0.762566503,0.97367936,0.294633897
85,"[[ 0.00000000e+00 -1.77635684e-15]
 [ 4.31097626e+00 -1.63189295e+00]
 [ 1.21559039e+01 -5.48363027e+00]
 [ 2.28386791e+01 -9.73580647e+00]
 [ 3.45601642e+01 -1.32152756e+01]
 [ 4.61523628e+01 -1.55628927e+01]
 [ 5.66567259e+01 -1.66904608e+01]
 [ 6.53152798e+01 -1.65719541e+01]
 [ 7.04994841e+01 -1.58140436e+01]
 [ 7.13659335e+01 -1.55638696e+01]]",End,0.695206642,1.510273106,0.068734794,1.807922894,0.217122289
86,"[[  0.           0.        ]
 [  4.85855949  -1.62302438]
 [ 12.70492273  -5.69786712]
 [ 23.52151158 -10.46262533]
 [ 35.60414597 -14.59834403]
 [ 47.7786586  -17.7142264 ]
 [ 59.17882301 -19.56281658]
 [ 69.08860782 -20.13901087]
 [ 76.62529873 -19.5876737 ]
 [ 79.59729626 -19.10332763]]",End,0.725502729,13.2664536,0.032188572,2.925408977,0.240404098
87,"[[  0.           0.        ]
 [  4.65191096  -1.41338469]
 [ 12.14677596  -5.995611  ]
 [ 23.14503013 -12.33807198]
 [ 36.32069221 -18.82258231]
 [ 49.68921812 -25.0221315 ]
 [ 64.07369719 -28.10043204]
 [ 73.95357706 -25.98266301]]",End,0.513973236,3.528890473,1.10194494,2.299983197,0.336436979
88,"[[-7.10542736e-15  0.00000000e+00]
 [ 4.87977076e+00 -1.76714466e+00]
 [ 1.28657955e+01 -5.97190874e+00]
 [ 2.36759679e+01 -1.07805936e+01]
 [ 3.58515743e+01 -1.48228255e+01]
 [ 4.79846285e+01 -1.64694494e+01]
 [ 5.66930576e+01 -1.49573542e+01]
 [ 5.76652024e+01 -1.37096476e+01]]",End,0.48521471,3.781639109,0.114595532,1.727722099,0.235758334
89,"[[ 0.00000000e+00  1.77635684e-15]
 [ 5.80064070e+00 -2.03463091e+00]
 [ 1.38329635e+01 -7.14955470e+00]
 [ 2.48420153e+01 -1.28028560e+01]
 [ 3.76800857e+01 -1.58678043e+01]
 [ 4.47197558e+01 -1.48752791e+01]]",End,0.434366465,1.27357068,0.646641714,0.235596687,0.318173414
90,"[[  0.           0.        ]
 [  4.61911891  -1.65057499]
 [ 12.41091264  -6.2014463 ]
 [ 23.54883455 -11.9509456 ]
 [ 36.42957829 -17.62135088]
 [ 49.568522   -21.86724661]
 [ 62.29448512 -22.02014334]
 [ 66.71399307 -19.65767453]]",End,1.159238815,0.702486879,0.400964363,0.869648368,0.288645744
91,"[[  0.           0.        ]
 [  5.93390856  -1.99860406]
 [ 13.95381477  -6.64252736]
 [ 24.72231428 -11.37769151]
 [ 36.66574196 -13.3756854 ]
 [ 42.19464154 -12.21617838]]",End,0.714250088,0.900683916,0.481463244,0.303652509,0.278109132
92,"[[  0.           0.        ]
 [  4.59735698  -1.60491639]
 [ 12.32612327  -6.15064009]
 [ 23.46342994 -11.9928466 ]
 [ 36.41952136 -17.84082408]
 [ 49.56993393 -22.62470325]
 [ 62.89832467 -23.61584058]
 [ 69.16532175 -21.15066926]]",End,0.994468927,1.626932796,0.647475597,2.185932059,0.29643748
93,"[[  0.           0.        ]
 [  4.04908235  -1.52157462]
 [ 11.7362115   -4.46804698]
 [ 21.23586119  -7.02429696]
 [ 30.7644114   -8.48481972]
 [ 39.78220444  -9.40037519]
 [ 48.19742419 -10.33748959]
 [ 55.94490778 -11.1362936 ]
 [ 62.67528697 -11.44939689]
 [ 67.43868816 -11.37997252]
 [ 68.66509763 -11.27882108]]",End,3.551530123,5.259457838,0.331481647,2.635138382,0.159430916
94,"[[ 0.00000000e+00  3.55271368e-15]
 [ 5.41819052e+00 -1.91464158e+00]
 [ 1.31119319e+01 -8.03003290e+00]
 [ 2.39697571e+01 -1.62961966e+01]
 [ 3.76477475e+01 -2.19176798e+01]
 [ 4.31555970e+01 -2.20708645e+01]]",End,0.693534374,0.810103694,0.258288811,1.208335538,0.505440249
95,"[[  0.           0.        ]
 [  5.82649346  -1.91664765]
 [ 13.84131931  -6.31302787]
 [ 24.46698014 -10.91568682]
 [ 36.54639696 -13.32256038]
 [ 44.96546816 -12.26636073]]",End,0.546573162,1.33526789,0.936110783,2.162862239,0.251976692
96,"[[ 0.          0.        ]
 [ 3.96483223 -1.2558489 ]
 [11.29050132 -3.14918578]
 [19.16169769 -4.06819161]
 [26.10418703 -4.25901339]
 [32.46577304 -4.64961288]
 [38.87786429 -5.56154137]
 [45.8736678  -6.7026603 ]
 [53.17233644 -7.6690773 ]
 [59.87888498 -8.08285517]
 [64.83841457 -7.97500505]
 [66.06196847 -7.78079691]]",End,1.117558002,0.973266797,0.619906009,0.618313329,0.108396572
97,"[[ 0.00000000e+00  1.77635684e-15]
 [ 5.77421359e+00 -2.14742386e+00]
 [ 1.37837198e+01 -7.76622880e+00]
 [ 2.49995840e+01 -1.39598793e+01]
 [ 3.73969664e+01 -1.67272745e+01]
 [ 4.09155725e+01 -1.59007403e+01]]",End,0.519609928,0.831648019,0.221565961,0.310411704,0.383207991
98,"[[ 0.00000000e+00 -3.55271368e-15]
 [ 4.96169058e+00 -1.17186894e+00]
 [ 1.21920665e+01 -6.42878499e+00]
 [ 2.19856806e+01 -1.49062047e+01]
 [ 3.45099017e+01 -2.40931640e+01]
 [ 4.96926377e+01 -3.05599444e+01]
 [ 5.76706528e+01 -3.09886716e+01]]",End,0.456684589,0.972737574,0.301527744,1.161763992,0.532110222
99,"[[  0.           0.        ]
 [  4.76743748  -1.09729634]
 [ 11.96373935  -6.06450301]
 [ 22.18878255 -13.8670811 ]
 [ 34.82237259 -22.19621267]
 [ 49.40867914 -29.31288627]
 [ 62.74978358 -30.61211982]
 [ 64.16813403 -29.98997915]]",End,0.477132082,1.404528273,0.200900221,0.662069162,0.46423477
100,"[[ 0.          0.        ]
 [ 6.50422756 -1.14183645]
 [13.9081061  -3.51997556]
 [22.60723365 -5.6092721 ]
 [31.74971399 -6.1153832 ]
 [37.41663136 -5.24035701]
 [38.07438161 -4.81751687]]",End,0.391866684,1.236908243,0.103307054,1.048318866,0.123815795
101,"[[  0.           0.        ]
 [  4.85207977  -1.16783963]
 [ 12.10102155  -6.16817824]
 [ 22.37208933 -13.93338658]
 [ 35.14668322 -22.13760637]
 [ 49.92510943 -28.60242571]
 [ 61.94145609 -29.14725872]
 [ 62.63839264 -28.59871998]]",End,0.478143215,1.613859543,0.190940057,2.332019474,0.453520257
102,"[[  0.           0.        ]
 [  4.98944582  -1.15774852]
 [ 12.47171404  -6.04155184]
 [ 23.29133556 -13.18880711]
 [ 36.44866487 -20.32981673]
 [ 50.34002583 -27.77600367]
 [ 64.67418222 -34.4443739 ]
 [ 79.69652826 -36.18362157]
 [ 84.97835842 -34.29239889]]",End,0.596751928,1.378875112,0.325890428,1.956121292,0.39970775
103,"[[  0.           0.        ]
 [  4.6783078   -1.44691439]
 [ 12.21607149  -5.98866256]
 [ 23.24535465 -12.1833901 ]
 [ 36.40054927 -18.48210642]
 [ 49.67143921 -24.51357957]
 [ 63.80392969 -27.79608167]
 [ 74.47757421 -25.88134776]
 [ 75.06710714 -24.48241406]]",End,0.581915617,2.673819317,0.032206768,0.71093559,0.32571133
104,"[[  0.           0.        ]
 [  4.45435512  -1.67443261]
 [ 12.32485547  -5.897064  ]
 [ 23.33567847 -10.89930379]
 [ 35.75994556 -15.50151569]
 [ 48.17291626 -18.73757728]
 [ 59.80873755 -19.33025095]
 [ 67.39662582 -17.5697559 ]]",End,0.47927022,0.774060668,0.872051757,0.520436324,0.247752821
105,"[[  0.           0.        ]
 [  4.36669072  -1.64356608]
 [ 12.21626064  -5.65648187]
 [ 23.06737414 -10.24572435]
 [ 35.13777218 -14.23056169]
 [ 47.13678738 -17.04797452]
 [ 58.16942015 -18.23568799]
 [ 67.01247237 -17.66595519]
 [ 71.0484114  -16.60000181]]",End,0.570852518,1.341710341,0.211531758,1.86141913,0.230666242
106,"[[ 0.00000000e+00 -3.55271368e-15]
 [ 4.59867512e+00 -2.05130877e+00]
 [ 1.22038102e+01 -8.68428854e+00]
 [ 2.31438407e+01 -1.79759726e+01]
 [ 3.51436817e+01 -2.37164115e+01]
 [ 3.66820162e+01 -2.38038155e+01]]",End,0.332182884,0.642353124,0.010391223,0.629244276,0.648640035
107,"[[  0.           0.        ]
 [  4.59253056  -1.06382579]
 [ 11.74544281  -6.09237713]
 [ 21.97393195 -13.95825377]
 [ 34.37372946 -22.48036305]
 [ 48.19487747 -30.89390345]
 [ 63.83031754 -34.80590937]
 [ 68.95782812 -34.19302611]]",End,0.732016325,1.302548199,0.247568176,1.621385954,0.492264024
108,"[[  0.           0.        ]
 [  5.60764482  -2.02463401]
 [ 13.45339593  -7.98982476]
 [ 24.52416397 -15.45748497]
 [ 37.97163421 -19.97359892]
 [ 43.19160293 -19.64148261]]",End,0.56001997,1.087424977,0.297265466,0.963710303,0.44786986
109,"[[  0.           0.        ]
 [  4.64448453  -1.37081967]
 [ 12.09364811  -5.97317337]
 [ 23.04931122 -12.4397204 ]
 [ 36.23611278 -19.06649154]
 [ 49.67348601 -25.45678628]
 [ 64.22651625 -28.64279356]
 [ 73.84372327 -26.56818879]]",End,1.102437973,0.849397566,0.999423769,1.247917204,0.34625509
110,"[[  0.           0.        ]
 [  4.94964039  -1.15658702]
 [ 12.17510069  -6.36842445]
 [ 22.03581583 -14.74062804]
 [ 34.5799     -23.78007102]
 [ 49.74545371 -30.27623218]
 [ 58.480818   -30.72641666]]",End,0.586485147,1.423829241,0.343092008,1.963241525,0.519543428
111,"[[ 0.          0.        ]
 [ 6.33556908 -1.55420399]
 [13.97987101 -4.7123176 ]
 [23.47148225 -7.44591892]
 [33.07334878 -7.98589107]
 [37.28468347 -7.04174608]]",End,0.433877707,1.30399764,0.296358171,2.199966926,0.180915789
112,"[[  0.           0.        ]
 [  4.49295646  -1.45233788]
 [ 12.02310117  -4.06970821]
 [ 20.77422699  -5.87611514]
 [ 29.05219023  -6.46295163]
 [ 36.45569901  -6.87314643]
 [ 43.50437237  -7.77870284]
 [ 50.86470903  -9.04540178]
 [ 58.82705966 -10.40284902]
 [ 67.00088811 -11.50476886]
 [ 74.2842485  -11.9585844 ]
 [ 79.30750389 -11.9016482 ]]",End,0.948011875,5.881388689,0.348137345,1.849556511,0.14567992
113,"[[ 7.10542736e-15  0.00000000e+00]
 [ 4.09299460e+00 -1.28505100e+00]
 [ 1.15204168e+01 -3.33257716e+00]
 [ 1.96975746e+01 -4.55812454e+00]
 [ 2.71676687e+01 -4.99741160e+00]
 [ 3.41543151e+01 -5.48712677e+00]
 [ 4.11006450e+01 -6.38078858e+00]
 [ 4.82729123e+01 -7.36562662e+00]
 [ 5.51437469e+01 -7.97224352e+00]
 [ 6.07485733e+01 -8.01591476e+00]
 [ 6.35948135e+01 -7.80724199e+00]]",End,1.053033352,1.389708483,0.631340056,0.82642231,0.112837849
114,"[[ 0.          0.        ]
 [ 6.15228951 -1.06688127]
 [12.7882363  -1.80919333]
 [18.39660339 -1.12020774]
 [23.97116982 -1.34531598]
 [30.06595811 -2.4651094 ]
 [36.52649447 -3.61402629]
 [42.93357061 -4.45779129]
 [48.91742078 -5.1224418 ]
 [54.39987282 -5.69121177]
 [59.55601087 -6.20976084]
 [64.72654792 -6.73030961]
 [70.3165465  -7.30674484]
 [76.59178284 -7.92512834]
 [83.22474512 -8.40374766]
 [89.35397959 -8.49730318]]",End,1.836012363,5.473244649,1.188900923,0.371248966,0.08179157
115,"[[  0.           0.        ]
 [  4.19396734  -1.50316436]
 [ 11.82819869  -4.4131956 ]
 [ 21.15241309  -6.79775102]
 [ 30.30102442  -7.93064438]
 [ 38.69736764  -8.5833959 ]
 [ 46.64558961  -9.53622889]
 [ 54.59819436 -10.75910819]
 [ 62.39798304 -11.79304241]
 [ 69.29488126 -12.23977214]
 [ 74.19331107 -12.2609731 ]
 [ 75.10191343 -12.28516574]]",End,1.234277248,6.622887373,0.3233047,2.350260467,0.15927505
116,"[[ 7.10542736e-15  0.00000000e+00]
 [ 4.80106047e+00 -1.65691526e+00]
 [ 1.27198350e+01 -5.15591069e+00]
 [ 2.28874345e+01 -8.79408488e+00]
 [ 3.39207726e+01 -1.15073772e+01]
 [ 4.46049103e+01 -1.26587317e+01]
 [ 5.31777709e+01 -1.20000721e+01]
 [ 5.67146819e+01 -1.08610589e+01]]",End,0.898703098,7.215455696,0.372976892,3.064794625,0.184927106
117,"[[  0.           0.        ]
 [  4.46244628  -1.68719692]
 [ 12.35746283  -5.85469416]
 [ 23.31196382 -10.72200522]
 [ 35.61945429 -15.10875501]
 [ 47.88430397 -18.02287504]
 [ 59.1405204  -18.3096925 ]
 [ 65.82112613 -16.56812577]]",End,0.602743387,1.388517399,0.733937149,1.682668403,0.240563928
118,"[[  0.           0.        ]
 [  5.2114511   -1.58559305]
 [ 13.08336214  -5.10388386]
 [ 23.09710619  -8.58138029]
 [ 33.50341076 -10.67223731]
 [ 43.3796435  -11.72250127]
 [ 52.56510991 -12.68302901]
 [ 61.21199529 -13.89815866]
 [ 69.34067852 -14.98231096]
 [ 76.51900651 -15.56014133]
 [ 81.88731297 -15.81421147]
 [ 83.56825627 -16.10635819]]",End,0.898343325,11.38942703,0.041751245,4.176020288,0.192233363
119,"[[  0.           0.        ]
 [  5.61775512  -2.01093764]
 [ 13.46123483  -7.94405307]
 [ 24.51055664 -15.39405931]
 [ 38.03902937 -19.99760674]
 [ 43.6838744  -19.68800652]]",End,0.387088299,1.092790304,0.330663451,0.983338159,0.443123311
120,"[[ 0.          0.        ]
 [ 4.28731775 -1.25705393]
 [11.36502835 -2.91253808]
 [18.5571603  -3.25364891]
 [24.86033935 -3.16413356]
 [30.77841838 -3.65035445]
 [36.82334465 -4.65087124]
 [43.15253448 -5.71091623]
 [49.78196848 -6.73475758]
 [56.87955305 -7.75264537]
 [64.4702161  -8.69365247]
 [71.87507381 -9.25485381]
 [78.16317144 -9.24296046]]",End,0.994594812,1.286671848,0.864096928,0.555803804,0.107197077
121,"[[  0.           0.        ]
 [  4.62604007  -1.93668371]
 [ 12.06365712  -7.9312944 ]
 [ 21.30880136 -17.64995981]
 [ 33.98372403 -28.69311684]
 [ 46.53648364 -34.74943142]
 [ 47.36372191 -34.88366398]]",End,0.447308779,0.477433394,0.039878617,0.559417773,0.735664005
122,"[[  0.           0.        ]
 [  5.86473931  -1.89924763]
 [ 13.86532464  -6.19345021]
 [ 24.41348757 -10.62330591]
 [ 36.32063384 -12.83121995]
 [ 44.3812388  -11.74099235]]",End,0.336596489,1.45799584,0.877316702,2.417936902,0.244780811
123,"[[  0.           0.        ]
 [  4.92398083  -1.20506688]
 [ 12.16009899  -6.51269355]
 [ 21.81327475 -15.11744194]
 [ 34.07625698 -24.66139915]
 [ 49.2292038  -31.83748959]
 [ 57.76054534 -32.68470556]]",End,0.460077763,1.36226515,0.279445846,1.773761185,0.561027593
124,"[[  0.           0.        ]
 [  5.21350695  -1.45925948]
 [ 12.5982324   -7.12867716]
 [ 22.64738356 -15.90668747]
 [ 36.26780483 -24.29422849]
 [ 48.83865796 -27.20824625]
 [ 50.04865959 -26.86322326]]",End,0.383970976,0.682815173,0.144877593,0.891466118,0.533847377
125,"[[ 0.00000000e+00  1.77635684e-15]
 [ 5.60944411e+00 -2.18257561e+00]
 [ 1.34753644e+01 -6.91907152e+00]
 [ 2.38252320e+01 -1.07991477e+01]
 [ 3.11360453e+01 -1.12229237e+01]]",End,0.262326002,0.584778328,0.371780343,0.799426737,0.348507437
126,"[[  0.           0.        ]
 [  4.78513991  -1.65561863]
 [ 12.556258    -6.39743847]
 [ 23.64910926 -12.52894212]
 [ 36.65533304 -18.5981135 ]
 [ 50.25595493 -22.68059577]
 [ 62.04450683 -21.75056091]
 [ 63.66934952 -19.95960623]]",End,0.575983286,2.548651095,0.127015933,0.631607081,0.311493528
127,"[[ 0.00000000e+00 -3.55271368e-15]
 [ 4.62280921e+00 -1.21473312e+00]
 [ 1.19157714e+01 -5.94830448e+00]
 [ 2.26284880e+01 -1.29775148e+01]
 [ 3.56801273e+01 -2.02857126e+01]
 [ 4.95084950e+01 -2.71740400e+01]
 [ 6.44884737e+01 -2.96523543e+01]
 [ 7.03035234e+01 -2.79693482e+01]]",End,1.363597393,1.14553986,0.394479653,1.035578571,0.392225983
128,"[[ 0.          0.        ]
 [ 4.28123731 -0.9677204 ]
 [11.46419355 -2.36674791]
 [18.65970618 -2.79695904]
 [24.77861293 -2.75277453]
 [30.58040317 -3.09686043]
 [36.67580514 -3.96840959]
 [43.42207014 -4.99493268]
 [50.30079407 -5.73681367]
 [56.31915646 -5.90512626]
 [60.55903667 -5.67726602]]",End,1.356724977,4.461841333,0.850583506,0.379780828,0.079702102
129,"[[  0.           0.        ]
 [  4.47364877  -1.64184726]
 [ 12.29272415  -5.90351742]
 [ 23.34655147 -11.04837629]
 [ 35.8942385  -15.88787557]
 [ 48.4517289  -19.63014019]
 [ 60.54553773 -21.01793977]
 [ 69.51936475 -19.60746598]
 [ 71.14844029 -18.32339291]]",End,0.668725014,1.84175899,0.054642549,1.756505513,0.256769513
130,"[[  0.           0.        ]
 [  4.37021007  -1.38530095]
 [ 11.73503671  -3.62476795]
 [ 19.88638266  -4.82014763]
 [ 27.3289247   -5.05585885]
 [ 34.01529903  -5.44132862]
 [ 40.53441947  -6.3757252 ]
 [ 47.4012504   -7.56782974]
 [ 54.86416046  -8.82656961]
 [ 62.87041963  -9.9935866 ]
 [ 70.6826039  -10.7308094 ]
 [ 76.92412504 -10.8089158 ]
 [ 78.56612285 -10.68337156]]",End,1.238756418,5.540701823,0.497889922,1.340086433,0.129642157
131,"[[  0.           0.        ]
 [  6.11862519  -1.60358946]
 [ 14.04636107  -5.95997216]
 [ 24.86156409 -11.62020144]
 [ 37.50790628 -16.96380681]
 [ 50.58618095 -21.99386811]
 [ 63.33397793 -25.91065646]
 [ 75.61586621 -27.77542014]
 [ 86.01907441 -26.82128926]
 [ 88.84657786 -25.38483114]]",End,0.858084917,1.425813709,0.033200337,1.342845229,0.286089032
132,"[[ 0.          0.        ]
 [ 4.96254717 -1.06239886]
 [12.40848233 -2.92554811]
 [20.46438291 -4.27591519]
 [28.27027112 -4.98731334]
 [35.95735988 -5.54460283]
 [43.22338221 -5.96360925]
 [49.47501744 -5.95807889]
 [53.36360683 -5.6276636 ]
 [53.9623209  -5.36905761]]",End,0.691723108,4.097314252,0.376659405,1.136759762,0.092516373
133,"[[  0.           0.        ]
 [  4.82089406  -1.31245408]
 [ 12.00850807  -3.15998669]
 [ 19.42617658  -3.73679149]
 [ 26.16095875  -3.75601472]
 [ 32.51397186  -4.28050105]
 [ 38.93650657  -5.30371653]
 [ 45.52796998  -6.3824969 ]
 [ 52.28071826  -7.41794203]
 [ 59.38624496  -8.45106088]
 [ 67.01740945  -9.45485359]
 [ 74.72552185 -10.16816892]
 [ 81.12443214 -10.29736619]
 [ 82.42716807 -10.15353864]]",End,3.513107538,2.081206182,0.649519834,0.661701485,0.115302018
134,"[[-3.55271368e-15  0.00000000e+00]
 [ 4.81692037e+00 -2.46105768e+00]
 [ 1.27823984e+01 -8.59395741e+00]
 [ 2.37131740e+01 -1.45778823e+01]
 [ 3.02688264e+01 -1.58836646e+01]]",End,0.63500309,0.393614562,0.240127229,0.283996778,0.516820081
135,"[[  0.           0.        ]
 [  5.80786629  -2.15108333]
 [ 13.83390932  -7.64713241]
 [ 25.02410914 -13.55215778]
 [ 37.17860953 -16.01744957]
 [ 40.49965599 -15.1360215 ]]",End,1.032404661,1.12568598,0.211849249,0.411859834,0.36850121
136,"[[ 0.00000000e+00  3.55271368e-15]
 [ 5.23189189e+00 -1.45787761e+00]
 [ 1.26898335e+01 -6.81322321e+00]
 [ 2.30365099e+01 -1.47551118e+01]
 [ 3.64025019e+01 -2.25135139e+01]
 [ 5.08110248e+01 -2.59621049e+01]
 [ 5.52158371e+01 -2.51977461e+01]]",End,0.874743938,1.264502698,0.27157384,0.998321565,0.451431574
137,"[[ 0.          0.        ]
 [ 3.91699331 -1.27665946]
 [11.22490757 -3.19111635]
 [19.0887553  -4.08979714]
 [25.99926172 -4.24607584]
 [32.27426424 -4.62027281]
 [38.57360895 -5.53540193]
 [45.49229055 -6.70675931]
 [52.9043396  -7.78676008]
 [60.00621839 -8.38662121]
 [65.65258402 -8.38514043]
 [67.87780161 -8.18956382]]",End,1.043792486,1.623628653,0.658754037,0.448211132,0.110946578
138,"[[  0.           0.        ]
 [  5.56629079  -1.92523673]
 [ 13.33292823  -7.85258463]
 [ 24.23500372 -15.61848129]
 [ 38.03453616 -20.94535221]
 [ 45.0211764  -20.9677654 ]]",End,0.423986435,1.043278046,0.401487658,0.51218332,0.456813424
139,"[[-3.55271368e-15  3.55271368e-15]
 [ 3.72286915e+00 -2.34438633e+00]
 [ 1.13926816e+01 -9.35926065e+00]
 [ 2.24389389e+01 -1.86075960e+01]
 [ 3.08470096e+01 -2.29255777e+01]]",End,0.264809608,0.837100334,0.089408377,1.694728039,0.740304154
140,"[[  0.           0.        ]
 [  5.01707681  -1.70398008]
 [ 12.97362932  -5.39168403]
 [ 23.27693791  -9.31616525]
 [ 34.6117289  -12.24611933]
 [ 45.58908061 -13.1409755 ]
 [ 53.27776882 -11.87978056]
 [ 54.57892394 -10.88238064]]",End,0.499096632,2.289195556,0.170860984,1.335926404,0.196257436
141,"[[  0.           0.        ]
 [  5.4669941   -1.25180544]
 [ 13.11473576  -6.00949855]
 [ 23.95182003 -12.87215943]
 [ 37.10039    -19.59934852]
 [ 51.08139821 -26.58937702]
 [ 65.108156   -33.06667009]
 [ 80.00943118 -35.60655017]
 [ 88.04484178 -33.26620278]]",End,0.698623657,0.899657518,0.662388863,0.943436858,0.370309189
142,"[[  0.           0.        ]
 [  4.01441465  -1.98876226]
 [ 11.41932791  -8.45090207]
 [ 21.33671771 -18.84843479]
 [ 34.51899123 -28.75955116]
 [ 39.32152978 -31.15254235]]",End,0.539336681,0.433458718,0.093845086,0.651735452,0.789864927
143,"[[  0.           0.        ]
 [  4.65235802  -1.26219942]
 [ 11.98558393  -6.00973785]
 [ 22.72933265 -12.98949748]
 [ 35.79890081 -20.24202781]
 [ 49.67838276 -26.89300634]
 [ 64.40992524 -28.83744882]
 [ 69.33072335 -27.1128992 ]]",End,0.566484451,0.619825886,0.338740633,0.694016439,0.386180286
144,"[[  0.           0.        ]
 [  4.22203852  -1.6207043 ]
 [ 12.05885629  -5.25907112]
 [ 22.50205013  -9.08954412]
 [ 33.76693734 -12.01391451]
 [ 44.79388385 -13.87887207]
 [ 54.68103235 -14.81957956]
 [ 62.83794883 -14.8238889 ]
 [ 68.11278069 -14.28564789]
 [ 69.37813719 -14.05220773]]",End,1.042799711,8.759257128,0.134188331,4.138400515,0.200611028
145,"[[  0.           0.        ]
 [  5.38416101  -2.30246345]
 [ 13.36971348  -8.39307421]
 [ 24.69811208 -14.94834914]
 [ 34.91516577 -17.18766901]
 [ 35.56284543 -16.68775399]]",End,0.560010433,0.711092539,0.025427155,0.442458174,0.46853188
146,"[[  0.           0.        ]
 [  2.76047303  -2.79545847]
 [ 10.26549564  -9.74511549]
 [ 20.22050491 -20.80801402]
 [ 32.28966859 -31.60014624]
 [ 34.07572391 -33.78221241]]",End,0.432664633,1.231099621,0.025020253,2.683895633,0.992120747
147,"[[  0.           0.        ]
 [  6.32623913  -1.67752314]
 [ 14.38254676  -5.86256267]
 [ 25.05755071 -10.93444705]
 [ 37.08036122 -15.36449695]
 [ 49.45182373 -18.88565835]
 [ 61.32679755 -21.17364429]
 [ 71.72833871 -22.44082292]
 [ 80.81021565 -22.73132791]
 [ 87.32138542 -22.41737129]
 [ 89.38301955 -22.39657692]]",End,0.780054092,1.887377698,0.166531569,0.905601185,0.25243171
148,"[[  0.           0.        ]
 [  4.75030827  -1.08100812]
 [ 11.92210638  -6.16342992]
 [ 21.91024669 -14.27169984]
 [ 34.17449046 -23.15920608]
 [ 48.68197231 -31.13305237]
 [ 62.42018319 -33.25668368]
 [ 63.8702773  -32.84290645]]",End,0.41193676,1.59475779,0.192889549,1.807713689,0.511192659
149,"[[ 0.00000000e+00  4.44089210e-16]
 [ 6.60656551e+00 -8.58387878e-01]
 [ 1.38502219e+01 -2.80996825e+00]
 [ 2.20713597e+01 -4.55505466e+00]
 [ 3.08196362e+01 -5.03042943e+00]
 [ 3.70210404e+01 -4.25659045e+00]
 [ 3.83373084e+01 -3.73754443e+00]]",End,0.398932695,1.101153917,0.143482141,1.670207505,0.093748425
150,"[[ 0.00000000e+00  1.77635684e-15]
 [ 4.32523367e+00 -1.62459716e+00]
 [ 1.21628220e+01 -5.44507737e+00]
 [ 2.28028943e+01 -9.63133791e+00]
 [ 3.44340361e+01 -1.29964878e+01]
 [ 4.59346361e+01 -1.52532365e+01]
 [ 5.63659462e+01 -1.64326331e+01]
 [ 6.50846992e+01 -1.65362115e+01]
 [ 7.09137314e+01 -1.59383846e+01]
 [ 7.24751047e+01 -1.56590561e+01]]",End,0.586026907,1.616061243,0.073066091,1.5980762,0.215053018
151,"[[  0.           0.        ]
 [  5.0034155   -1.17455098]
 [ 12.45616486  -5.90822022]
 [ 23.26931709 -12.83822546]
 [ 36.46198203 -19.73834142]
 [ 50.24529152 -26.92478668]
 [ 64.49559102 -33.24899981]
 [ 79.28520255 -34.55117548]
 [ 84.19040927 -32.45622183]]",End,0.59250474,1.435593774,0.310241789,1.268201737,0.381824727
152,"[[  0.           0.        ]
 [  3.74572951  -2.10644246]
 [ 11.16481493  -8.70381813]
 [ 21.1825953  -19.27256478]
 [ 34.07560568 -29.09878478]
 [ 37.62289172 -31.13175344]]",End,0.388476372,0.526556702,0.049862624,0.849786351,0.826143058
153,"[[  0.           0.        ]
 [  4.62399317  -1.11941404]
 [ 11.89393684  -5.81058977]
 [ 22.64414243 -12.80921309]
 [ 35.78690184 -19.94716326]
 [ 49.36857882 -27.29598793]
 [ 64.21846865 -32.61797226]
 [ 76.72917786 -31.94555077]
 [ 77.918754   -30.80273584]]",End,0.851236105,2.06130209,0.139186609,1.853512919,0.393532335
154,"[[  0.           0.        ]
 [  4.81829046  -1.39770987]
 [ 12.27563854  -6.28122205]
 [ 23.03340406 -13.29151723]
 [ 36.12849827 -20.51334228]
 [ 50.38695586 -26.11312979]
 [ 63.10623994 -26.09564899]
 [ 64.69557687 -24.83717092]]",End,0.626119614,1.370194021,0.168620355,1.411857888,0.381301965
155,"[[  0.           0.        ]
 [  4.85311676  -1.10637738]
 [ 12.05238606  -6.18864106]
 [ 22.07100227 -14.28830862]
 [ 34.57722617 -23.02556283]
 [ 49.49273954 -30.03789566]
 [ 61.52014879 -30.9655462 ]]",End,0.698164225,1.29429519,0.532302496,1.678755101,0.49468742
156,"[[  0.           0.        ]
 [  2.55510872  -2.49076609]
 [ 10.00697872  -9.58829961]
 [ 20.43805972 -20.64235232]
 [ 31.25337538 -29.35199177]]",End,0.493736267,1.345309464,0.805288729,2.796060855,0.964928752
157,"[[ 0.00000000e+00 -3.55271368e-15]
 [ 4.97694839e+00 -1.27987289e+00]
 [ 1.22441080e+01 -6.73462689e+00]
 [ 2.18238284e+01 -1.56166975e+01]
 [ 3.44004920e+01 -2.53240236e+01]
 [ 4.93231171e+01 -3.14541008e+01]
 [ 5.42285895e+01 -3.17296843e+01]]",End,0.778581381,1.131040305,0.185234014,1.533600894,0.581694095
158,"[[  0.           0.        ]
 [  5.82371528  -2.18721768]
 [ 13.84950196  -7.40449512]
 [ 24.90050945 -12.46463205]
 [ 35.37571649 -13.85575272]
 [ 36.93167536 -13.08264033]]",End,0.444367647,1.086761599,0.082914882,0.856529188,0.351993927
159,"[[  0.           0.        ]
 [  5.09705663  -1.5329412 ]
 [ 12.48026575  -7.41237565]
 [ 22.50848026 -16.59542594]
 [ 36.28206794 -25.12174572]
 [ 46.92084679 -27.57608096]]",End,1.0291574,0.451726183,0.337539063,0.74517606,0.580521106
160,"[[ 0.00000000e+00  3.55271368e-15]
 [ 4.67650443e+00 -1.56021544e+00]
 [ 1.23316662e+01 -6.24179618e+00]
 [ 2.34111656e+01 -1.24676610e+01]
 [ 3.64851616e+01 -1.87941665e+01]
 [ 4.99939410e+01 -2.39264610e+01]
 [ 6.35016041e+01 -2.44062518e+01]
 [ 6.76095280e+01 -2.20803433e+01]]",End,0.601958036,1.016980578,0.325387839,0.684839676,0.321773515
161,"[[-3.55271368e-15 -8.88178420e-16]
 [ 6.02329261e+00 -1.82478395e+00]
 [ 1.36318425e+01 -5.48526812e+00]
 [ 2.32495180e+01 -8.25778083e+00]
 [ 3.05187765e+01 -8.37941355e+00]
 [ 3.12995459e+01 -7.94379065e+00]]",End,0.434330463,0.688520358,0.019082053,0.961017175,0.253189252
162,"[[ 0.          0.        ]
 [ 3.92774879 -1.22678791]
 [11.18888653 -3.00766729]
 [18.85132548 -3.73550216]
 [25.48150521 -3.79975664]
 [31.52135733 -4.15582466]
 [37.64764381 -5.06597024]
 [44.44257765 -6.22254016]
 [51.77868554 -7.29295849]
 [58.86725132 -7.9026041 ]
 [64.56818413 -7.9101103 ]
 [66.97300616 -7.69746576]]",End,2.304284573,3.035502899,0.701784656,0.681320427,0.104455235
163,"[[  0.           0.        ]
 [  4.94103879  -1.56485982]
 [ 12.57173719  -6.5197471 ]
 [ 23.46351215 -13.30130486]
 [ 36.61737997 -20.09376804]
 [ 50.85393145 -24.41880578]
 [ 61.88482728 -23.28901737]]",End,0.784000397,0.757092856,1.131679863,0.946853244,0.358041518
164,"[[  0.           0.        ]
 [  4.6243575   -1.30249205]
 [ 12.00342155  -5.94377284]
 [ 22.88056758 -12.61665099]
 [ 36.0513668  -19.48401085]
 [ 49.60653274 -26.13449715]
 [ 64.41460831 -29.30829924]
 [ 73.13524735 -27.32086254]]",End,0.922234774,0.620425299,0.777771533,0.887297468,0.362931582
165,"[[  0.           0.        ]
 [  4.52092022  -1.76614022]
 [ 11.89843686  -7.86613263]
 [ 21.45300562 -17.80452275]
 [ 34.74488347 -28.20229955]
 [ 44.35613933 -32.23730069]]",End,0.565909386,0.543682058,0.146581124,0.776855726,0.723478645
166,"[[  0.           0.        ]
 [  4.58288811  -1.63408714]
 [ 12.35667844  -6.1461807 ]
 [ 23.49744659 -11.85111212]
 [ 36.37591271 -17.49325103]
 [ 49.43649781 -21.91711928]
 [ 62.4082455  -22.59673701]
 [ 68.25785435 -20.18856903]]",End,0.578061104,1.259960885,0.601292035,0.395898727,0.286960046
167,"[[  0.           0.        ]
 [  4.6169876   -1.09049858]
 [ 11.87905129  -5.82972203]
 [ 22.60871174 -12.92893084]
 [ 35.72505021 -20.17154241]
 [ 49.3246436  -27.66617519]
 [ 64.18707273 -33.30986798]
 [ 77.12512113 -32.94222098]
 [ 78.5578263  -31.80579664]]",End,0.672305584,5.774721193,0.15534411,2.932744075,0.40289369
168,"[[ 0.00000000e+00 -8.88178420e-16]
 [ 5.93623005e+00 -1.20329363e+00]
 [ 1.35162679e+01 -3.60503745e+00]
 [ 2.22675428e+01 -5.84539198e+00]
 [ 3.16290287e+01 -7.04011472e+00]
 [ 4.02312629e+01 -6.80032035e+00]
 [ 4.52708993e+01 -5.81506098e+00]]",End,0.507699728,2.281406731,0.525049785,0.691226693,0.116852355
169,"[[ 0.00000000e+00 -3.55271368e-15]
 [ 4.63772734e+00 -1.52984845e+00]
 [ 1.22596602e+01 -6.15711323e+00]
 [ 2.33414528e+01 -1.23394097e+01]
 [ 3.64313361e+01 -1.86418117e+01]
 [ 4.98171989e+01 -2.40854174e+01]
 [ 6.37393508e+01 -2.54069242e+01]
 [ 6.97698318e+01 -2.29328525e+01]]",End,0.582003117,0.704277433,0.556769964,0.437179732,0.320712864
170,"[[  0.           0.        ]
 [  5.00932295  -2.35912497]
 [ 12.9491336   -8.74459021]
 [ 24.24520904 -15.79566095]
 [ 33.56705495 -18.17905621]]",End,0.350230932,0.672642826,0.361085433,0.297259126,0.530817219
171,"[[  0.           0.        ]
 [  4.60030132  -1.21464727]
 [ 11.90333099  -5.87736179]
 [ 22.69331246 -12.7396324 ]
 [ 35.82905571 -19.81228621]
 [ 49.43884553 -26.79343595]
 [ 64.45456147 -30.44746459]
 [ 73.6311831  -28.73518478]]",End,0.59603405,0.788602549,0.755091046,1.028736867,0.380003316
172,"[[ 0.          0.        ]
 [ 6.01093322 -1.40036939]
 [13.70018773 -4.2193841 ]
 [22.90497191 -6.90007871]
 [32.90568105 -8.20383242]
 [41.28739922 -7.58438414]
 [43.99459542 -6.57798656]]",End,0.514676571,1.036396018,0.266640189,1.681713078,0.143457311
173,"[[  0.           0.        ]
 [  5.6443791   -2.25736114]
 [ 13.6700881   -7.94525538]
 [ 24.91706512 -13.76012194]
 [ 35.42871477 -15.57816715]
 [ 36.56149505 -14.93026865]]",End,0.417422771,0.910421313,0.05593102,1.095869764,0.406830673
174,"[[  0.           0.        ]
 [  5.41296758  -1.6512006 ]
 [ 12.97641269  -7.35008088]
 [ 23.44063328 -15.53884278]
 [ 37.30569216 -22.63324311]
 [ 48.85261971 -24.17975025]
 [ 49.65263459 -23.65339317]]",End,0.52393055,1.026994371,0.151470225,1.212622868,0.473326806
175,"[[  0.           0.        ]
 [  4.8297951   -1.37896833]
 [ 12.32595894  -5.8986528 ]
 [ 23.27827243 -12.19583186]
 [ 36.47749367 -18.53701096]
 [ 49.81654732 -24.89282943]
 [ 63.83407503 -29.416923  ]
 [ 76.78760142 -28.62200165]
 [ 79.04438245 -26.54344206]]",End,1.022761106,1.338050528,0.106357723,1.12278915,0.334458737
176,"[[  0.           0.        ]
 [  4.89180482  -1.15243104]
 [ 12.12653094  -6.21571558]
 [ 22.26730244 -14.17579402]
 [ 34.96610431 -22.63411846]
 [ 49.91292943 -29.08861685]
 [ 61.28446054 -29.55950095]]",End,0.754416466,0.92296263,0.571951779,1.276760086,0.472999989
177,"[[ 0.00000000e+00  1.77635684e-15]
 [ 4.26860521e+00 -1.64070878e+00]
 [ 1.21309832e+01 -5.39116039e+00]
 [ 2.27071114e+01 -9.44492076e+00]
 [ 3.42447560e+01 -1.26901811e+01]
 [ 4.55723537e+01 -1.47760213e+01]
 [ 5.57079447e+01 -1.55905951e+01]
 [ 6.36862168e+01 -1.51514437e+01]
 [ 6.78926374e+01 -1.43768556e+01]]",End,0.754023552,11.14483526,0.265402855,2.002475894,0.207849529
178,"[[  0.           0.        ]
 [  4.504534    -1.08024415]
 [ 11.70097259  -6.09560897]
 [ 22.23547294 -13.71256058]
 [ 35.00784205 -21.74271907]
 [ 48.5071614  -30.05150113]
 [ 64.00913152 -35.80072717]
 [ 75.40597351 -35.50479912]]",End,0.597512007,0.986099489,0.579029431,1.162987254,0.4631698
179,"[[-7.10542736e-15  0.00000000e+00]
 [ 5.11380245e+00 -1.29463669e+00]
 [ 1.24351897e+01 -6.60301505e+00]
 [ 2.24983857e+01 -1.48770125e+01]
 [ 3.55603286e+01 -2.33714496e+01]
 [ 5.04592268e+01 -2.80816923e+01]
 [ 5.60021653e+01 -2.77384268e+01]]",End,0.532907248,1.228911175,0.278051649,1.708767535,0.490344882
180,"[[  0.           0.        ]
 [  4.99745002  -1.72533744]
 [ 12.8315707   -6.60471722]
 [ 23.875489   -12.84624071]
 [ 36.92280149 -18.78223144]
 [ 50.67230488 -21.73499275]
 [ 59.58609907 -19.90523836]]",End,0.511582851,0.827331313,1.018108018,1.244305036,0.31697209
181,"[[  0.           0.        ]
 [  4.6209454   -1.60021779]
 [ 12.3731217   -5.94533649]
 [ 23.45480862 -11.3762147 ]
 [ 36.21075591 -16.64597719]
 [ 49.00102588 -21.1505887 ]
 [ 61.69697064 -23.45313402]
 [ 72.31019237 -22.36352258]
 [ 74.86719037 -20.62853531]]",End,0.720699549,1.468622213,0.101339366,0.681029029,0.274181465
182,"[[  0.           0.        ]
 [  4.75203334  -2.43854558]
 [ 12.69719156  -8.84892692]
 [ 23.84033365 -15.62982993]
 [ 31.34845107 -17.54025827]]",End,0.337939501,0.535228496,0.269447407,0.414226331,0.550930278
183,"[[  0.           0.        ]
 [  4.9500397   -1.37464004]
 [ 12.30243733  -3.53346133]
 [ 20.21000716  -4.55816042]
 [ 27.50730085  -4.71702672]
 [ 34.21929134  -5.16489779]
 [ 40.84960469  -6.14893927]
 [ 47.66739701  -7.29296204]
 [ 54.79835655  -8.45150624]
 [ 62.43751288  -9.61235224]
 [ 70.50698282 -10.64133431]
 [ 78.08977249 -11.17338363]
 [ 83.14551649 -11.12253308]]",End,1.0312078,2.883156539,0.576556018,0.41888555,0.126837592
184,"[[  0.           0.        ]
 [  5.65387536  -1.95535867]
 [ 13.54199692  -7.56035591]
 [ 24.52876048 -14.52707552]
 [ 38.19914788 -19.34092741]
 [ 47.22185192 -19.10613007]]",End,0.418115854,1.563125504,0.720442551,1.335067411,0.389347024
185,"[[ 0.          0.        ]
 [ 6.52605038 -0.89264254]
 [13.82132435 -2.88428568]
 [22.0859606  -4.68745904]
 [30.94100914 -5.27668676]
 [37.67766342 -4.54263573]
 [39.45282006 -3.9187476 ]]",End,0.689644814,3.855294304,0.179129539,1.108394609,0.094787091
186,"[[ 0.00000000e+00 -1.77635684e-15]
 [ 6.06958387e+00 -1.38861149e+00]
 [ 1.35349797e+01 -3.56028613e+00]
 [ 2.13280909e+01 -4.57314207e+00]
 [ 2.87268674e+01 -4.76491570e+00]
 [ 3.57386111e+01 -5.31091891e+00]
 [ 4.27341256e+01 -6.35004906e+00]
 [ 4.97691457e+01 -7.47035009e+00]
 [ 5.68184405e+01 -8.55214474e+00]
 [ 6.40796497e+01 -9.63394504e+00]
 [ 7.18416139e+01 -1.07181083e+01]
 [ 7.98791763e+01 -1.15889924e+01]
 [ 8.69021099e+01 -1.18871059e+01]
 [ 8.89913605e+01 -1.17932743e+01]]",End,1.617831707,2.969225966,0.516063426,0.984536339,0.126722535
187,"[[  0.           0.        ]
 [  4.12732647  -1.5556367 ]
 [ 11.88240494  -4.66505569]
 [ 21.64232714  -7.54772221]
 [ 31.69050261  -9.40023396]
 [ 41.33457413 -10.54668528]
 [ 50.09808544 -11.38204713]
 [ 57.69611189 -11.76257885]
 [ 63.54333555 -11.63442503]
 [ 66.37269713 -11.42157092]]",End,0.791558504,8.280605209,0.327703762,2.953130282,0.167145041
188,"[[  0.           0.        ]
 [  4.85037209  -1.50696537]
 [ 12.17908938  -7.27505856]
 [ 21.63828579 -16.70361679]
 [ 34.57618117 -26.91358295]
 [ 47.7565111  -32.11995967]
 [ 49.18654403 -32.14214666]]",End,0.517621756,1.104506008,0.088290886,1.752990007,0.651679365
189,"[[  0.           0.        ]
 [  4.63010376  -1.50315454]
 [ 12.22259232  -6.09693224]
 [ 23.29463744 -12.27060502]
 [ 36.40449419 -18.5693938 ]
 [ 49.72869986 -24.2338954 ]
 [ 63.81632011 -26.21871312]
 [ 71.47798148 -23.7850819 ]]",End,0.596889019,1.000064107,0.795927467,1.211813432,0.321625681
190,"[[ 0.00000000e+00 -1.77635684e-15]
 [ 6.14568144e+00 -1.45278683e+00]
 [ 1.38026019e+01 -3.99819350e+00]
 [ 2.21730276e+01 -5.58623228e+00]
 [ 3.02109092e+01 -5.97536197e+00]
 [ 3.76135418e+01 -6.40672165e+00]
 [ 4.47957274e+01 -7.37365065e+00]
 [ 5.20416800e+01 -8.57058640e+00]
 [ 5.95228514e+01 -9.81414242e+00]
 [ 6.74773857e+01 -1.10792207e+01]
 [ 7.58958075e+01 -1.22324249e+01]
 [ 8.38725361e+01 -1.28826481e+01]
 [ 8.92129457e+01 -1.28999495e+01]]",End,1.012022972,9.190069599,0.336108474,1.941824663,0.140829797
191,"[[  0.           0.        ]
 [  5.24969265  -1.57496014]
 [ 12.83508736  -6.86830477]
 [ 23.44076546 -14.34725722]
 [ 36.84135508 -21.48918637]
 [ 51.09897449 -24.43671474]
 [ 55.99131253 -23.290878  ]]",End,0.496184111,1.321024454,0.330292627,0.872707193,0.410074069
192,"[[ 0.00000000e+00 -3.55271368e-15]
 [ 4.70099239e+00 -1.05585124e+00]
 [ 1.18662218e+01 -6.01451955e+00]
 [ 2.20702413e+01 -1.38405141e+01]
 [ 3.46010094e+01 -2.22485879e+01]
 [ 4.89726625e+01 -2.98481867e+01]
 [ 6.32681282e+01 -3.18899240e+01]
 [ 6.55457954e+01 -3.12239684e+01]]",End,0.610522032,1.239774485,0.211402503,1.966630172,0.473143482
193,"[[  0.           0.        ]
 [  4.19530258  -1.36370643]
 [ 11.51660908  -3.50338669]
 [ 19.54738755  -4.56778211]
 [ 26.78626184  -4.74695056]
 [ 33.28759017  -5.12712777]
 [ 39.66547682  -6.06024561]
 [ 46.44802672  -7.24318198]
 [ 53.86120371  -8.48360388]
 [ 61.78619433  -9.60550491]
 [ 69.41497789 -10.26412969]
 [ 75.38032439 -10.28403496]
 [ 76.72693546 -10.1504744 ]]",End,1.134351254,4.584224642,0.543778582,1.113214409,0.125206301
194,"[[  0.           0.        ]
 [  4.62121927  -1.70177393]
 [ 12.5000688   -6.1446345 ]
 [ 23.59060205 -11.5594738 ]
 [ 36.26057487 -16.69006976]
 [ 49.12015358 -20.07724644]
 [ 60.81759939 -19.65531484]
 [ 64.36871589 -17.54428464]]",End,0.908232927,1.482188188,0.316915362,0.462585439,0.267635746
195,"[[  0.           0.        ]
 [  5.44940453  -1.774945  ]
 [ 13.43557844  -5.69376566]
 [ 23.81134808  -9.87397789]
 [ 35.44823671 -12.69476421]
 [ 46.08890788 -12.61518329]
 [ 49.97631807 -10.98805743]]",End,0.81026268,1.048267368,0.404471817,0.520905429,0.211772016
196,"[[-7.10542736e-15  0.00000000e+00]
 [ 4.55490160e+00 -1.50891215e+00]
 [ 1.23247053e+01 -4.39641412e+00]
 [ 2.17898521e+01 -7.05482668e+00]
 [ 3.15802254e+01 -8.80516643e+00]
 [ 4.10121960e+01 -9.78252587e+00]
 [ 4.93241037e+01 -1.00564116e+01]
 [ 5.56110737e+01 -9.64647872e+00]
 [ 5.85252081e+01 -9.17274160e+00]]",End,0.702682734,6.990343078,0.378379249,2.872928155,0.150266229
197,"[[  0.           0.        ]
 [  4.46817575  -1.67751258]
 [ 12.34057152  -5.92038807]
 [ 23.36178515 -10.96073298]
 [ 35.81199467 -15.61506601]
 [ 48.26349992 -18.87357468]
 [ 59.93561698 -19.37668343]
 [ 67.05825841 -17.53490079]]",End,0.628305197,1.117451725,0.807574221,1.02125363,0.249444691
198,"[[  0.           0.        ]
 [  4.78342749  -1.45263659]
 [ 12.3009257   -6.28786638]
 [ 23.17364079 -13.07365818]
 [ 36.29326052 -20.0406705 ]
 [ 50.34339725 -25.51563251]
 [ 63.39623754 -25.54135111]
 [ 65.51067704 -23.97042859]]",End,0.658015966,1.201240446,0.175960909,0.823067994,0.363215109
199,"[[ 0.          0.        ]
 [ 3.98856744 -1.26440012]
 [11.33989619 -3.19800651]
 [19.28988618 -4.19275294]
 [26.35938433 -4.44004033]
 [32.86427667 -4.85038008]
 [39.40480916 -5.76175076]
 [46.46877485 -6.8820954 ]
 [53.70320655 -7.77961322]
 [60.18968262 -8.09963729]
 [64.7612038  -7.95536675]
 [65.52624348 -7.76764646]]",End,1.014558315,2.134824612,0.583450454,0.667945932,0.109638454
200,"[[  0.           0.        ]
 [  5.04387734  -1.29010933]
 [ 12.1793517   -3.01565346]
 [ 19.3701786   -3.41942849]
 [ 25.94501202  -3.42389971]
 [ 32.28411398  -4.02385433]
 [ 38.75858635  -5.0779012 ]
 [ 45.34542617  -6.12366696]
 [ 51.9492409   -7.09141291]
 [ 58.73400006  -8.04432088]
 [ 65.99788615  -9.0112138 ]
 [ 73.65621499  -9.83613046]
 [ 80.67221252 -10.18163722]
 [ 83.87652663 -10.06916592]]",End,1.131899834,1.556258854,0.741116448,0.551881072,0.11121168
201,"[[ 7.10542736e-15  0.00000000e+00]
 [ 5.04730705e+00 -1.22806993e+00]
 [ 1.26316049e+01 -3.45704437e+00]
 [ 2.12053223e+01 -5.31589997e+00]
 [ 2.98425053e+01 -6.42051346e+00]
 [ 3.82717559e+01 -7.02690385e+00]
 [ 4.57916474e+01 -7.10981152e+00]
 [ 5.12473088e+01 -6.68156023e+00]
 [ 5.32086766e+01 -6.28178646e+00]]",End,0.690651417,3.920513349,0.383686233,1.444892164,0.110848467
202,"[[  0.           0.        ]
 [  4.04128943  -1.95068305]
 [ 11.45221522  -8.49642323]
 [ 21.66193346 -18.8355923 ]
 [ 34.63171543 -27.76949543]
 [ 38.04532062 -29.25363013]]",End,0.638673782,1.070746807,0.052166939,1.624931087,0.767544148
203,"[[  0.           0.        ]
 [  5.78021769  -2.02873169]
 [ 13.80787959  -7.17699951]
 [ 24.82509575 -12.93035763]
 [ 37.76366695 -16.16872887]
 [ 45.20664711 -15.22548428]]",End,0.664221764,1.042733837,0.695656337,1.289634123,0.321409104
204,"[[  0.           0.        ]
 [  5.34523251  -1.22131131]
 [ 12.98910254  -6.11909926]
 [ 23.84409699 -13.19879057]
 [ 36.98521267 -20.18302643]
 [ 51.05664804 -27.44718657]
 [ 65.22320252 -34.18735921]
 [ 80.30612282 -36.82501441]
 [ 87.94874607 -34.69478043]]",End,1.033672571,1.136330081,0.557545494,0.839221285,0.388149194
205,"[[ 0.00000000e+00  1.77635684e-15]
 [ 4.29019569e+00 -1.64566295e+00]
 [ 1.21551962e+01 -5.47609202e+00]
 [ 2.28199835e+01 -9.68589392e+00]
 [ 3.45242109e+01 -1.31407469e+01]
 [ 4.60533230e+01 -1.54064498e+01]
 [ 5.64237599e+01 -1.62664837e+01]
 [ 6.45322988e+01 -1.57294085e+01]
 [ 6.84124318e+01 -1.48780127e+01]]",End,0.763068914,8.543171738,0.234084872,1.577472224,0.214053608
206,"[[  0.           0.        ]
 [  4.46667711  -1.6527293 ]
 [ 12.36568647  -5.2262716 ]
 [ 22.69529171  -8.97506172]
 [ 33.88739472 -11.8649022 ]
 [ 44.7643683  -13.46416702]
 [ 54.18190116 -13.54088237]
 [ 60.19353325 -12.53821311]
 [ 61.41700947 -11.97744471]]",End,0.695394516,1.577964712,0.170633847,2.026117229,0.192240081
207,"[[  0.           0.        ]
 [  3.84296961  -2.11277481]
 [ 11.26611309  -8.63327513]
 [ 21.12313216 -19.14251429]
 [ 34.19338857 -29.40206071]
 [ 38.78189436 -32.00333189]]",End,0.441835642,0.520155146,0.082962569,0.744647385,0.82307401
208,"[[-7.10542736e-15  0.00000000e+00]
 [ 5.12850361e+00 -1.52010338e+00]
 [ 1.29450870e+01 -4.51649955e+00]
 [ 2.24801842e+01 -7.43053519e+00]
 [ 3.26260329e+01 -9.37877532e+00]
 [ 4.23759700e+01 -9.99308917e+00]
 [ 4.98705514e+01 -9.26143625e+00]
 [ 5.26848607e+01 -8.39713446e+00]]",End,0.650894642,3.591329502,0.336388945,1.786856755,0.152999276
209,"[[  0.           0.        ]
 [  5.47806639  -1.73069149]
 [ 13.12816645  -7.40652549]
 [ 23.75029433 -15.27883853]
 [ 37.62111328 -21.84647363]
 [ 48.90071332 -22.95110783]
 [ 49.65457234 -22.33186535]]",End,0.668667793,0.966710868,0.149754773,1.497586601,0.446728459
210,"[[ 0.00000000e+00 -1.77635684e-15]
 [ 5.54693317e+00 -1.92283682e+00]
 [ 1.35743216e+01 -6.70662187e+00]
 [ 2.44770217e+01 -1.21748425e+01]
 [ 3.72717940e+01 -1.60123524e+01]
 [ 4.81127290e+01 -1.56723220e+01]
 [ 4.96649110e+01 -1.41990699e+01]]",End,1.206593513,1.540931262,0.146699712,0.539917647,0.282943629
211,"[[ 0.00000000e+00 -3.55271368e-15]
 [ 5.19986762e+00 -1.33629587e+00]
 [ 1.27505699e+01 -5.87725972e+00]
 [ 2.36207526e+01 -1.23032207e+01]
 [ 3.68095552e+01 -1.86559279e+01]
 [ 5.03598303e+01 -2.51842858e+01]
 [ 6.41708503e+01 -3.07461348e+01]
 [ 7.85237061e+01 -3.17850544e+01]
 [ 8.41544081e+01 -2.91899034e+01]]",End,0.894358397,1.239737793,0.418793396,1.953478911,0.341884765
212,"[[  0.           0.        ]
 [  5.35973739  -1.62311832]
 [ 12.87271766  -7.39800682]
 [ 23.2396596  -15.87842696]
 [ 37.13864887 -23.25942263]
 [ 48.59678522 -24.91059934]]",End,0.660458565,0.560415198,0.541854816,0.875785201,0.501447666
213,"[[  0.           0.        ]
 [  5.62499926  -1.27899157]
 [ 12.75295409  -2.91020842]
 [ 19.73694384  -3.18930509]
 [ 26.27431005  -3.239771  ]
 [ 32.75253287  -3.95249559]
 [ 39.41859201  -5.04450672]
 [ 46.1145056   -6.05774885]
 [ 52.64769566  -6.95876753]
 [ 59.11921615  -7.82179465]
 [ 65.88232089  -8.70988438]
 [ 73.20009756  -9.58478477]
 [ 80.62178802 -10.19614457]
 [ 87.02047031 -10.28525397]]",End,1.727175236,3.001430523,0.857504296,0.432845581,0.108339447
214,"[[  0.           0.        ]
 [  4.6829694   -1.15966273]
 [ 11.87008003  -6.31097369]
 [ 21.91289239 -14.39658884]
 [ 34.06174226 -23.32955205]
 [ 48.02455442 -32.00608371]
 [ 63.29014989 -35.59916171]
 [ 66.72707732 -35.17619294]]",End,0.629670382,1.011327712,0.199511044,1.053035045,0.524175242
215,"[[ 7.10542736e-15 -3.55271368e-15]
 [ 5.16298055e+00 -1.33984835e+00]
 [ 1.25001185e+01 -6.77123480e+00]
 [ 2.25090028e+01 -1.52552327e+01]
 [ 3.57346155e+01 -2.38218420e+01]
 [ 5.01532867e+01 -2.79487203e+01]
 [ 5.38293247e+01 -2.75808028e+01]]",End,0.581483841,0.516639644,0.20934258,0.288647019,0.508486042
216,"[[  0.           0.        ]
 [  3.98680988  -1.44204723]
 [ 11.51222536  -3.9822266 ]
 [ 20.33109542  -5.78921643]
 [ 28.6653558   -6.51893554]
 [ 36.26351198  -7.04967913]
 [ 43.59470886  -7.99126568]
 [ 51.17431787  -9.1869823 ]
 [ 58.77440832 -10.18612026]
 [ 65.55580815 -10.5947204 ]
 [ 70.38042176 -10.53841291]
 [ 71.25616729 -10.46231309]]",End,1.115107775,3.689410273,0.444746669,1.255531328,0.140585255
217,"[[ 0.00000000e+00  3.55271368e-15]
 [ 4.87852474e+00 -1.42536672e+00]
 [ 1.24272694e+01 -5.91578936e+00]
 [ 2.34050375e+01 -1.20714831e+01]
 [ 3.65634109e+01 -1.82446151e+01]
 [ 4.98309046e+01 -2.43729149e+01]
 [ 6.36244726e+01 -2.87488324e+01]
 [ 7.66651442e+01 -2.81408351e+01]
 [ 7.94836374e+01 -2.58777496e+01]]",End,0.764094353,2.606718725,0.139332805,1.667714353,0.323820319
218,"[[  0.           0.        ]
 [  4.75753437  -1.56610838]
 [ 12.41104309  -6.33879004]
 [ 23.44332474 -12.73945906]
 [ 36.53648003 -19.22778336]
 [ 50.29476373 -24.12740158]
 [ 63.1080421  -23.84808091]
 [ 65.45928583 -21.9406863 ]]",End,0.757025003,1.240432267,0.175237458,0.660680083,0.33250361
219,"[[  0.           0.        ]
 [  5.23618431  -1.4229642 ]
 [ 12.64400595  -6.86763881]
 [ 22.83264151 -15.13394115]
 [ 36.23407941 -23.22260447]
 [ 50.36385416 -26.66112456]
 [ 53.68159995 -26.10015601]]",End,0.597890854,1.350080451,0.21492627,1.354672135,0.482199297
220,"[[ 0.00000000e+00 -3.55271368e-15]
 [ 4.89417614e+00 -1.14112999e+00]
 [ 1.21195090e+01 -6.22291431e+00]
 [ 2.22066494e+01 -1.42555563e+01]
 [ 3.48560895e+01 -2.28258996e+01]
 [ 4.98384367e+01 -2.93709602e+01]
 [ 6.09831107e+01 -2.99007868e+01]]",End,0.810540676,1.344425746,0.530870652,1.987273268,0.48160738
221,"[[  0.           0.        ]
 [  4.64028497  -1.52017271]
 [ 12.26253476  -6.04020478]
 [ 23.35299344 -12.02823852]
 [ 36.42360874 -18.08705757]
 [ 49.58612715 -23.63808552]
 [ 63.41548141 -26.22021629]
 [ 73.61051946 -24.10084538]]",End,0.974109173,0.792789087,1.302790886,0.881728609,0.309711909
222,"[[-7.10542736e-15  3.55271368e-15]
 [ 5.12760274e+00 -1.31804278e+00]
 [ 1.24390531e+01 -6.78104650e+00]
 [ 2.23379874e+01 -1.54330094e+01]
 [ 3.54981846e+01 -2.42797978e+01]
 [ 4.98707109e+01 -2.86487555e+01]
 [ 5.32866916e+01 -2.83897743e+01]]",End,0.570118904,1.269716412,0.190229155,2.058485661,0.529204278
223,"[[  0.           0.        ]
 [  5.96231992  -1.32118127]
 [ 13.22544629  -3.13598726]
 [ 20.46944444  -3.65439641]
 [ 27.31729319  -3.75512496]
 [ 34.02353838  -4.43090959]
 [ 40.86131031  -5.51573264]
 [ 47.71475522  -6.56135064]
 [ 54.42256025  -7.51093955]
 [ 61.10518102  -8.43051683]
 [ 68.12212937  -9.37575421]
 [ 75.67771624 -10.28085038]
 [ 83.15559392 -10.85505941]
 [ 88.578915   -10.88958995]]",End,1.192458153,4.359163226,0.754828144,0.326843641,0.114415059
224,"[[ 0.00000000e+00  3.55271368e-15]
 [ 5.24547055e+00 -1.82935393e+00]
 [ 1.28313935e+01 -7.99890686e+00]
 [ 2.34965910e+01 -1.67757194e+01]
 [ 3.72451637e+01 -2.32263112e+01]
 [ 4.29545358e+01 -2.37757868e+01]]",End,0.453312159,0.477454954,0.230389183,0.575767081,0.548146945
225,"[[ 0.00000000e+00  3.55271368e-15]
 [ 4.97971789e+00 -1.58956674e+00]
 [ 1.23654501e+01 -7.59524693e+00]
 [ 2.24125008e+01 -1.70063557e+01]
 [ 3.62042254e+01 -2.55911418e+01]
 [ 4.51338868e+01 -2.78050756e+01]]",End,0.435512781,0.360070055,0.269928035,0.44369395,0.610077028
226,"[[ 0.00000000e+00 -3.55271368e-15]
 [ 5.20607205e+00 -1.41637719e+00]
 [ 1.25749164e+01 -7.00043889e+00]
 [ 2.25999086e+01 -1.56760178e+01]
 [ 3.60867337e+01 -2.41454073e+01]
 [ 4.94325954e+01 -2.74608434e+01]
 [ 5.13544134e+01 -2.70907456e+01]]",End,0.522153139,0.768472345,0.161666311,0.964698804,0.524377117
227,"[[  0.           0.        ]
 [  5.1384606   -1.53846316]
 [ 12.91858972  -4.71763028]
 [ 22.43428524  -7.50200684]
 [ 31.95660542  -8.8120175 ]
 [ 40.66070302  -9.40838655]
 [ 48.75279994 -10.27918466]
 [ 56.85068257 -11.58407845]
 [ 65.21910094 -12.9732534 ]
 [ 73.27772192 -13.95429096]
 [ 79.95372814 -14.27354797]
 [ 83.52663656 -14.38900531]]",End,0.968513489,8.062014004,0.00985036,3.007240108,0.172150532
228,"[[  0.           0.        ]
 [  5.11552932  -1.36196831]
 [ 12.50694468  -6.58659821]
 [ 22.8136495  -14.46677699]
 [ 35.95815518 -22.44498187]
 [ 50.83834146 -26.9107805 ]
 [ 57.57674435 -26.29467088]]",End,0.529183865,1.670226908,0.379592113,1.696475408,0.450096286
229,"[[  0.           0.        ]
 [  4.46881138  -1.63965218]
 [ 12.28970761  -5.86590899]
 [ 23.31949103 -10.93603965]
 [ 35.80895132 -15.65950873]
 [ 48.30129514 -19.2999543 ]
 [ 60.25058504 -20.76758703]
 [ 69.49767364 -19.60386479]
 [ 71.76489735 -18.26278399]]",End,0.90182066,3.078211963,0.089012455,1.287791128,0.253240403
230,"[[  0.           0.        ]
 [  4.92518941  -1.4443542 ]
 [ 12.23966618  -7.19386731]
 [ 21.84060597 -16.54587019]
 [ 35.02507399 -26.32933251]
 [ 47.83718636 -30.79720926]
 [ 48.99023523 -30.70555115]]",End,0.785945415,0.827943455,0.099039129,1.10134539,0.624747195
231,"[[ 0.00000000e+00  3.55271368e-15]
 [ 4.81671332e+00 -1.54536588e+00]
 [ 1.24998652e+01 -5.94954783e+00]
 [ 2.35501440e+01 -1.16614151e+01]
 [ 3.64872719e+01 -1.73043600e+01]
 [ 4.94747093e+01 -2.25366395e+01]
 [ 6.26229980e+01 -2.58417712e+01]
 [ 7.46828205e+01 -2.52057087e+01]
 [ 7.81248975e+01 -2.30474508e+01]]",End,0.986436367,1.265042972,0.182977071,0.651062132,0.292665648
232,"[[ 0.          0.        ]
 [ 4.97852112 -1.06080573]
 [12.42575822 -2.92635529]
 [20.48673604 -4.28592081]
 [28.30992231 -5.00625669]
 [36.0163568  -5.56282775]
 [43.28664538 -5.96583165]
 [49.50215729 -5.93773688]
 [53.29670734 -5.59844001]
 [53.82516962 -5.34580234]]",End,0.802727461,4.118063967,0.368834458,1.137619394,0.092465438
233,"[[ 0.          0.        ]
 [ 6.06836794 -1.64948025]
 [13.88952828 -5.07564865]
 [23.68671105 -8.35643247]
 [34.39526551 -9.70588911]
 [41.64743573 -8.68177231]
 [42.29867163 -7.95837477]]",End,0.537216663,1.174603741,0.100765876,1.914297715,0.185764909
234,"[[-7.10542736e-15 -3.55271368e-15]
 [ 5.02509677e+00 -1.26255620e+00]
 [ 1.22923993e+01 -6.69834359e+00]
 [ 2.19861309e+01 -1.54953055e+01]
 [ 3.47755448e+01 -2.48959308e+01]
 [ 4.95899762e+01 -3.04128066e+01]
 [ 5.40608462e+01 -3.04708188e+01]]",End,0.529965639,1.088053436,0.191595744,1.665671176,0.560095248
235,"[[  0.           0.        ]
 [  3.99354356  -2.26461164]
 [ 11.4626215   -8.67365651]
 [ 20.97520978 -19.03078638]
 [ 34.05194325 -30.14687647]
 [ 41.07400924 -34.24783217]]",End,0.435721636,0.426127715,0.103578113,0.843249855,0.831286127
236,"[[  0.           0.        ]
 [  5.97401998  -2.0148408 ]
 [ 13.98323103  -6.65138276]
 [ 24.74111929 -11.25717458]
 [ 36.33950211 -12.94363131]
 [ 40.75494112 -11.81907271]]",End,0.450733185,1.089082975,0.344106597,1.733866547,0.28156012
237,"[[  0.           0.        ]
 [  5.07007036  -2.19816111]
 [ 12.8884466   -8.67909434]
 [ 24.14902251 -16.70965252]
 [ 35.45931129 -20.55104474]
 [ 36.54236471 -20.24575479]]",End,0.446464062,0.725125675,0.025100567,0.381447646,0.553348268
238,"[[  0.           0.        ]
 [  4.33055842  -1.48489911]
 [ 11.92969028  -4.29682331]
 [ 21.04588057  -6.47219928]
 [ 29.8568085   -7.37267616]
 [ 37.82265789  -7.8933548 ]
 [ 45.36640614  -8.81374887]
 [ 53.12816365 -10.09623919]
 [ 61.17972496 -11.35753954]
 [ 68.79750031 -12.12495028]
 [ 74.85298578 -12.25896449]
 [ 77.29012164 -12.25300057]]",End,0.98118186,4.538211956,0.302132607,1.813532698,0.154623485
239,"[[  0.           0.        ]
 [  3.82329638  -2.12985411]
 [ 11.24918046  -8.65695271]
 [ 21.09749146 -19.17795783]
 [ 34.15538802 -29.48306508]
 [ 38.72962921 -32.11606428]]",End,0.432548761,0.546632695,0.082050882,0.78376298,0.827119031
